Dataset,Sample_ID,Z_Score_Natural,PPL_Natural,Z_Score_KGW,PPL_KGW,Text_KGW,Z_Score_KGW-selfhash,PPL_KGW-selfhash,Text_KGW-selfhash,Z_Score_SWEET,PPL_SWEET,Text_SWEET,Z_Score_DiPmark,PPL_DiPmark,Text_DiPmark,Z_Score_Unigram,PPL_Unigram,Text_Unigram,Z_Score_SemStamp,PPL_SemStamp,Text_SemStamp,Z_Score_Smooth,PPL_Smooth,Text_Smooth,Z_Score_PublicDetect,PPL_PublicDetect,Text_PublicDetect,Z_Score_Unforgeable,PPL_Unforgeable,Text_Unforgeable,Z_Score_Gumbel,PPL_Gumbel,Text_Gumbel,Z_Score_Transform,PPL_Transform,Text_Transform,Z_Score_WaterMax,PPL_WaterMax,Text_WaterMax
Wiki_Academic,1,0.0,8.289,-1.463,6.65," Senjō no Valkyria 3 : Unrecorded Chronicles ( Japanese : 戦場のヴァルキュリア3 : 特異版, Kanji : 特異版, Nihongo : 戦場のヴァルキュリア3 ) is a third installment in the Senjō no Valkyria",0.0,9.589," Senjō no Valkyria 3 : Unrecorded Chronicles ( Japanese : 戦場のヴァルキュリア3: 結末論評版 ) is the fourth game in the Senjō no Valkyria series, the final game of the trilogy. Despite being developed under the name Senjō no Valkyria 4",-1.463,6.65," Senjō no Valkyria 3 : Unrecorded Chronicles ( Japanese : 戦場のヴァルキュリア3 : 特異版, Kanji : 特異版, Nihongo : 戦場のヴァルキュリア3 ) is a third installment in the Senjō no Valkyria",1.238,7.829," Senjō no Valkyria 3 : Unrecorded Chronicles ( Japanese : 戦場のヴァルキュリア3: Unrecorded Chronicle, English : Valkyrie Chronicles 3: Unrecorded Chronicle, English Name : Valkyrie Chronicles 3) is a third game in the Valkyrie Chronicles series of video games. It was originally planned to be released for the PlayStation 2. However, due",2.363,7.965," Senjō no Valkyria 3 : Unrecorded Chronicles ( Japanese : 戦場のヴァルキュリア3 : 発行版 ) is a role-playing video game developed and published by Sega. It was released on December 22, 2016 for PlayStation 4, Xbox One, Nintendo Switch, and Windows PC. The game was released as an Xbox",8.5,7.533," Senjō no Valkyria 3 : Unrecorded Chronicles ( Japanese : 戦場のヴァルキュリア3: アンドロイドバトル) is the third game in the Senjou no Valkyria series. It was released on the PlayStation 4 and Nintendo Switch on December 17, 2018.

Gameplay

The gameplay",0.0,11.067," Senjō no Valkyria 3 : Unrecorded Chronicles ( Japanese : 戦場のヴァルキュリア3 : アニメーターエッセイ・心札) is an add-on to the JRPG Senjou no Valkyria 3: Requiem of the Holy Spirit. It was released on April 16,",0.0,8.796, Senjō no Valkyria 3 : Unrecorded Chronicles ( Japanese : 戦場のヴァルキュリア3:ウォールジー) ( English : Valkyria Chronicles 3: Unrecorded Chronicles) ( Latin : Valkyria Chronicles 3: Unrecorded Chronicles) ( Cyrillic : Выскрелить ,0.0,10.735, Senjō no Valkyria 3 : Unrecorded Chronicles ( Japanese : 戦場のヴァルキュリア3: ビルキュリアエクステリアノブレム 3) : ソントロアワーズ ( English : Valkyrie Profile: Unrecorded Chronicles) : ソントロアワーズ,0.0,12.991," Senjō no Valkyria 3 : Unrecorded Chronicles ( Japanese : 戦場のヴァルキュリア3 野球ルールレーラー ) is the eighth official game of the Senjō no Valkyria franchise. It was released on March 22, 2005. While both versions of the game were available for limited release in Japan",0.0,24.245," Senjō no Valkyria 3 : Unrecorded Chronicles ( Japanese : 戦場のヴァルキュリア3: 忍達船真の宝電)

Yoshimitsu

Junjū Shinsei Drill (Yujutsu Danaen Ni)

Senjō no Valkyria 3 : Unrecorded",-0.001,8.418," Senjō no Valkyria 3 : Unrecorded Chronicles ( Japanese : 戦場のヴァルキュリア3: アンドロイドバトル) is the Japanese title for the fifth installment in the Senjou no Valkyria series of video games. It was released on December 17, 2018 for PlayStation 4 and Xbox One. It"
Wiki_Academic,2,0.0,14.007,0.563,13.237," The game began development in 2010, carrying over a large portion of the work done on Valkyria Chronicles II. While it retained the standard features that make a Valkyria title, such as the battles and the character customization, a large amount of gameplay was rebuilt using the brand new Unreal 3 engine.

The game is set during the ""Second World War"", a conflict which was still",0.0,11.07," The game began development in 2010, carrying over a large portion of the work done on Valkyria Chronicles II. While it retained the standard features of the franchise, such as its story-based gameplay, characters, music, and visuals, the game features new gameplay elements, as well as some additions, such as the addition of multiplayer for the first time.

Although the game was released",0.788,11.668," The game began development in 2010, carrying over a large portion of the work done on Valkyria Chronicles II. While it retained the standard features that make a Valkyria title, such as the battles and the character customization, a large amount of gameplay was rebuilt using the brand new Unreal 3 Engine.

, carrying over a large portion of the work done on. While it retained the",2.813,10.866," The game began development in 2010, carrying over a large portion of the work done on Valkyria Chronicles II. While it retained the standard features of the first game such as a turn-based battlefield and a squad-based gameplay, the focus of the game was on squad-based gameplay, with the idea being that players would be working as a team, helping each other in a variety of",4.163,9.744," The game began development in 2010, carrying over a large portion of the work done on Valkyria Chronicles II. While it retained the standard features of its predecessor, it also introduced new features, such as a focus on squad composition, an integrated combat system, and an expanded cast of characters. The game was released on PS3, PS Vita, Xbox 360, Xbox One, Nintendo 3DS",8.5,14.007," The game began development in 2010, carrying over a large portion of the work done on Valkyria Chronicles II. While it retained the standard features of the franchise, the game also received many gameplay enhancements, such as improved visuals and more refined gameplay mechanics. The game's story took place during the same timeframe as the original game though with a new ending.

The game is now available for",0.0,11.518," The game began development in 2010, carrying over a large portion of the work done on Valkyria Chronicles II. While it retained the standard features such as unit and mission creation, the game was initially scheduled to release in 2012, but the release was pushed back to early 2013. In January 2013 it was delayed again to early 2014. In March 2013 the game was once again delayed, this time",0.0,14.059," The game began development in 2010, carrying over a large portion of the work done on Valkyria Chronicles II. While it retained the standard features of a turn- based strategy game, the gameplay of all characters is different. Like in the original, the player starts with one character, and can recruit other characters with experience points or with money. The story is also similar to the original, although",0.0,12.307," The game began development in 2010, carrying over a large portion of the work done on Valkyria Chronicles II. While it retained the standard features of the franchise such as real-time tactical gameplay, the characters were changed to women, the title was changed to Valkyria Chronicles 4, and it received a remaster on the PlayStation 4, the PlayStation 4 version of the game, named """,-1.223,20.222," The game began development in 2010, carrying over a large portion of the work done on Valkyria Chronicles II. While it retained the standard features of the original, like an open world campaign and FMVs, it also employed a fictional, pseudo-linear narrative structure, instead opting to focus on an individual soldier.

Throughout the game, the player will leave their fallen comrades behind to fight",-2.335,43.426," The game began development in 2010, carrying over a large portion of the work done on Valkyria Chronicles II. While it retained the standard features of the Valkyrie Chronicles series, the gameplay is reportedly closer toPS Vita (especially given the addition of the HW controller‎ ). Like the previous games, units can equip weapons while on the move.Single player mode‎ The campaign unfolds within a",0.525,15.039," The game began development in 2010, carrying over a large portion of the work done on Valkyria Chronicles II. While it retained the standard features of the previous game, the graphics are new, the gameplay is more intense, and the story has been expanded. The plot takes place in a futuristic setting following a rebellion against the ruling world of the Empire, and the game expands on the background of"
Wiki_Academic,3,0.0,7.981,-1.238,15.276," It met with positive sales in Japan, and was praised by both Japanese and western critics. After release, it received downloadable content, along with an ""Ultimate Collector's Edition"" edition, which included the original game, an alternate ending, and a poster in a ""Manga Room"" display. In addition, a ""Korean Edition"" was released on November 2, 2008, which was exclusive",0.0,12.589," It met with positive sales in Japan, and was praised by both Japanese and western critics. After release, it received downloadable content, along with an ""enhanced edition"".

The story centers on a nameless character who is a member of The Society, a supernatural organization which, in their words, ""protects the world from the evils of the supernatural"". The player takes the",-1.238,15.276," It met with positive sales in Japan, and was praised by both Japanese and western critics. After release, it received downloadable content, along with an ""Ultimate Collector's Edition"" edition, which included the original game, an alternate ending, and a poster in a ""Manga Room"" display. In addition, a ""Korean Edition"" was released on November 2, 2008, which was exclusive",1.463,10.074," It met with positive sales in Japan, and was praised by both Japanese and western critics. After release, it received downloadable content, along with an enhanced version for the PlayStation 3 on November 15, 2009. It was re-released for the PlayStation 4 in Japan on March 25, 2017.

The original release was based on the first game and its sequel. A third game was never released",3.0,19.805," It met with positive sales in Japan, and was praised by both Japanese and western critics. After release, it received downloadable content, along with an additional map and an additional costume pack. It also received a sequel on Xbox One and Nintendo Switch.",8.5,7.981," It met with positive sales in Japan, and was praised by both Japanese and western critics. After release, it received downloadable content, along with an additional map and characters. The game was released on the PlayStation 3 in Japan on March 28, 2011, in Europe on April 22, 2011, in North America on May 7, 2011, and on the PlayStation Vita in North America on May 20,",0.0,11.133," It met with positive sales in Japan, and was praised by both Japanese and western critics. After release, it received downloadable content, along with an add-on that brought it up to date at the end of the game. The sequel, released in 1989, is a prequel to the original.

Wakfu is an online fantasy MMORPG that is currently in beta. It is",0.0,17.766," It met with positive sales in Japan, and was praised by both Japanese and western critics. After release, it received downloadable content, along with an additional map and characters. The game is also known as a spin-off of Final Fantasy XII.

Aquarium Park : A Garden Story was developed by Square Enix and published by Nintendo and developed by the Nintendo DS. On 11 March 2008",0.0,23.729," It met with positive sales in Japan, and was praised by both Japanese and western critics. After release, it received downloadable content, along with an additional map (and game modes ) for free. It also garnered some attention from fans of the series'in general, as well as of the character design. It also had a sequel, and a manga series that ran from November 2009 until March 2018",0.111,24.737," It met with positive sales in Japan, and was praised by both Japanese and western critics. After release, it received downloadable content, along with an update to fix bugs.

Gameplay
In the single-player campaign, you must avenge your wife's love interests in South Town, which has become unbalanced after it's fate was sealed. Your wife's amorous sins are revealed by",-0.523,86.867," It met with positive sales in Japan, and was praised by both Japanese and western critics. After release, it received downloadable content, along with an additional adventure ( Wolf Curse II)...... Neha Bhatia

 we will continue to support years after release. Including online multiplayer, more Unequivalently heroic EE content, and all the expansion packs and story expansions planned ""

",1.362,11.115," It met with positive sales in Japan, and was praised by both Japanese and western critics. After release, it received downloadable content, along with an additional map and modes. The game was released on the PlayStation 3 and Xbox 360 in December 2009.

A sequel was initially planned, but was scrapped after the first game was released.

Plot
A mysterious government organization called ""The Bureau"
Wiki_Academic,4,0.0,14.07,0.113,16.124," As with previous Valkyira Chronicles games, Valkyria Chronicles III is a tactical role @-@ playing game where players take control of a squad of elite soldiers, with which they will battle their way from a foreign world to their home.
Valkyria Chronicles III has a strong focus on story, with a lot of cutscenes between battles.
The gameplay has also been refined,",0.0,17.085," As with previous Valkyira Chronicles games, Valkyria Chronicles III is a tactical role @-@ playing game where players take control of a squad of female soldiers, the main objective of the game is clear : take back the Holy Roman Empire from the hands of the Templars who are pushing for the total destruction of the Empire. The game begins when the Emperor of Germany and his army are",1.238,15.295," As with previous Valkyira Chronicles games, Valkyria Chronicles III is a tactical role @-@ playing game where players take control of a squad of elite soldiers, with which they will battle their way from a foreign world to their homeland.

The game features story-driven missions, and is the third installment in the popular series - a series in which players take control of a squad",3.488,16.997," As with previous Valkyira Chronicles games, Valkyria Chronicles III is a tactical role @-@ playing game where players take control of a squad of elite soldiers from an unnamed country. Players must fight through a variety of battlefields to achieve their goal of liberating a town from an invading force. Players must use the environment in a variety of ways and manage their units efficiently as each battlefield has",3.713,18.515," As with previous Valkyira Chronicles games, Valkyria Chronicles III is a tactical role @-@ playing game where players take control of a squad of four soldiers, along with an elite squad of 20 or so other soldiers, in an effort to bring freedom back to Europe. Players command their squad's weapons, their tactics, their equipment, their squad's morale, their squad's positioning,",8.5,13.618," As with previous Valkyira Chronicles games, Valkyria Chronicles III is a tactical role @-@ playing game where players take control of a squad of characters. The squad is divided into three different units: a Sniper, an Assault, and a support. Each unit has its own set of skills that they can use, and these skills are used to attack enemies and improve their strength.
",0.0,17.609," As with previous Valkyira Chronicles games, Valkyria Chronicles III is a tactical role @-@ playing game where players take control of a valkyrie and lead a squad of 6 in battle. Valkyria Chronicles 3 is in similar gameplay style as the previous titles in the series, however it is an RPG with a turn based combat system, which makes it a tactical turn based role-",0.0,12.526," As with previous Valkyira Chronicles games, Valkyria Chronicles III is a tactical role @-@ playing game where players take control of a squad of four different units with unique strengths and weaknesses. Valkyria Chronicles III was released in Japan on February 16, 2012 and in North America on February 27, 2012, with both versions receiving a Western release in North America on April 19, 2012",0.0,33.088," As with previous Valkyira Chronicles games, Valkyria Chronicles III is a tactical role @-@ playing game where players take control of a valkyrie and lead a squad of 6-10 characters using various weapons and tactics to fight off the enemy...",0.0,30.49," As with previous Valkyira Chronicles games, Valkyria Chronicles III is a tactical role @-@ playing game where players take control of a squad of 5 or 10 people. In Valkyria Chronicles III players play (virtual) generals in a fictional war based on the Battle of Navarone of World War II.The increase of base store is due to the fact that there's",0.0,51.559," As with previous Valkyira Chronicles games, Valkyria Chronicles III is a tactical role @-@ playing game where players take control of a squad of elite soldiers trained since birth, through the harrowing time of WW II, especially all those essential missions to liberate populated cities from extinction during the pursuit for freedom and victory. However, their position in the frontline is precarious due to being surrounded and amb",-0.46,23.56," As with previous Valkyira Chronicles games, Valkyria Chronicles III is a tactical role @-@ playing game where players take control of a squad of four characters to lead the nation of Zeon, which is undergoing major restructuring following a massive space-battle. The squad consists of three infantry soldiers and one specialized fighter (a heavy assault unit, similar to the Gunpla in Gundam SE"
Wiki_Academic,5,0.0,16.594,0.0,11.941," The game's battle system, the BliTZ system, is carried over directly from Valkyira Chronicles. During missions, players select their battle units from a limited pool of available units. The game features multiple battle systems.

, is carried over directly from Valkyria Chronicles.

, is carried over directly from Valkyria Chronicles.

The game includes the",0.0,22.448," The game's battle system, the BliTZ system, is carried over directly from Valkyira Chronicles. During missions, players select one battle. During battle, players can attack their opponents in real time. During battle, players are able to choose from multiple formations or classes of characters.

Story :

World War II is raging, with the world in the balance.",0.0,9.641," The game's battle system, the BliTZ system, is carried over directly from Valkyira Chronicles. During missions, players select their battle units from a limited pool of available units. The game features multiple battle systems.

, is carried over directly from Valkyria Chronicles. During missions, players select their battle units from a limited pool of available units. The game features",2.393,12.11," The game's battle system, the BliTZ system, is carried over directly from Valkyira Chronicles. During missions, players select which weapon to carry when they are not in a battle.

The camera can be turned off.

The camera can be turned off.

The camera can be turned off.

The camera can be turned off.

",4.076,24.109," The game's battle system, the BliTZ system, is carried over directly from Valkyira Chronicles. During missions, players select one of three parties of warriors to command on screen. Each warrior has its own unique skill set, which depends on its equipment, or ability, The player must choose which of his warriors to use on the missions, which can involve battles against multiple foes",8.5,16.594," The game's battle system, the BliTZ system, is carried over directly from Valkyira Chronicles. During missions, players select a battle of up to 20 characters to engage in. It is also possible to create teams of up to five characters, and select one of the five characters as the leader of the match. In battle, each character can use basic attacks and special moves",0.0,24.36," The game's battle system, the BliTZ system, is carried over directly from Valkyira Chronicles. During missions, players select one battle of up to 20 battles and the game then calculates the best possible strategies within the time limit of the mission. It is also possible to choose the enemy, and the enemy's special ability. The missions are split into groups and the game assigns",0.0,20.128," The game's battle system, the BliTZ system, is carried over directly from Valkyira Chronicles. During missions, players select a battle system from the available options to engage with enemies. In addition, the game also has an enhanced version of the Battle system.

 The story of Valkyrie Chronicles is a retelling of a story from the original Ragnarok story arc in Norse mythology",0.0,18.672," The game's battle system, the BliTZ system, is carried over directly from Valkyira Chronicles. During missions, players select either one of six playable characters to command on the battlefield or work together in the command center. During a mission, the characters are controlled in the same way as in Valkyria Chronicles by the user's own choice. However, the battle system has",0.0,38.19," The game's battle system, the BliTZ system, is carried over directly from Valkyira Chronicles. During missions, players select suit types from a hack 'n slash battle system rather than choosing characters from the game and using combos and special moves we see in Valkyria Chronicles. Though they are minor similarities, the main battle system is different. Directly in the following screenshots",0.0,28.163," The game's battle system, the BliTZ system, is carried over directly from Valkyira Chronicles. During missions, players select one of up to four units to complete the mission. The command critical gauge fills whenever an ally is hurt or destroyed, and spends a limited portion of their gauge when an enemy is taken to zero HP. Additionally, when only one enemy is left,",0.037,17.688," The game's battle system, the BliTZ system, is carried over directly from Valkyira Chronicles. During missions, players select one of two characters, and the second character is the main character, and can switch any time during the fight. Players have a wide range of options to select from during combat, including the BliTZ system, in which players can unleash a"
Wiki_Academic,6,0.0,9.65,1.013,10.847," Troops are divided into five classes : Scouts, Shocktroopers, Engineers, Lancers and Armored Soldier. Troopers can switch classes by changing the class of their helmet.

Troopers can perform various tasks such as search and destruction, assault, and support. Troopers are responsible for capturing enemy bases and defending them.

Troopers are divided into five classes : Scouts, Shock",0.0,25.143," Troops are divided into five classes : Scouts, Shocktroopers, Engineers, Lancers and Armored Soldier. Troopers can switch classes by changing the class of the vehicle they are driving.",0.788,12.406," Troops are divided into five classes : Scouts, Shocktroopers, Engineers, Lancers and Armored Soldier. Troopers can switch classes by changing the class of their helmet.

Troopers can perform various tasks such as search and destroy, mine laying and demolition. They have many tools to help them carry out their tasks such as the mortar, the anti-tank gun and the anti-",1.463,6.018," Troops are divided into five classes : Scouts, Shocktroopers, Engineers, Lancers and Armored Soldier. Troopers can switch classes by changing equipment.

Troops come with several upgrades.

Troops come with several upgrades.

Troops come with several upgrades.

Troops come with several upgrades.

Troops come with several upgrades.

Tro",3.038,15.365," Troops are divided into five classes : Scouts, Shocktroopers, Engineers, Lancers and Armored Soldier. Troopers can switch classes by changing their Helmet which has two different appearances : one for Support and one for Combat. Each Trooper has its own unique abilities : Scout has the ability to pick up items from his environment, Shocktrooper has the ability to use his power charge as an offensive",8.5,9.65," Troops are divided into five classes : Scouts, Shocktroopers, Engineers, Lancers and Armored Soldier. Troopers can switch classes by changing the class card.

Troops have different abilities, which can be upgraded by collecting resources.

Troops are equipped with different tools, which can be used to damage or destroy the enemy.

Troops can be upgraded in different",0.0,13.718," Troops are divided into five classes : Scouts, Shocktroopers, Engineers, Lancers and Armored Soldier. Troopers can switch classes by changing their weapon and grenades. Each class has their own unique abilities, but the basic ability of all Troopers is to use their grenades and their weapon to assault the enemy base. Troopers also have the power of the Ion Grenade and the Ion Blaster which",0.0,13.035," Troops are divided into five classes : Scouts, Shocktroopers, Engineers, Lancers and Armored Soldier. Troopers can switch classes by changing the equipment used.

The player has the choice between three weapons : Rifle, Shotgun and Rocket launcher.
Three types of weapons : Assault Rifle, Shotgun and Rocket launcher can be selected.
The player has the chance to get new weapons by",0.0,14.409," Troops are divided into five classes : Scouts, Shocktroopers, Engineers, Lancers and Armored Soldier. Troopers can switch classes by changing the weapon used.

The player can choose his/her own equipment during the match, including a shield and different types of weapons. If the player is killed by an enemy, the soldier respawns automatically. If the player dies, he will",0.0,29.717," Troops are divided into five classes : Scouts, Shocktroopers, Engineers, Lancers and Armored Soldier. Troopers can switch classes by changing their ammo. They can upgrade their Troopers with items that are obtained during matches. Overextended Troopers can enter into a repaired vehicle and rejoin a match. Optimal weapon loadout revolves through infantry weapons for Scouts, Support weapons for",0.0,33.247," Troops are divided into five classes : Scouts, Shocktroopers, Engineers, Lancers and Armored Soldier. Troopers can switch classes by changing location at the back of their health pack. To see which class your Trooper is, press - for Arsenal and - for Troop. Press - again to see which of the five classes you areavalancheattacktrooper infantrywindowsxp-svg",1.004,14.538," Troops are divided into five classes : Scouts, Shocktroopers, Engineers, Lancers and Armored Soldier. Troopers can switch classes by changing the class symbol on the troop card.

Army

Army consists of both infantry and armor units. Infantry troops are light and fast and are the most common unit. Infantry are the backbone of any army and are what keeps the armor in line"
Wiki_Academic,7,0.0,15.091,0.342,14.813," The game takes place during the Second Europan War. Gallian Army Squad 422, also known as "" The Nameless "", are a penal battalion of the French Army.

, also known as "" "", are a penal battalion of the French Army. In the game the unit's name is changed to be more ambiguous and their nationality is never specified; it is implied that Gallian",0.0,32.041," The game takes place during the Second Europan War. Gallian Army Squad 422, also known as "" The Nameless "", are a penal battalion, having no name, who have been formed and led by Colonel Félix Clément. They are the only unit that use both pistols and rifles. Their weapons include the HMG 10mm, MG36, MG4 ( in",0.342,14.813," The game takes place during the Second Europan War. Gallian Army Squad 422, also known as "" The Nameless "", are a penal battalion of the French Army.

, also known as "" "", are a penal battalion of the French Army. In the game the unit's name is changed to be more ambiguous and their nationality is never specified; it is implied that Gallian",3.9,24.037," The game takes place during the Second Europan War. Gallian Army Squad 422, also known as "" The Nameless "", are a penal squad who are sent out to kill every ""Lich "" they encounter in a town or city, for no reason other than ""Lichs are evil"", they are usually called ""Lich Hunters"", they are usually called ""Lich",4.217,26.319," The game takes place during the Second Europan War. Gallian Army Squad 422, also known as "" The Nameless "", are a penal battalion of the "" Parachute Division "". During their training, they learn about secret operations, stealth techniques, and the various weapons they use. They also learn about the secret files of their commanding officer, who was executed several years ago. They",8.5,15.091," The game takes place during the Second Europan War. Gallian Army Squad 422, also known as "" The Nameless "", are a penal battalion of the French Army. The squad were recruited and trained by the Nazi Germany and used to fight the Soviet Union during the second world war.

Contents show]

Summary Edit

In 1941, shortly after the attack on Pearl Harbor",0.0,18.375," The game takes place during the Second Europan War. Gallian Army Squad 422, also known as "" The Nameless "", are a penal regiment and part of the First Army. The regiment is assigned to the First Army and has it's headquarters in Gallia. The regiment's main combat task is to destroy enemy forces and installations and to provide support to the ground forces of the First Army",0.0,21.798," The game takes place during the Second Europan War. Gallian Army Squad 422, also known as "" The Nameless "", are a penal battalion of the German army that has been created for a special task. Their task is to kill civilians in occupied France and Belgium with the sole intent of ensuring peace for Germany. The unit's motto is "" Die Nameless holt nichts vom",0.0,20.734," The game takes place during the Second Europan War. Gallian Army Squad 422, also known as "" The Nameless "", are a penal squad of men, who are sent to the front of World War II to eliminate and destroy any threat of German invasion in the Eastern Europe. As part of this mission, the squad has to find new recruits, who are willing to fight even if they",-0.171,79.425," The game takes place during the Second Europan War. Gallian Army Squad 422, also known as "" The Nameless "", are a penal Legion consisting of disgraced officers from corporate command structures in the service of the Galactic Republic of  Estonia, or simply "" Estonia,"" and Russified Slums. They have been specifically tasked with poaching and exterminating Federation Forces in The Federal Unit ""L",-0.014,33.054," The game takes place during the Second Europan War. Gallian Army Squad 422, also known as "" The Nameless "", are a penal regiment consisting of officers and soldiers from all over Europe who were supposed to fight against the Union and Germany but served during the war as mercenaries for both sides. Their commander, General Steve Denise Gallian, assumes command of the British 3rd Infantry Division and",-0.717,18.815," The game takes place during the Second Europan War. Gallian Army Squad 422, also known as "" The Nameless "", are a penal battalion of the French Army. The mission to secure a bridgehead on the upper Rhine River, and a nearby French Army base, has been entrusted to them. However, two of their men have gone missing, and the rest of the battalion is"
Wiki_Academic,8,0.0,14.197,0.113,14.639," As the Nameless officially do not exist, the upper echelons of the Gallian Army exploit the concept of plausible deniability in order to protect their secret identities. Most of the time they are unaware of each other's existence, but an incident caused by one of them may lead to discovery of their true identities.

As the Nameless, a member of the upper echelons",0.0,23.593," As the Nameless officially do not exist, the upper echelons of the Gallian Army exploit the concept of plausible deniability in order to protect themselves and their family.
But I thought the Nameless were just an idea, and a very bad one at that.",-0.563,19.099," As the Nameless officially do not exist, the upper echelons of the Gallian Army exploit the concept of plausible deniability in order to protect their secret identities. Most of the time they are unaware that their actions are being watched, and when they do become aware, they employ the more traditional methods of deception to hide their identities. In this, a number of officers were seen using the",3.038,19.878," As the Nameless officially do not exist, the upper echelons of the Gallian Army exploit the concept of plausible deniability in order to maintain the status quo and their secret identities. One such individual is the infamous Roman Emperor Hadrian. Though he is known by history as a brutal conqueror, Hadrian has been revealed to be an undercover agent for the United States to maintain the status",4.163,25.106," As the Nameless officially do not exist, the upper echelons of the Gallian Army exploit the concept of plausible deniability in order to deny any role or involvement of their forces. It was noted that if they were seen attending any event which would point to their presence they would deny any knowledge of it. The reason behind this was given as, if someone was known to attend they would",8.5,14.011," As the Nameless officially do not exist, the upper echelons of the Gallian Army exploit the concept of plausible deniability in order to protect the secret of the Nameless. They also exploit the concept of the Nameless to their advantage by using the Nameless to obtain information from other sources.

While not explicitly stated, the official policy of the Gallian Army is to not",0.0,20.681," As the Nameless officially do not exist, the upper echelons of the Gallian Army exploit the concept of plausible deniability in order to deny the existence of the Army

The Nameless

The Nameless will become a reality very soon. The Numerical Force will not be used in combat but instead it will become the logistical, administrative and communication backbone of the Gallian",0.0,20.851," As the Nameless officially do not exist, the upper echelons of the Gallian Army exploit the concept of plausible deniability in order to protect the true identities of those who have been given the rank of Lieutenant. They will often place a Lieutenant at the head of a brigade, and use that person to take charge of a smaller unit, with this technique allowing the true identities of those who",0.0,20.355," As the Nameless officially do not exist, the upper echelons of the Gallian Army exploit the concept of plausible deniability in order to ensure that the Nameless Army is able to remain operational.
I was referring more to the fact that all of the Nameless Army units can not even be identified in any pictures or documents they can not even be named.
So the Nameless",0.0,44.468," As the Nameless officially do not exist, the upper echelons of the Gallian Army exploit the concept of plausible deniability in order to continue ruling safely and eliminate threats against the Empire and the Inscribed worlds like Nameless.    Source: This is what it's portrayed as.
Interesting theory, but do these assumptions work as well in the reality present in-un",0.0,60.125," As the Nameless officially do not exist, the upper echelons of the Gallian Army exploit the concept of plausible deniability in order to avoid angering a UN comic. Hell I'm sure there are even meets in the basement  library to discuss these topics privately!
Well now that is a great idea!   We meet at 5, pm central, basement library.
Great",-1.12,16.493," As the Nameless officially do not exist, the upper echelons of the Gallian Army exploit the concept of plausible deniability in order to protect the safety and security of the state.

The Nameless are a highly-trained group of soldiers from all branches of the Gallian Army. Their skills come from a life in the field and the experience of the many missions they have successfully"
Wiki_Academic,9,0.0,14.215,0.338,13.124," Partly due to these events, and partly due to the major losses in manpower Gallia suffers towards the end of the war with the Empire, the Imperial Army is ordered to withdraw from its main front and begin a retreat through the hinterland of Gallia. With the Imperial Army retreating in a counter-offensive, Gallia does not have enough manpower to defend itself against a major counter-",0.0,20.394," Partly due to these events, and partly due to the major losses in manpower Gallia suffers towards the end of the war with the Empire, the Republic's resources are stretched.
That's how I figured it, and that's why I went for it.  Thank you.",0.338,13.124," Partly due to these events, and partly due to the major losses in manpower Gallia suffers towards the end of the war with the Empire, the Imperial Army is ordered to withdraw from its main front and begin a retreat through the hinterland of Gallia. With the Imperial Army retreating in a counter-offensive, Gallia does not have enough manpower to defend itself against a major counter-",2.813,13.58," Partly due to these events, and partly due to the major losses in manpower Gallia suffers towards the end of the war with the Empire, the Imperial Guard is forced to reduce its strength in favor of more important tasks. One of these is the occupation of the Imperial Palace in Vienna, a place which was occupied by the Imperial Guard in the last years of the Imperial era. One of the",1.688,19.258," Partly due to these events, and partly due to the major losses in manpower Gallia suffers towards the end of the war with the Empire, as the army is almost totally depleted. It is also said that many of the Generals fell from exhaustion. The last major battle of the campaign was on 15 October, when an Imperial Guard regiment routed an infantry regiment of Galli army and routed an",8.5,12.573," Partly due to these events, and partly due to the major losses in manpower Gallia suffers towards the end of the war with the Empire, the Germanic tribes have to withdraw from the main front and begin to focus on defense of their own territories. The result is that the two Germanic tribes, the Franks and the Vandals, split in two. The Franks are to the west,",0.0,14.089," Partly due to these events, and partly due to the major losses in manpower Gallia suffers towards the end of the war with the Empire, the Germanic tribes have managed to rearm and expand into the central Germanic territories, with the exception of the Rhine Province of course. The tribes have also been growing in size, with the exception of the Rhine Province of course. There",0.0,20.265," Partly due to these events, and partly due to the major losses in manpower Gallia suffers towards the end of the war with the Empire, the German army is almost completely destroyed by its own mutinies and attrition, the remnants are forced to seek their fortunes in the North against the North Germans, the remnants are heavily outnumbered by the North Germans, the rest falls to a major counter-",0.0,15.662," Partly due to these events, and partly due to the major losses in manpower Gallia suffers towards the end of the war with the Empire, the German advance is slowed and finally halted in the northern part of the Empire.
The Romans in the north are forced to withdraw from the city of Edessa; however, the Romans in the east are able to hold back the Turkish and Persian armies",0.0,33.522," Partly due to these events, and partly due to the major losses in manpower Gallia suffers towards the end of the war with the Empire, the other Roman troops are reorganised and are ready to spring to the same strategies of direct and mobile infantry warfare Gallia becomes a key battlefield in this renewed conflict, and falls to the emperor's forces who attack on the 22nd of September, having",0.0,48.643," Partly due to these events, and partly due to the major losses in manpower Gallia suffers towards the end of the war with the Empire, Swabia now turns to more traditional military and diplomatic pursuits.
How much manpower was it?Chris Christie is a mafioso dadеr and totally deserves to go oгіng. (And besides, т",0.808,13.482," Partly due to these events, and partly due to the major losses in manpower Gallia suffers towards the end of the war with the Empire, the Republic is no longer able to fully support the various fronts in the war.

The Republic must now decide who will be their ally in the event of a new conflict with the Empire. Do they ally with the Free Worlds Alliance and leave the"
Wiki_Academic,10,0.0,10.244,-2.588,8.214," Concept work for Valkyria Chronicles III began after development finished on Valkyria Chronicles II in early 2010, with full development beginning shortly after this.

, with full development beginning shortly after this. An early demo of the game is also available for download, although it is only playable on iOS.

, although it is only playable on iOS. A playable demo is also available for",0.0,8.13," Concept work for Valkyria Chronicles III began after development finished on Valkyria Chronicles II in early 2010, with full development beginning shortly after this. The game is being developed for the Xbox 360. A PlayStation 3 version has also been confirmed, and a PC version is planned for later in the life cycle of the game.

The development team for the game is based in Japan, and",-1.013,9.799," Concept work for Valkyria Chronicles III began after development finished on Valkyria Chronicles II in early 2010, with full development beginning shortly after this.

, with full development beginning shortly after this. An early demo of the game is also available for download, although it is only playable on iOS devices and does not have any of the more complex multiplayer features present in the final release.
",2.363,8.708," Concept work for Valkyria Chronicles III began after development finished on Valkyria Chronicles II in early 2010, with full development beginning shortly after this.

Valkyria Chronicles III is based on the same world as Valkyria Chronicles II, but has been re-designed to include many improvements. One of these is the inclusion of a three-tiered system of battle, with the",3.038,10.858," Concept work for Valkyria Chronicles III began after development finished on Valkyria Chronicles II in early 2010, with full development beginning shortly after this. The developer team was divided into two groups, one focusing on the visual design of the game, and one focusing on its combat system. The combat team received some help from veteran developer Yoko Taro, who was hired as an artist on the",8.5,10.244," Concept work for Valkyria Chronicles III began after development finished on Valkyria Chronicles II in early 2010, with full development beginning shortly after this. The game features a new setting, and gameplay elements have been redesigned to better reflect the setting. This concept work for Valkyria Chronicles III was created by artist and game concept designer Takayuki Matsuyama.

Valkyria Chronicles",0.0,14.701," Concept work for Valkyria Chronicles III began after development finished on Valkyria Chronicles II in early 2010, with full development beginning shortly after this. Due to the delay of the game in its original launch window, character designs were delayed, but the game did receive an update to the game in its original launch window of 2011, introducing new characters, maps, weapons and modes. An anniversary edition",0.0,8.718," Concept work for Valkyria Chronicles III began after development finished on Valkyria Chronicles II in early 2010, with full development beginning shortly after this. This was the first game in the series to take place across two separate planets, with the first game being set on a moon and the second on a planet. This game also marked the first time a game in the series was not developed by the",0.0,12.978," Concept work for Valkyria Chronicles III began after development finished on Valkyria Chronicles II in early 2010, with full development beginning shortly after this.

The game's setting is inspired by the Korean war. However, the game is also set in the present time.

The story is centred on Rieko, a soldier who uses her power to control and pilot an experimental",0.0,25.334," Concept work for Valkyria Chronicles III began after development finished on Valkyria Chronicles II in early 2010, with full development beginning shortly after this early prototype was revealed.

Developers haven't stated which companies have recently engaged in the development, but several major participation by Take-Two, Atlus (t/a SEGA), Sega (t/a Japan Studio), and Keiji",0.0,28.968," Concept work for Valkyria Chronicles III began after development finished on Valkyria Chronicles II in early 2010, with full development beginning shortly after this. Concurrent with this, Creative Mode in Valkyria Chronicles I was expanded and optimized (Pressing the Start Pad in the Options Menu meant purchasing upgrade items, rather than using a code that activated them like on previous games), taking up to eight",0.109,12.51," Concept work for Valkyria Chronicles III began after development finished on Valkyria Chronicles II in early 2010, with full development beginning shortly after this. Due to time constraints, the third game was developed much more in-depth than the previous works, and the final version was released in summer 2012.[2]

The game was developed by the same team with the same characters and music,"
Wiki_Academic,11,0.0,7.036,-0.338,13.691," The majority of material created for previous games, such as the BLiTZ system and the design of maps, was carried over. Alongside the new weapons, weapons, and equipment, there are improvements to old weapons, equipment, and vehicles.

Many of the maps, such as the ones in Battlefield 3, are based on older versions of Battlefield maps, such as Bad Company 2",0.0,18.877," The majority of material created for previous games, such as the BLiTZ system and the design of maps, was carried over. Alongside this, many of the community-made levels are also retained.

The developer received many suggestions and comments during beta testing. The majority of suggestions were in the form of improved multiplayer modes and new game modes, such as Coop vs Ai,",-0.338,13.691," The majority of material created for previous games, such as the BLiTZ system and the design of maps, was carried over. Alongside the new weapons, weapons, and equipment, there are improvements to old weapons, equipment, and vehicles.

Many of the maps, such as the ones in Battlefield 3, are based on older versions of Battlefield maps, such as Bad Company 2",0.338,9.616," The majority of material created for previous games, such as the BLiTZ system and the design of maps, was carried over. Alongside the new features, the team behind the game were able to build on some of the existing features in a new way.

The team behind the game were able to build on some of the existing features in a new way.

The team",3.488,16.546," The majority of material created for previous games, such as the BLiTZ system and the design of maps, was carried over. Alongside this, many of the maps from previous games were also rewritten. The maps from previous games were designed from a player's point of view, providing them with ample opportunities to learn the map through experience, allowing them to easily adapt to future changes. The",8.5,7.036," The majority of material created for previous games, such as the BLiTZ system and the design of maps, was carried over. Alongside this, the BLiTZ system was rewritten and rewritten for the new engine.

, such as the BLiTZ system and the design of maps, was carried over. Alongside this, the BLiTZ system was rewritten",0.0,20.768," The majority of material created for previous games, such as the BLiTZ system and the design of maps, was carried over. Alongside this many old characters from previous games make their return too. For a first time entry - the game really doesn't hold you back as much as it does in past games, due to the fact that the game is essentially an updated port of the original",0.0,8.761," The majority of material created for previous games, such as the BLiTZ system and the design of maps, was carried over. Alongside this, the BLiTZ system, the design of maps, and the various other adjustments to the gameplay were also carried over.

, such as the BLiTZ system and the design of maps, was carried over. Alongside",0.0,15.652," The majority of material created for previous games, such as the BLiTZ system and the design of maps, was carried over. Alongside this many of the weapons and characters were also carried over. In fact when the new staff joined the development team, a lot of the work that had already been done was finished and new features were being added.

This is why we had to",0.0,31.291," The majority of material created for previous games, such as the BLiTZ system and the design of maps, was carried over. Alongside this, Heroes of the Storm is also built on a special version of the PC game that has been reworked. This includes custom map models where new elements can be created for them as well as new community made items with any hero. With the upcoming",0.0,29.883," The majority of material created for previous games, such as the BLiTZ system and the design of maps, was carried over. Alongside this, bugfixes are also being worked on for a number of things.  Btw, as a spectator, you were able to create ur own zed logo when it was introduced, so... who knows? ;)
Oh where can I see",1.788,21.622," The majority of material created for previous games, such as the BLiTZ system and the design of maps, was carried over. Alongside this, the player had access to the new ""Risk Engine"", making it easier for the company to make the game as innovative as possible. However, in the development of the expansion packs, the players also had various items from previous games, such"
Wiki_Academic,12,0.0,7.563,-1.013,7.264," The music was composed by Hitoshi Sakimoto, who had also worked on the previous Valkyria Chronicles games. When he originally heard about the game he was a bit put off and thought that it would not be a ""real Valkyria game,"" but after sitting down to play the demo he was wowed.

, who had also worked on the previous Valkyria Chronicles games",0.0,8.034," The music was composed by Hitoshi Sakimoto, who had also worked on the previous Valkyria Chronicles games. When he originally heard about the project, he thought it was a very interesting theme but he was worried because it was new and unfamiliar to him. However, after seeing how the game turned out, he enjoyed it so much that he asked himself ""Why didn't I think of this",-0.563,7.243," The music was composed by Hitoshi Sakimoto, who had also worked on the previous Valkyria Chronicles games. When he originally heard about the game he was a bit put off and thought that it would not be a ""real Valkyria game,"" but after sitting down and talking to the Valkyria development team, he was convinced that this would be a ""real Valkyria game",2.363,9.368," The music was composed by Hitoshi Sakimoto, who had also worked on the previous Valkyria Chronicles games. When he originally heard about the idea of making a Valkyria Chronicles game for the 3DS, Sakimoto said that he thought it was crazy. He was aware of the idea being that its roots were in a mobile game and so it was difficult to imagine how it could work",2.491,9.967," The music was composed by Hitoshi Sakimoto, who had also worked on the previous Valkyria Chronicles games. When he originally heard about the game, he was ""speechless"" and ""baffled"". He was so moved, he ""had no idea why"" his song was used. The song was played at the end of the first and second chapters of the game.

",8.5,7.563," The music was composed by Hitoshi Sakimoto, who had also worked on the previous Valkyria Chronicles games. When he originally heard about the game, he was ""speechless"" and ""amazed"", saying ""I've always wanted to play a strategy game with a story like this!"" When the game was finally revealed, he ""couldn't believe it"" and said ""I'm",0.0,8.239," The music was composed by Hitoshi Sakimoto, who had also worked on the previous Valkyria Chronicles games. When he originally heard about the game, he was ""very excited"" by the music. Sakimoto would like to create music that ""is not the same thing over and over again"", saying that he does not want his music to be ""familiar"". Sakimoto also stated",0.0,10.436," The music was composed by Hitoshi Sakimoto, who had also worked on the previous Valkyria Chronicles games. When he originally heard about the game, he was ""speechless"". He then met the team and was ""very anxious"" when he was told that the characters would be real people, and that their lives would be ""tortured and tragic"", but that the Valkyria",0.0,9.527," The music was composed by Hitoshi Sakimoto, who had also worked on the previous Valkyria Chronicles games. When he originally heard about the project he was a bit put off because it wasn't an action RPG, but after doing some research on the project he later decided to join the project. He was originally offered to compose a song for a game in the Gundam series but turned down the",-0.793,19.808," The music was composed by Hitoshi Sakimoto, who had also worked on the previous Valkyria Chronicles games. When he originally heard about the project, Sakimoto said that he thought that the series would be preserved for awhile, but he went onto explain that the way the title was used had changed its fate once again and many units seemed to be callously thrown away. The music belonged to",0.219,9.73," The music was composed by Hitoshi Sakimoto, who had also worked on the previous Valkyria Chronicles games. When he originally heard about the original in France, he was inspired by the use of nature sounds. His works on this installment also include the track ""Okinawa"".

, who had also worked on the previous Valkyria Chronicles games. When he originally heard about",1.186,8.882," The music was composed by Hitoshi Sakimoto, who had also worked on the previous Valkyria Chronicles games. When he originally heard about the game, he was ""speechless"" and then ""really excited"".

Development
The game was developed by the French studio Gust, and the game's design and narrative were handled by the company's director, Shinji Hashimoto. The development team"
Wiki_Academic,13,0.0,8.84,-0.113,8.177," In September 2010, a teaser website was revealed by Sega, hinting at a new Valkyria Chronicles game. In its September issue, Famitsu magazine confirmed the existence of a new Valkyria game. The game is set for release on PlayStation 3 and Xbox 360 in both North America and Europe in 2014 in English and German, and in Japanese, and will feature a new cast of playable",0.0,13.171," In September 2010, a teaser website was revealed by Sega, hinting at a new Valkyria Chronicles game. In its September issue, Famitsu revealed a new character — a female officer named Cid, who joins the squad in Volume 5. Also, in the preview issue, Sega confirmed that the game will feature ""many"" new characters, but did not specify any. A new trailer",0.338,5.967," In September 2010, a teaser website was revealed by Sega, hinting at a new Valkyria Chronicles game. In its September issue, Famitsu magazine confirmed the existence of a new Valkyria Chronicles game. The game is to be released on PlayStation 3 and PlayStation 4 in 2012.

, a teaser website was revealed by, hinting at a new Valkyria Chronicles game.",1.913,8.429," In September 2010, a teaser website was revealed by Sega, hinting at a new Valkyria Chronicles game. In its September issue, Famitsu published a summary of the new game and a summary of the new features in the new game.

Valkyria Chronicles 4 will offer the same gameplay as Valkyria Chronicles 3 on the PlayStation 3, but with enhanced features. One of",2.813,10.539," In September 2010, a teaser website was revealed by Sega, hinting at a new Valkyria Chronicles game. In its September issue, Famitsu revealed a new teaser website, along with details on its release date. The website features an illustration of a squad of marines on a beach, which has been cut in half. The teaser website was released on September 29, 2010. A pre-",8.5,8.84," In September 2010, a teaser website was revealed by Sega, hinting at a new Valkyria Chronicles game. In its September issue, Famitsu revealed a new trailer for the game. The game is being developed by Team Salvato, who worked on the first game.

Sega said the game will introduce ""new elements"" and that it will ""make a new story for the",0.0,9.713," In September 2010, a teaser website was revealed by Sega, hinting at a new Valkyria Chronicles game. In its September issue, Famitsu magazine confirmed the game is in development. The magazine also revealed a new character.

The game is currently under development with both the Japanese and English versions planned. Famitsu also revealed that the game will not be a DLC from the previous game",0.0,15.025," In September 2010, a teaser website was revealed by Sega, hinting at a new Valkyria Chronicles game. In its September issue, Famitsu revealed a new character from the game.[4]",0.0,7.658," In September 2010, a teaser website was revealed by Sega, hinting at a new Valkyria Chronicles game. In its September issue, Famitsu revealed a new trailer featuring footage from the game, as well as new screenshots. In an announcement published in the December issue of Famitsu, Sega revealed that the game will be released on PS Vita in Japan on March 26, 2014, for 6",0.0,12.59," In September 2010, a teaser website was revealed by Sega, hinting at a new Valkyria Chronicles game. In its September issue, Famitsu confirmed that an announcement for the game will be made in December 2010. A new trailer was also revealed on the website (separately). The announcement was sent to Japanese Famitsu-sources and was speculated to be about a new installment in",0.0,16.284," In September 2010, a teaser website was revealed by Sega, hinting at a new Valkyria Chronicles game. In its September issue, Famitsu revealed that the new games due out in 2014 and 2015 are an expansion and remake of upcoming Famicom games. While no names were given, a Twitter conversation revealed a new title, Valkyrie Chronicles IV, and February 17 was revealed to be the",-0.564,8.764," In September 2010, a teaser website was revealed by Sega, hinting at a new Valkyria Chronicles game. In its September issue, Famitsu revealed that the title would be called Valkyria Chronicles 4, with a playable demo previewing a portion of the game's story on PlayStation 4.

The main character of Valkyria Chronicles is a female lieutenant of the Earth Alliance Army"
Wiki_Academic,14,0.0,5.552,-1.238,4.965," Unlike its two predecessors, Valkyria Chronicles III was not released in the west. According to Sega, this was due to poor sales of Valkyria Chronicles II and a lack of marketing for Valkyria Chronicles II in the west.

, this was due to poor sales of and a lack of marketing for in the west. The game is also not playable in English, as the",0.0,7.809," Unlike its two predecessors, Valkyria Chronicles III was not released in the west. According to Sega, this was due to poor sales of Valkyria Chronicles II, despite making the sequel for the west. It wasn't until the release of the PSP game, Valkyria Chronicles: Dual Strike in 2011 that Sega was inspired to release a new game for the west. It wasn't until",0.338,7.023," Unlike its two predecessors, Valkyria Chronicles III was not released in the west. According to Sega, this was due to poor sales of Valkyria Chronicles II and a lack of marketing for the original game in Europe and Australia.

Valkyria Chronicles III has a very good plot and characters. But its graphics and sound aren't as good as the other games in the series.",-0.338,5.439," Unlike its two predecessors, Valkyria Chronicles III was not released in the west. According to Sega, this was due to poor sales of Valkyria Chronicles II, as well as a decrease in the number of people who were able to play the first game on their consoles.

Valkyria Chronicles III is a turn-based strategy game for the PlayStation 3 and PlayStation 4, developed",3.488,8.461," Unlike its two predecessors, Valkyria Chronicles III was not released in the west. According to Sega, this was due to poor sales of Valkyria Chronicles II and difficulties of production of Valkyria Chronicles III. However, Sega itself was not entirely happy with the sales of its two previous titles. Sega executive vice president Osamu Tsunoda said "" The sales of Valkyria",8.5,6.137," Unlike its two predecessors, Valkyria Chronicles III was not released in the west. According to Sega, this was due to poor sales of Valkyria Chronicles II and Valkyria Chronicles. The reason for not releasing Valkyria Chronicles III in the west was that the development team was too small to keep up with the demands of the west and due to this reason, there was no point",0.0,7.121," Unlike its two predecessors, Valkyria Chronicles III was not released in the west. According to Sega, this was due to poor sales of Valkyria Chronicles, and the fact that Valkyria Chronicles 3 is different enough from the previous titles to warrant it. Valkyria Chronicles 3 is also a turn based strategy game, with a different kind of combat than its predecessors. It was developed",0.0,5.842," Unlike its two predecessors, Valkyria Chronicles III was not released in the west. According to Sega, this was due to poor sales of Valkyria Chronicles II and a poor reception of the original release, which was limited to PAL territories. This was the final Valkyria Chronicles game to be released in the West.

, this was due to poor sales of Valkyria Chronicles",0.0,6.257," Unlike its two predecessors, Valkyria Chronicles III was not released in the west. According to Sega, this was due to poor sales of Valkyria Chronicles II and Valkyria Chronicles Zero, and because of this, the publisher did not see the need to release a new game in the series in the west in the near future. It is also unknown if Sega will release a Western version",0.0,13.395," Unlike its two predecessors, Valkyria Chronicles III was not released in the west. According to Sega, this was due to poor sales of Valkyria Chronicles on PlayStation, Wii and the previously announced PSP. The franchise has been dormant since Valkyria Chronicles 4 was released.
This game at first look seemed to be heading in the same direction (especially with those versions of the first two",0.0,20.069," Unlike its two predecessors, Valkyria Chronicles III was not released in the west. According to Sega, this was due to poor sales of Valkyria Chronicles II, as well as "" Our own localisation offices' choices or pressure from outside.to change inside out "".

, this was due to, as well as "". There was not a lot of news as of yet",0.804,4.366," Unlike its two predecessors, Valkyria Chronicles III was not released in the west. According to Sega, this was due to poor sales of Valkyria Chronicles II and Valkyria Chronicles Chronicles: The Forgotten War, which was released instead.

Reception

Valkyria Chronicles III received ""mixed or average"" reviews according to video game review aggregator Metacritic."
Wiki_Academic,15,0.0,13.514,-0.113,15.289," On its day of release in Japan, Valkyria Chronicles III topped both platform @-@ exclusive and multi @-@ platform sales charts. The strategy RPG has sold more than 330,000 copies in Japan and is in third position on the overall sales chart, ahead of both the original Valkyria Chronicles and Valkyria Revolution.

As we previously reported, Valkyria Chronicles",0.0,14.993," On its day of release in Japan, Valkyria Chronicles III topped both platform @-@ exclusive and multi @-@ platform sales charts. This is the first time the series has released a game in both Japanese and non- Japanese territories at the same time.

The game sold 67,821 copies in the PlayStation Vita's first week in Japan, according to Famitsu. This",0.563,13.882," On its day of release in Japan, Valkyria Chronicles III topped both platform @-@ exclusive and multi @-@ platform sales charts. The strategy RPG has sold more than 330,000 copies in Japan and is in third place on the overall sales chart, ahead of both Super Mario Land 3D Land and Mario RPG: Legend of the Seven Stars.

Valkyria Chronicles III",3.713,13.901," On its day of release in Japan, Valkyria Chronicles III topped both platform @-@ exclusive and multi @-@ platform sales charts. It’s also currently #2 for the week-end.

Valkyria Chronicles III is a turn-based strategy game for PSP, developed by Sega and published by Sega. It’s currently being released for PSP, PS",3.938,19.261," On its day of release in Japan, Valkyria Chronicles III topped both platform @-@ exclusive and multi @-@ platform sales charts. The PS3 exclusive was also the best selling PS3 system exclusive title.

– According to information obtained from various sources, the game sold approximately 19,000 physical copies. However, it also sold 3,000 digital copies.

–",8.5,14.743," On its day of release in Japan, Valkyria Chronicles III topped both platform @-@ exclusive and multi @-@ platform sales charts. The strategy game has been the #1 best-selling game in the country in its first week of release.

The game also topped the charts on the PS3 in its second week of release.

The game shipped to retailers at the",0.0,23.369," On its day of release in Japan, Valkyria Chronicles III topped both platform @-@ exclusive and multi @-@ platform sales charts. The strategy game is expected to feature in PS+ this summer, but no definite date has been announced. In the meantime you can check out the Valkyria Chronicles III Character Select Trailer for the PS Vita below.",0.0,15.619," On its day of release in Japan, Valkyria Chronicles III topped both platform @-@ exclusive and multi @-@ platform sales charts. The strategy game has just crossed the million sales mark.

The game is developed by Compile Heart, the team behind previous entries in the Valkyria Chronicles series. The story for Valkyria Chronicles III is divided into three parts. Players",0.0,25.06," On its day of release in Japan, Valkyria Chronicles III topped both platform @-@ exclusive and multi @-@ platform sales charts. Also at #1 in the PC game chart. There are also several achievements in the Japanese version that are unlockable by playing the game in English.

The Japanese Valkyria game will also feature 3 special characters in the PC version.
",0.0,44.425," On its day of release in Japan, Valkyria Chronicles III topped both platform @-@ exclusive and multi @-@ platform sales charts. Then, the game’s expansion package — WW2 Chronicles — (and the game itself) received an update, bringing a new map and adding the second of three Weapons System. Third? Yeah, I was expecting one to show up.
",0.0,41.785," On its day of release in Japan, Valkyria Chronicles III topped both platform @-@ exclusive and multi @-@ platform sales charts.

On the other hand, beaten to pole position by Kingdom Hearts II MSDS, the PSP version of the fourth PRG outperformed expectations by taking the #1 multi platform spot and closing the direct comparisons with the console counterpart.

Furthermore",1.23,12.585," On its day of release in Japan, Valkyria Chronicles III topped both platform @-@ exclusive and multi @-@ platform sales charts. The strategy role-playing game has been rated at an M rating by the Japanese Ministry of Education, Culture, Sports, Science and Technology.

The game is due to be released for PlayStation 3 in Japan on August 16 and for the PlayStation Vita"
Wiki_Academic,16,0.0,14.089,0.788,17.155," Famitsu enjoyed the story, and were particularly pleased with the improvements to gameplay. Japanese gaming site Game Watch Impress, despite negatively noting its pacing, also praised the story, with a reviewer citing the ""very engaging"" relationship between the two lead characters.
 Famitsu rated the game ""Mature"" for mature themes and violence.
 Famitsu gave the DS game the lowest score for gameplay",0.0,17.333," Famitsu enjoyed the story, and were particularly pleased with the improvements to gameplay. Japanese gaming site Game Watch Impress, despite negatively noting its pacing, found that the ""immersive"" nature of the story helped it to stand out from other games, with some praising the ""soulful"" music. The game was praised for the quality of its battle system, while the mechanics of the game",-0.384,19.397," Famitsu enjoyed the story, and were particularly pleased with the improvements to gameplay. Japanese gaming site Game Watch Impress, despite negatively noting its pacing, also praised the story, with a reviewer citing the ""very engaging"" relationship between the two lead characters.

References

External links
 Official website",1.688,11.716," Famitsu enjoyed the story, and were particularly pleased with the improvements to gameplay. Japanese gaming site Game Watch Impress, despite negatively noting its pacing, praised the gameplay, and found it enjoyable.

Game Watch Impress gave the game a 30 out of 40 score, while Famitsu awarded it a 30 out of 40 score. Both reviews praised the gameplay, while Game Watch Impress noted",2.138,21.338," Famitsu enjoyed the story, and were particularly pleased with the improvements to gameplay. Japanese gaming site Game Watch Impress, despite negatively noting its pacing, found that the ""immersive presentation"" of the storyline was ""really good"".

IGN's IGN Japan reviewer said ""Rising has some of the best visuals on the PS3"" and also found the storyline ""really interesting"", although he",8.5,14.089," Famitsu enjoyed the story, and were particularly pleased with the improvements to gameplay. Japanese gaming site Game Watch Impress, despite negatively noting its pacing, found that the ""dramatic moments"" were ""very good"".
 Famitsu noted that the game's gameplay had been improved from previous entries.
 Famitsu said that the game had ""many new areas"" to explore.
 Famitsu",0.0,10.574," Famitsu enjoyed the story, and were particularly pleased with the improvements to gameplay. Japanese gaming site Game Watch Impress, despite negatively noting its pacing, found that the game is ” fun ”.

, despite negatively noting its pacing, found that the game is ”. Famitsu gave the game a score of 30 out of 40.

, gave the game a score",0.0,22.715," Famitsu enjoyed the story, and were particularly pleased with the improvements to gameplay. Japanese gaming site Game Watch Impress, despite negatively noting its pacing, found that the ""dialogue is entertaining and has an excellent script."" Game Watch also noted ""a unique setting,"" and that the characters are unique.

The magazine's editors were also positive towards the gameplay, praising the mechanics and saying that",0.0,21.231," Famitsu enjoyed the story, and were particularly pleased with the improvements to gameplay. Japanese gaming site Game Watch Impress, despite negatively noting its pacing, was positive, stating it was a ""good and entertaining game"", adding there is enough in the story to be able to continue playing it.
 Famitsu commented that it ""takes advantage of the battle mechanics"" to the point where the gameplay",0.0,41.545," Famitsu enjoyed the story, and were particularly pleased with the improvements to gameplay. Japanese gaming site Game Watch Impress, despite negatively noting its pacing, stated that it did not feel anything rushed., also slammed the game for its difficulty, but character comments gave praise to the game's gameplay. The sale of First File sold two million units in Japan.

Nintendo aired an advertising campaign featuring",0.0,24.874," Famitsu enjoyed the story, and were particularly pleased with the improvements to gameplay. Japanese gaming site Game Watch Impress, despite negatively noting its pacing, said it ""could be a new classic of the genre "". Famitsu awarded the game a 7.1/10 and wrote in part that ""Compared with some of its predecessors, there is a marked improvement in lure, both sight and sound,",2.47,16.773," Famitsu enjoyed the story, and were particularly pleased with the improvements to gameplay. Japanese gaming site Game Watch Impress, despite negatively noting its pacing, found the game to be ""a worthy successor to the popular Shinovi Versus series."" The site added that the game was notable for its ""familiar and entertaining story, as well as the unique gameplay aspects."" Game Watch Impress concluded that """
Wiki_Academic,17,0.0,23.21,-3.9,14.24," PlayStation Official Magazine - UK praised the story's blurring of Gallia's moral standing, art style, and most points about its gameplay.

IGN's UK magazine gave the game an average score of 8.5 and praised the story's blurring of Gallia's moral standing and art style, and most points about its gameplay.

IGN's UK magazine gave the",0.0,21.322," PlayStation Official Magazine - UK praised the story's blurring of Gallia's moral standing, art style, and most points about its gameplay. IGN stated that when playing the game it made it feel more like a movie than a shooter.

GameSpot praised the game's graphics, the characters, the story, as well as the weapons.

References

External links",-1.709,25.582," PlayStation Official Magazine - UK praised the story's blurring of Gallia's moral standing, art style, and most points about its gameplay.

IGN's UK magazine gave the game an 8.0 score overall, praising the overall game design and how it mixed together the gameplay of a shooter and a tactical sim. IGN UK also praised the story for ""filling in the bl",0.342,17.756," PlayStation Official Magazine - UK praised the story's blurring of Gallia's moral standing, art style, and most points about its gameplay, while IGN gave it a 6.4.

IGN praised the gameplay, while IGN gave it a 6.4. CD-iZone gave it a 6.4. CD-iZone gave it a 6.4. CD-",3.048,48.025," PlayStation Official Magazine - UK praised the story's blurring of Gallia's moral standing, art style, and most points about its gameplay. IGN's Sean Smith also said it was ""a brilliant, twisted, twisted tale of good versus evil"" and stated it ""has everything it requires to become a classic"".",8.5,23.21," PlayStation Official Magazine - UK praised the story's blurring of Gallia's moral standing, art style, and most points about its gameplay. IGN UK gave it an 8 out of 10, praising its ""well-constructed and engaging"" story and a ""dark and atmospheric"" atmosphere, but criticized its ""lack of variety and choice"" and ""lack of any real consequence",0.0,16.274," PlayStation Official Magazine - UK praised the story's blurring of Gallia's moral standing, art style, and most points about its gameplay. We found the games performance solid, despite its low polygon count

PlayStation Official Magazine - UK praised the story's blurring of Gallia's moral standing, art style, and most points about its gameplay. We found the",0.0,17.644," PlayStation Official Magazine - UK praised the story's blurring of Gallia's moral standing, art style, and most points about its gameplay. IGN UK gave it an 8 out of 10.

IGN

IGN gave the PC port a 7.8 out of 10. It gave the PS3 port a 7.8 out of 10.

IGNUK

IGN",0.0,23.977," PlayStation Official Magazine - UK praised the story's blurring of Gallia's moral standing, art style, and most points about its gameplay.

IGN - IGN UK gave it an 8.5 out of 10, praising the overall story and combat.

Game Informers' Chris Carter gave it his Game of the Week award for Best Storyline in Video Game in the December",0.294,186.425," PlayStation Official Magazine - UK praised the story's blurring of Gallia's moral standing, art style, and most points about its gameplay.

-

Article being; via

Joel Dreyfus - Simply GamesA band or event is opening one of OTR tuesdays.   At Wine and Cheese Craft Beer and Cheese is 9:30",-0.062,92.327," PlayStation Official Magazine - UK praised the story's blurring of Gallia's moral standing, art style, and most points about its gameplay The magazine also made comments praising its performance of Sonic Forces.

While a list of the magazine's reviews confirmation OpenGL 4.x support, the included screenshots did not include DirectX 11.x.My Music

Sunday, September 15",1.641,26.677," PlayStation Official Magazine - UK praised the story's blurring of Gallia's moral standing, art style, and most points about its gameplay. IGN also praised the game, giving it a 9.3, saying ""it's easy to get caught up in Black Flag's all-consuming action and the gorgeous sights you'll uncover in the course of your travels, but what really elevates"
Wiki_Academic,18,0.0,13.479,-0.338,14.826," In a preview of the TGS demo, Ryan Geddes of IGN was left excited as to where the game would go after completing the demo. "" I'm honestly more excited about the ideas that are coming up, and how we can take the things we've seen in the demo...and take more of those things to a conclusion in a way that we haven't been able to before,""",0.0,16.513," In a preview of the TGS demo, Ryan Geddes of IGN was left excited as to where the game would go after completing the demo. "" I like the fact that the last game had a pretty solid ending and I want to see where things will go now that the world is at war. ""
It's a little hard to say. I don't want to ruin too much",-0.788,14.047," In a preview of the TGS demo, Ryan Geddes of IGN was left excited as to where the game would go after completing the demo. "" I'm honestly more excited about the ideas that are coming up, and how we can take the things that we've created and build upon it."" Geddes says in a preview of the TGS demo. ""But I am excited about",2.138,7.532," In a preview of the TGS demo, Ryan Geddes of IGN was left excited as to where the game would go after completing the demo. One thing is certain, the game seems to be going in a very new direction. One thing is certain, the game seems to be going in a very new direction. One thing is certain, the game seems to be going in a very new",3.713,14.866," In a preview of the TGS demo, Ryan Geddes of IGN was left excited as to where the game would go after completing the demo. ""It's been so long since I've been so excited about an Xbox 360 game. ""

In an article on IGN, TGS producer Yosuke Hayashi described how the gameplay would work. ""You'll fight against other agents,",8.5,13.539," In a preview of the TGS demo, Ryan Geddes of IGN was left excited as to where the game would go after completing the demo. "" I like the fact that I'll be able to play as many characters as I want to, and I like how they keep introducing more and more characters to the game. I think it's a really cool idea, it's like, """,0.0,14.944," In a preview of the TGS demo, Ryan Geddes of IGN was left excited as to where the game would go after completing the demo.

""I have the demo finished and that is just one small part of the game. It is definitely going to be a ride!""

If the game is to capture the spirit of the original, I'm excited to see what the",0.0,10.91," In a preview of the TGS demo, Ryan Geddes of IGN was left excited as to where the game would go after completing the demo. "" I'm not going to spoil too much, but there's definitely a lot more to this game than we've seen or experienced in the short time we've spent with it so far"", Geddes said.

This new gameplay trailer",0.0,14.273," In a preview of the TGS demo, Ryan Geddes of IGN was left excited as to where the game would go after completing the demo. He added,

""It'll definitely have its own identity, and as we've seen in the trailer, you can play as different characters as well. I'm definitely a little bit more excited to see where this story is going to go",0.0,56.721," In a preview of the TGS demo, Ryan Geddes of IGN was left excited as to where the game would go after completing the demo; in a reply to his question Ryu Yuuki replying; "" for the vita I think it's going a different direction completely 😉😉""
Im hype as fuck. This sounds exciting.10 team standard   Pick 3",0.0,39.294," In a preview of the TGS demo, Ryan Geddes of IGN was left excited as to where the game would go after completing the demo.
Seeing how the Survivors will be able to call for vehicles. With a very large map. Just wow. Will be interesting to see how the story will go. I am exited.Hey I just came, last post I made was maybe",0.742,13.609," In a preview of the TGS demo, Ryan Geddes of IGN was left excited as to where the game would go after completing the demo, ""It's been a long time since a game has captured my attention like this, not just with its gameplay or its story but with the way it's just made me feel. I'm genuinely really excited to see the final product.""

"
Wiki_Academic,19,0.0,17.482,-1.238,12.705," Kurt and Riela were featured in the Nintendo 3DS crossover Project X Zone, representing the Valkyria series. Media.Vision would return as the main creative force of the series in the next game in the series, Valkyrie Profile III.

, representing the Valkyria series. Media.Vision would return as the main creative force of the series in the next game in the series",0.0,10.855," Kurt and Riela were featured in the Nintendo 3DS crossover Project X Zone, representing the Valkyria series. Media.Vision would return in the game's sequel, Project X Zone 2, as the main character.

, representing the Valkyria series. Media.Vision would return in the game's sequel, Project X Zone 2, as the main character. Media.Vision",-1.238,12.705," Kurt and Riela were featured in the Nintendo 3DS crossover Project X Zone, representing the Valkyria series. Media.Vision would return as the main creative force of the series in the next game in the series, Valkyrie Profile III.

, representing the Valkyria series. Media.Vision would return as the main creative force of the series in the next game in the series",1.013,12.799," Kurt and Riela were featured in the Nintendo 3DS crossover Project X Zone, representing the Valkyria series. Media.Vision would return in a crossover event for Monster Hunter 4 Ultimate, as part of the ""Project X Zone"" crossover event for Monster Hunter 4 Ultimate, as part of the ""Project X Zone"" crossover event for Monster Hunter 4 Ultimate, as part of the ""Project",4.388,18.661," Kurt and Riela were featured in the Nintendo 3DS crossover Project X Zone, representing the Valkyria series. Media.Vision would return as the main developer of Project X Zone 2. The game's release was initially announced as an April 2016 release, but was pushed back to July 2016, with an international release date of July 2016. It was released on July 15, 2016, in",8.5,17.482," Kurt and Riela were featured in the Nintendo 3DS crossover Project X Zone, representing the Valkyria series. Media.Vision would return in the spin-off game Project X Zone: Azure Striker Gunvolt, and even later in the main game. In the original game, they were playable characters from the first game.

, representing the Valkyria series. Media.",0.0,20.814," Kurt and Riela were featured in the Nintendo 3DS crossover Project X Zone, representing the Valkyria series. Media.Vision would return as the game's character designers. The project was developed in collaboration with the Japanese video game company NIS America, and was announced on July 4, 2015. It is slated to launch on March 4, 2016 in North America and Europe. The PlayStation",0.0,16.021," Kurt and Riela were featured in the Nintendo 3DS crossover Project X Zone, representing the Valkyria series. Media.Vision would return in the spin-off game, Valkyrie Drive: Libra of Arland, for Nintendo 3DS. They also appeared in the spin-off mobile game, Valkyrie Drive: Arland Chronicles.

, representing the Valkyria series. Media",0.0,24.282," Kurt and Riela were featured in the Nintendo 3DS crossover Project X Zone, representing the Valkyria series. Media.Vision would return in the spin-off game Project X Zone: Azure Striker Gunvolt, another Nintendo 3DS crossover featuring a number of Japanese-made games, featuring Gunslinger Stratos character Akira Hino as the main protagonist.

The final game in",0.0,24.07," Kurt and Riela were featured in the Nintendo 3DS crossover Project X Zone, representing the Valkyria series. Media.Vision would return as developer for the project. Bandai Namco Studios is confirmed as co-developer.
An additional 6 characters are planned for Project X Zone. However, after the end of the development of Project X Zone on 3DS, Bandai Nam",0.0,21.123," Kurt and Riela were featured in the Nintendo 3DS crossover Project X Zone, representing the Valkyria series. Media.Vision would return in Operation Trigger Happy Hutch, a Wii U project he was working on at the time.

, representing the series. Media.Vision would return in, a Wii U project he was working on at the time. Operation Trigger Happy Hutch is now",-0.215,20.583," Kurt and Riela were featured in the Nintendo 3DS crossover Project X Zone, representing the Valkyria series. Media.Vision would return in the spin-off game, Valkyria Chronicles: Dawn of the New World, in 2011.

Her relationship with Kiyohime, who was from the same village, is briefly mentioned in the 2006 game, Valkyria Chronicles"
Wiki_Academic,20,0.0,11.726,0.113,15.577," Valkyria Chronicles 3 was adapted into a two @-@ episode original video animation series in the same year of its release. Titled SenNoKuniRi, the series ran for eight episodes and it was produced by studio Satelight, which was also responsible for adapting the original game into a visual novel.

The series is based on the fictional setting of the original game",0.0,17.605," Valkyria Chronicles 3 was adapted into a two @-@ episode original video animation series in the same year of its release. Titled Sen no Kiseki ( The Secret of Shadow ) and Sen no Kiseki: The Hidden Story, it follows the story of the main cast in the original game on a new timeline.

The OVA also serves as a sequel and a",0.113,15.577," Valkyria Chronicles 3 was adapted into a two @-@ episode original video animation series in the same year of its release. Titled SenNoKuniRi, the series ran for eight episodes and it was produced by studio Satelight, which was also responsible for adapting the original game into a visual novel.

The series is based on the fictional setting of the original game",0.563,18.489," Valkyria Chronicles 3 was adapted into a two @-@ episode original video animation series in the same year of its release. Titled Sen no Kiseki no Norimasu, the series follows the story of the Imperial Army's attempts to build a new division of tanks and how the new division's commander and his subordinates cope with the pressure to build a new division with the same specifications",3.713,21.095," Valkyria Chronicles 3 was adapted into a two @-@ episode original video animation series in the same year of its release. Titled Sen no Kiseki no Reikoku Hen (Rise of the Valkyrie Chronicles, The Sleepless Blade), it featured a prequel about the founding of the Valkyrie Corps, and two additional story shorts, one of which was a sequel. A",8.5,11.726," Valkyria Chronicles 3 was adapted into a two @-@ episode original video animation series in the same year of its release. Titled Sen no Kiseki ( The Legend of Valkyria ), this 26-episode, three-and-a-half hour series was directed by Shin'ichirō Watanabe and produced by Studio A-1 Pictures. It was originally broadcast",0.0,14.604," Valkyria Chronicles 3 was adapted into a two @-@ episode original video animation series in the same year of its release. Titled Senran Kagura: Shinovi Versus – The Anime and directed by Yoshikazu Tanaka, who was also responsible for the original visual novel, Shinovi Versus is an adaptation of the original game, and features a storyline based on the events of the",0.0,10.819," Valkyria Chronicles 3 was adapted into a two @-@ episode original video animation series in the same year of its release. Titled Sen no Kiseki: The Animation, the series was directed by Hideaki Anno, the person responsible for creating the original series.

, the series was directed by, the person responsible for creating the original series. The story for the series",0.0,12.096," Valkyria Chronicles 3 was adapted into a two @-@ episode original video animation series in the same year of its release. Titled Senran Kagura: Shinovi Versus, the anime series follows the story of two teams competing in the Senran Kagura franchise’s tag-team fighting tournament, the Senran Kagura Shinovi Versus Academy. The series was produced and directed",0.0,31.813, Valkyria Chronicles 3 was adapted into a two @-@ episode original video animation series in the same year of its release. Titled Senchi Senchi Senchi which translates into ‘Seashell & Shell’s Key Couple’ the 2nd episode introduces characters like Diamante and Lark to the anime world. The idea for this series was born from a,0.0,36.457," Valkyria Chronicles 3 was adapted into a two @-@ episode original video animation series in the same year of its release. Titled Senma Ikirei e Ikkokushi Bakusei Cano, it was broadcast on BS11 for one episode. Or the adaptation was only one episode. It doesn't say. ]]>The official website for the OVA adaptation of",0.551,13.569," Valkyria Chronicles 3 was adapted into a two @-@ episode original video animation series in the same year of its release. Titled Senran Kagura 2: Electric Boogaloo, it was aired on Tokyo MX and BS-TEN, and was produced by TMS Entertainment and directed by Masafumi Noda. The official website for the series stated that it would feature"
Wiki_Academic,21,0.0,20.958,-0.798,29.736," The anime's title was inspired by the principle purpose of the Nameless : to suffer in battle for the goals of others. A subtitle attached to its title, "" The Eternal "", indicates that its main intention is to emphasize the eternal suffering of "" The Eternal "" in battle.

The series has a story of a world in which both the gods and the gods are real, and",0.0,24.703," The anime's title was inspired by the principle purpose of the Nameless : to suffer in battle for the goals of others. A subtitle attached to its title is "" [Spoilers] "", because "" [Spoilers] "" is a Japanese expression that means "" [Spoilers]"". The story of this anime is a parody of traditional warfare.",-0.798,29.736," The anime's title was inspired by the principle purpose of the Nameless : to suffer in battle for the goals of others. A subtitle attached to its title, "" The Eternal "", indicates that its main intention is to emphasize the eternal suffering of "" The Eternal "" in battle.

The series has a story of a world in which both the gods and the gods are real, and",3.623,15.852," The anime's title was inspired by the principle purpose of the Nameless : to suffer in battle for the goals of others. A subtitle attached to this theme is the idea of "" the will to fight "". The principle of "" the will to fight"" is based on the idea of "" the will to fight for justice "". The principle of "" the will to fight for justice"" is based on",3.3,38.465," The anime's title was inspired by the principle purpose of the Nameless : to suffer in battle for the goals of others. A subtitle attached to it "" The "" means "" without"". This subtitle was used in most of the manga, not only from the manga itself, which means : without "" was used from other sources, not only from the manga itself.",8.5,22.278," The anime's title was inspired by the principle purpose of the Nameless : to suffer in battle for the goals of others. A subtitle attached to the title is "" The war to the bitter end "". The anime is divided into twelve episodes and tells the story of the events leading to the start of the war between the United Kingdom and the United States in 1939.",0.0,22.566," The anime's title was inspired by the principle purpose of the Nameless : to suffer in battle for the goals of others. A subtitle attached to the title refers to the act of suffering. The series was directed and written by Shinichi Sato, from the manga by Kazuya Fujita. The original soundtrack of the anime is composed by Tomoyasu Suzuki. The original video animation",0.0,26.178," The anime's title was inspired by the principle purpose of the Nameless : to suffer in battle for the goals of others. A subtitle attached the concept that the ""dying to achieve"" was the ""ultimate and most noble form"" of valor. In other words, the dying to achieve was the closest thing to valor in the animeverse.

The theme is a continuation",0.0,31.237," The anime's title was inspired by the principle purpose of the Nameless : to suffer in battle for the goals of others. A subtitle attached to the title is "" The Eternal Champion "". Several members of the army are named.  The first two are the title characters ; the rest are unnamed soldiers.  The final episode reveals that the Nameless are a group of men who were once",-0.292,37.322," The anime's title was inspired by the principle purpose of the Nameless : to suffer in battle for the goals of others. A subtitle attached to the very first chapter adapted the word 名心. This also was changed to 魔心 in the manga adaptation.

The concept of sacrificing oneself for others was to be a strong theme due to the morals of the Code",-0.128,47.417," The anime's title was inspired by the principle purpose of the Nameless : to suffer in battle for the goals of others. A subtitle attached to the title name is : Nameless, Nico's Strife The idea of ""Nameless, Nico's Strife"" is that it is a mysterious independent faction operating outside of feudal society and beyond legal constraints. They are always called upon to",-1.19,19.539," The anime's title was inspired by the principle purpose of the Nameless : to suffer in battle for the goals of others. A subtitle attached to the English title, ""The Final Empire Strikes Back"", was intended to give the appearance that the anime series was a sequel to the original series.

The anime is based on the original visual novels, which are written by Yoshitaka Mur"
Wiki_Academic,22,0.0,9.174,0.114,22.337," Two manga adaptations were produced, following each of the game's main female protagonists Imca and Riela. They were Senjō no Ashita's (Mitsuko Okamura and Nanami Yamashita) and Pani Poni Dash!, where both were voiced by Haruka Sakurai.

, where both were voiced by Haruka Sakurai. A spin-",0.0,11.54," Two manga adaptations were produced, following each of the game's main female protagonists Imca and Riela. They were Senjō no Akasha and Senjō no Akasha: Tōkai no Kiseki.

The anime adaptation of Senjō no Akasha: Tōkai no Kiseki was produced by Sentai Filmworks and aired between October 4",0.114,22.337," Two manga adaptations were produced, following each of the game's main female protagonists Imca and Riela. They were Senjō no Ashita's (Mitsuko Okamura and Nanami Yamashita) and Pani Poni Dash!, where both were voiced by Haruka Sakurai.

, where both were voiced by Haruka Sakurai. A spin-",2.717,7.419," Two manga adaptations were produced, following each of the game's main female protagonists Imca and Riela. They were Senjō no kiseki no kiseki no kiseki no kiseki no kiseki no kiseki no kiseki no kiseki no kiseki no kiseki no kiseki no kiseki no kise",2.849,16.672," Two manga adaptations were produced, following each of the game's main female protagonists Imca and Riela. They were Senjō no Ōe ( Imca ) which was published from January 2000 to December 2002 and Rieala no Yabou (Riela) which was published from January 2007 to December 2009.

, following each of the game's main",8.5,9.174," Two manga adaptations were produced, following each of the game's main female protagonists Imca and Riela. They were Senjō no Ashita and Senjō no Ashita: Tetsujin 28-go.

, following each of the game's main female protagonists Imca and Riela. They were Senjō no Ashita and Senjō no",0.0,19.986," Two manga adaptations were produced, following each of the game's main female protagonists Imca and Riela. They were Senjō no Ashita and Ryougi no Kioku respectively. A manga adaptation was also produced about the game's male lead character, Sora. It was published in Weekly Shonen Gangan from October 2005 to December 2006.  The first version of the",0.0,27.642," Two manga adaptations were produced, following each of the game's main female protagonists Imca and Riela. They were Senjō no Akasha and Rize of the Six Flowers. After the first season was released in 2004, the studio made another 3 original works based on the games : Yōkoso-hen (Summer's Best), Senbonzakura Gakuen,",0.0,17.386," Two manga adaptations were produced, following each of the game's main female protagonists Imca and Riela. They were Senjō no Tsubaki by Keisuke Noda and Tetsujin 28-go by Yōki Kawajiri. The series was first published in Kadokawa Shoten's Young Ace magazine between November 1995 and June 1997. Kadokawa Shot",0.822,55.168," Two manga adaptations were produced, following each of the game's main female protagonists Imca and Riela. They were Senjō no Mago Sakura and Senjō no Mago Yūki KiseihakuWell, a majority voted for that  It's the country's fault  Look how they made lemonade out of lemons🍉
That was the",-0.81,32.365," Two manga adaptations were produced, following each of the game's main female protagonists Imca and Riela. They were Senjō no Akito: Saijō Senki which focuses on Imca, an affable young girl who loves dinosaurs, and the second one is about Riela, a tomboyish tomboy who searches for large stone balls.

Alternative Str",-0.862,20.529," Two manga adaptations were produced, following each of the game's main female protagonists Imca and Riela. They were Senjō no Ashita and Senjō no Hikari, respectively.

Plot
In the wake of global catastrophe, the land is ruled by the totalitarian State, which orders all citizens either to serve the State or to commit suicide. The two protagonists ("
Wiki_Academic,23,0.0,8.841,1.463,9.14," The Tower Building of the Little Rock Arsenal, also known as U.S. Arsenal Building, is a building located in MacArthur Park in downtown Little Rock, Arkansas. This is a one-square-block historic district that consists of six buildings and a small portion of a seventh building.

The Tower Building, designed by Frank Furness, is a three-story brick masonry building that",0.0,8.904," The Tower Building of the Little Rock Arsenal, also known as U.S. Arsenal Building, is a building located in MacArthur Park in downtown Little Rock, Arkansas, United States, and was built in 1930. It was designated a National Historic Landmark in 1979.",-0.113,10.209," The Tower Building of the Little Rock Arsenal, also known as U.S. Arsenal Building, is a building located in MacArthur Park in downtown Little Rock, Arkansas. This is a one-story rectangular prism-shaped building, with a steeply pitched roof and four-sided windows.

The Tower Building was originally built as a barracks building in 1928, and served as the home of employees",3.263,7.127," The Tower Building of the Little Rock Arsenal, also known as U.S. Arsenal Building, is a building located in MacArthur Park in downtown Little Rock, Arkansas. It was designed by architect Robert R. Browning in a modern, Art Nouveau style, and is the oldest structure in downtown Little Rock. It was added to the National Register of Historic Places on March 9, 1980.",4.613,8.009," The Tower Building of the Little Rock Arsenal, also known as U.S. Arsenal Building, is a building located in MacArthur Park in downtown Little Rock, Arkansas, USA. It was built in 1928, expanded in 1972, and designed by noted modernist architecture firm H. H. Richardson. It has been listed on the National Register of Historic Places since January 19, 1995.

References",8.5,8.841," The Tower Building of the Little Rock Arsenal, also known as U.S. Arsenal Building, is a building located in MacArthur Park in downtown Little Rock, Arkansas. It is a part of the National Park Service's Central Arkansas Regional Park System and a National Historic Landmark.",0.0,8.874," The Tower Building of the Little Rock Arsenal, also known as U.S. Arsenal Building, is a building located in MacArthur Park in downtown Little Rock, Arkansas, United States. Constructed in 1923, it is the city's oldest extant building, although the building was constructed in 1916. It is also one of the few surviving buildings from the Arkansas Arsenal era, which saw the transfer of military",0.0,8.773," The Tower Building of the Little Rock Arsenal, also known as U.S. Arsenal Building, is a building located in MacArthur Park in downtown Little Rock, Arkansas, United States. Built by the United States Army in the late 1920s, the building served as the arsenal's administrative headquarters and a training center for Army artillery, before being sold to the University of Arkansas for a portion in the early",0.0,8.926," The Tower Building of the Little Rock Arsenal, also known as U.S. Arsenal Building, is a building located in MacArthur Park in downtown Little Rock, Arkansas, USA.The building was built in 1912 as part of the Arsenal's new construction project.The building was a part of the Arsenal's new construction project until the early 1940s,when it was converted to a storage facility for surplus",0.0,14.163," The Tower Building of the Little Rock Arsenal, also known as U.S. Arsenal Building, is a building located in MacArthur Park in downtown Little Rock, Arkansas.  It is a cornerstone of Little Rock's skyline.  It was the country's first cyclopean skyscraper designed by architect Norman Temple Marlow, and is one of twelve in the world which measures  high with a ",0.0,32.926," The Tower Building of the Little Rock Arsenal, also known as U.S. Arsenal Building, is a building located in MacArthur Park in downtown Little Rock. Built in 1921, it is the earliest meeting hall among the military and Navy Offices at the Little Rock Arsenal. Actual [...]Do you mean they didn't match it? It looks like it matches. I'd email.
Where?",-1.055,6.672," The Tower Building of the Little Rock Arsenal, also known as U.S. Arsenal Building, is a building located in MacArthur Park in downtown Little Rock, Arkansas. It is listed on the National Register of Historic Places.

History
The Little Rock Arsenal was established in 1853 for the production of armaments. The Arsenal's first building was a barracks for 50 men, and a second"
Wiki_Academic,24,0.0,9.658,-0.113,11.232," The building receives its name from its distinct octagonal tower. Besides being the last remaining structure of the original Little Rock Arsenal and one of the oldest structures in Arkansas, the building also has its own unique character, dating back to its original construction, when it was a barracks for the local Arkansas National Guard.

The building has a steeply pitched gable roof, and a distinctive octagonal",0.0,9.89," The building receives its name from its distinct octagonal tower. Besides being the last remaining structure of the original Little Rock Arsenal and one of the oldest in the United States, it also serves as a meeting and recreation area for the residents of Little Rock.

Geography

The Arkansas Little Rock Arsenal is located on the northern edge of Little Rock. The Little Rock Arsenal is bounded to the",-0.113,11.232," The building receives its name from its distinct octagonal tower. Besides being the last remaining structure of the original Little Rock Arsenal and one of the oldest structures in Arkansas, the building also has its own unique character, dating back to its original construction, when it was a barracks for the local Arkansas National Guard.

The building has a steeply pitched gable roof, and a distinctive octagonal",3.263,8.317," The building receives its name from its distinct octagonal tower. Besides being the last remaining structure of the original Little Rock Arsenal and one of the oldest structures in downtown Little Rock, the building also houses the Little Rock Museum and is the oldest structure in downtown Little Rock. It is also the oldest structure in downtown Little Rock. It is also the oldest structure in downtown Little Rock. It is also the",4.388,11.54," The building receives its name from its distinct octagonal tower. Besides being the last remaining structure of the original Little Rock Arsenal and one of the oldest buildings in Arkansas, it was also designated as a Historic Landmark in 1963. It has been listed on the NRHP since 1979. The Arkansas Historical Society has listed it on their ""Arkansas' Historical Buildings"" tour. It was added to the",8.5,9.658," The building receives its name from its distinct octagonal tower. Besides being the last remaining structure of the original Little Rock Arsenal and one of the oldest in the United States, it is also one of the largest privately owned buildings in the United States, with a total floor area of approximately. The building is one of only two buildings in Little Rock that have been listed in The National Register of Historic Places",0.0,11.505," The building receives its name from its distinct octagonal tower. Besides being the last remaining structure of the original Little Rock Arsenal and one of the oldest in Arkansas, it is also a landmark that inspires the area's architecture. It is one of the few surviving buildings from the time of the Arkansas Territory and one of only two remaining buildings from the Arkansas Territory era. It is also one of the few",0.0,15.306," The building receives its name from its distinct octagonal tower. Besides being the last remaining structure of the original Little Rock Arsenal and one of the oldest buildings in Arkansas, the former Arsenal also features a number of architectural features that are unique in the state. These architectural features include the ""Garden Room"" which was an outdoor courtyard and a number of barracks which were built as a result of a requirement",0.0,13.409," The building receives its name from its distinct octagonal tower. Besides being the last remaining structure of the original Little Rock Arsenal and one of the oldest structures in Little Rock, the building was once a federal court and jail.

The original structure was built in the late 1830s to serve as the army's arsenal. After several expansions, the building was enlarged in 1906 and renamed the Federal Building",0.757,20.404," The building receives its name from its distinct octagonal tower. Besides being the last remaining structure of the original Little Rock Arsenal and one of the oldest Federal buildings in the country, its imposing presence and architectural influence is also a reminder of the changing experiences of America and America's military.

The Original Capitol is one of the nation's most-visited historic places. It was declared a",-0.531,12.179," The building receives its name from its distinct octagonal tower. Besides being the last remaining structure of the original Little Rock Arsenal and one of the oldest structures in the city, it is considered to be ""a landmark and a landmark"" in the city of Little Rock, Arkansas. Situated on the Southern Poverty Law Center's campus, the building is currently the home of the Center for Constitutional Rights Center",-0.73,12.068," The building receives its name from its distinct octagonal tower. Besides being the last remaining structure of the original Little Rock Arsenal and one of the oldest in Arkansas, it is also the last surviving structure of the original site of the original Little Rock, Arkansas.

History
Construction began in 1914 with the completion of the first four story building. The Army commissioned the second and third buildings and they"
Wiki_Academic,25,0.0,15.76,-1.463,16.949," The arsenal was constructed at the request of Governor James Sevier Conway in response to the perceived dangers of frontier life and fears of the many Native Americans who lived there.      It was a military fortress, designed with a large number of gun ports and a thick wooden exterior to withstand enemy attacks.      It was equipped with a number of cannons of various sizes,",0.0,19.371," The arsenal was constructed at the request of Governor James Sevier Conway in response to the perceived dangers of frontier life and fears of the many Native Americans in the area.   The fortress, a circular structure, was designed to serve as a home and a military command post as well as to provide shelter for the governor.

The fort was originally constructed in 1810, and replaced the other",-1.013,17.807," The arsenal was constructed at the request of Governor James Sevier Conway in response to the perceived dangers of frontier life and fears of the many Native Americans who lived there.      It was a military fortress, designed to be a home for officers and their families as well as soldiers who were stationed there.
Interesting.  I wonder if it was already fortified, or was it",0.338,14.299," The arsenal was constructed at the request of Governor James Sevier Conway in response to the perceived dangers of frontier life and fears of the many Native Americans who inhabited the area.  Conway's son, John C. Conway, was killed in a skirmish with Native Americans in 1780; the governor saw the arsenal as a means of protecting his family and property.  Conway's son, John C",3.938,17.047," The arsenal was constructed at the request of Governor James Sevier Conway in response to the perceived dangers of frontier life and fears of the many Native Americans, especially the Utes, whose lives were constantly on the move. The arsenal was built on the site of an old fort on what would become known as the Little Beaver Creek, which was the site of an Indian village. The arsenal was built to",8.5,20.025," The arsenal was constructed at the request of Governor James Sevier Conway in response to the perceived dangers of frontier life and fears of the many Native Americans that roamed the region. The arsenal was never used in a battle, but was used to train the militia for such a duty. It was dismantled in 1885.

References",0.0,18.241," The arsenal was constructed at the request of Governor James Sevier Conway in response to the perceived dangers of frontier life and fears of the many Native Americans who roamed the area and had been known to launch attacks on civilians. In the 1820s, the U.S. Army created Fort Adams, which was a small, short-lived fortification constructed to defend the fort, but the original",0.0,18.544," The arsenal was constructed at the request of Governor James Sevier Conway in response to the perceived dangers of frontier life and fears of the many Native Americans that roamed the area. The fortress was designed by the architect John S. Purdom of New Orleans. Conway's intent was to provide protection against the attacks of Native American raiding parties and to provide a garrison for his state of Tennessee.
",0.0,17.099," The arsenal was constructed at the request of Governor James Sevier Conway in response to the perceived dangers of frontier life and fears of the many Native Americans who sought to attack settlers along the frontier. Conway commissioned the building of Fort Laramie, the city’s namesake, in the spring of 1861, and he instructed his secretary of the treasury to begin work on the fort within months.
",-0.295,26.202, The arsenal was constructed at the request of Governor James Sevier Conway in response to the perceived dangers of frontier life and fears of the many Native Americans trappers who roamed the region. The wrought iron work of the building which stands on the south lawn of the I.E.S. House.  was constructed at the request of Governor James Sevier Conway and presents one of the finest and,0.631,35.475," The arsenal was constructed at the request of Governor James Sevier Conway in response to the perceived dangers of frontier life and fears of the many Native Americans living around them.  It garnered the interest of state residents, leading Governor Conway in 1817 to seek the support of 2,600 citizens in an effort to acquire from the Arkansas legislature a gold brick that would be a key symbol of the town.",2.443,16.695, The arsenal was constructed at the request of Governor James Sevier Conway in response to the perceived dangers of frontier life and fears of the many Native Americans that roamed those parts. The arsenal was one of the first military fortifications with an artillery installation in the United States and is one of the oldest active military installations in the United States. It was the scene of the Battle of Blackwater Gap during
Wiki_Academic,26,0.0,12.08,-0.788,13.589," For several years the arsenal, which was owned by the federal government, served as a simple arms depot and was staffed with only a handful of soldiers.

In July, 1859, the National Guard began the process of hiring and arming soldiers for the coming war with Mexico, which had begun in 1856. The first soldier was a 30-year-old black man, who was hired",0.0,11.523," For several years the arsenal, which was owned by the federal government, served as a simple arms depot and was staffed with only a handful of soldiers.

It did not include any heavy weapons.

In the 1950's, however, Congress enacted a law mandating that the arsenal be converted from an ordinary weapons depot to a fully equipped United States Marine Corps (USMC) base.",-0.563,13.726," For several years the arsenal, which was owned by the federal government, served as a simple arms depot and was staffed with only a handful of soldiers.

In July, 1859, the National Guard began the process of hiring and arming soldiers for the coming war with Mexico.

In October, 1861, the first regiment of National Guard soldiers began to be shipped to New Mexico for service",2.363,9.857," For several years the arsenal, which was owned by the federal government, served as a simple arms depot and was staffed with only a handful of soldiers from the United States Army who were stationed in the area. One of these soldiers, a sharpshooter named Major George Armstrong Custer, was killed during the Battle of the Little Big Horn. One of his subordinates, a sharpshooter",2.813,11.831," For several years the arsenal, which was owned by the federal government, served as a simple arms depot and was staffed with only a handful of soldiers. The arsenal was closed in 1869 as part of an effort to restock the arsenal's storehouses.
 The former arsenal was leased to the state of New York, which used it as a warehouse. The arsenal was closed in 1913.
",8.5,8.964," For several years the arsenal, which was owned by the federal government, served as a simple arms depot and was staffed with only a handful of soldiers.

In the late 18th century, the U.S. Congress passed a law mandating that every citizen carry a firearm.

The militia was required to be armed and ready to serve at a moment's notice.

In",0.0,12.848," For several years the arsenal, which was owned by the federal government, served as a simple arms depot and was staffed with only a handful of soldiers. Today the building is in constant use as well as serving as the headquarters of the National Park service. It was built in 1935 on the orders of Franklin D. Roosevelt, who wanted a building that would serve as the center for the National Park Service",0.0,11.809," For several years the arsenal, which was owned by the federal government, served as a simple arms depot and was staffed with only a handful of soldiers.

But after the Japanese attack on Pearl Harbor in 1941 the arsenal began to grow.

The Army began to modernize the arsenal and in the early 1950’s began a major overhaul project that lasted for eight years.

",0.0,12.261," For several years the arsenal, which was owned by the federal government, served as a simple arms depot and was staffed with only a handful of soldiers. During World War 11, the arsenal, which had a total area of 1,000,000 sq ft, was converted into a military base and converted into a field hospital where wounded troops could recuperate.

The arsenal, which served",0.456,24.74," For several years the arsenal, which was owned by the federal government, served as a simple arms depot and was staffed with only a handful of soldiers. Federal officials hoped to convert it to a normal on loan armory, without permanent facilities, for the Army operations ; but the Grand Army of the Republic, made up largely of descendants of slaves, saw the depot as a symbol of the dire conditions",1.778,26.375," For several years the arsenal, which was owned by the federal government, served as a simple arms depot and was staffed with only a handful of soldiers. A Civil War historian explains why it is significant :

Beginning in 1864, several Union soldiers at Fort Ord were refused their requested post bombardments, which was in violation of the Emancipation Proclamation. They would not accept extraordinary",-1.096,13.112," For several years the arsenal, which was owned by the federal government, served as a simple arms depot and was staffed with only a handful of soldiers. Today, the arsenal holds over 30,000 weapons and employs over 2,000 military personnel. The arsenal is the largest federal arsenal in the nation, and serves as a model for the private sector. As I stated during my hearing, this is"
Wiki_Academic,27,0.0,12.353,-0.906,17.162," The United States troops at the outposts of the western frontier of the state and in the Indian nation have all been recalled from winter quarters to reinforce the main army.

The news was brought to our office by a person who was present last night at the reception of Gen. Howard.

This is the first military news we have received since the arrival of Gen. Howard.

",0.0,18.183," The United States troops at the outposts of the western frontier of the state and in the Indian nation have all been recalled from winter quarters to reinforce the main army at Chattanooga.

It was the decision of General Frank in command of the expedition against Fort Donelson, on the Wabash River, in northern Tennessee, that resulted in the dispatching of the troops, the advance guard to",-0.906,17.162," The United States troops at the outposts of the western frontier of the state and in the Indian nation have all been recalled from winter quarters to reinforce the main army.

The news was brought to our office by a person who was present last night at the reception of Gen. Howard.

This is the first military news we have received since the arrival of Gen. Howard.

",2.363,12.469," The United States troops at the outposts of the western frontier of the state and in the Indian nation have all been recalled from winter quarters to reinforce the United States Army in the interior.

The reason for the recall is that the United States Army in the interior has been weakened by desertions, sickness, and other sicknesses. One of the causes of desertion was that the United States",2.138,21.268," The United States troops at the outposts of the western frontier of the state and in the Indian nation have all been recalled from winter quarters to reinforce the main army. The troops on the frontier were already on alert owing to the possible approach of Sioux Indians.

It is said that Mr. Lincoln was in favor of a stronger army, and it was reported yesterday morning, that an effort to",8.5,16.799," The United States troops at the outposts of the western frontier of the state and in the Indian nation have all been recalled from winter quarters to reinforce the regular army at its new frontier base at Fort Reno. The command of the post was taken last week from Colonel John A. McCloy, who had been in command from the time of the engagement at the Little Bighorn until the present.",0.0,18.644," The United States troops at the outposts of the western frontier of the state and in the Indian nation have all been recalled from winter quarters to reinforce the regular troops at the city of New Orleans. This is a great blow to the Indians and to the country generally, for the soldiers' morale will be very low during the winter. The authorities at the fort hope that the soldiers will remain unmoved",0.0,16.535," The United States troops at the outposts of the western frontier of the state and in the Indian nation have all been recalled from winter quarters to reinforce Fort Missoula and Fort Wright. Colonel Sibley is in command of Fort Missoula and General Van Fleet is in command of Fort Wright. [June 4, 1862]

At the fort, the troops at the western end of",0.0,22.329," The United States troops at the outposts of the western frontier of the state and in the Indian nation have all been recalled from winter quarters to reinforce our capital.

The news from Washington is that our country’s last troops have crossed the river and are now on the march toward Chicago.

The first military trains left for Chicago last week and the troops left yesterday.

",-1.164,9.459," The United States troops at the outposts of the western frontier of the state and in the Indian nation have all been recalled from winter quarters to reinforce despatches to Central Command of the Army, and the regiments
...

The United States troops at the outposts of the western frontier of the state and in the Indian nation have all been recalled from winter quarters to reinforce despatches",-0.882,40.787," The United States troops at the outposts of the western frontier of the state and in the Indian nation have all been recalled from winter quarters to reinforce Fort Valley, Georgia in relation to the contemplated attack and supposed main operation of the Federal agent and city guard on the Fort and surrounding settlements. They should have been permitted to remain there until instructed to depart.

A union resolution was submitted to the",0.997,17.974," The United States troops at the outposts of the western frontier of the state and in the Indian nation have all been recalled from winter quarters to reinforce Fort Reno.

General Grant has issued his orders for a general advance in Kansas, and to move from there within two days a strong army corps, to be composed of the best officers of the Army of the Potomac and the United States"
Wiki_Academic,28,0.0,31.506,-0.338,23.496," The item was intended simply as a piece of news, but telegraph lines quickly spread the news throughout the state, fueling procession sentiment. The rumor of a war with Spain was soon all over the country, and when the news was confirmed, the militia quickly formed.

The people of Boston were furious. They had not wanted to be part of a war, but they would not allow the",0.0,17.924," The item was intended simply as a piece of news, but telegraph lines quickly spread the news throughout the state, fueling procession sentiment. The rumor of the war soon spread throughout the city. The town’s merchants were forced to close their doors, in anticipation of a military occupation.

. The city’s merchants were forced to close their doors, in anticipation of a military",-0.338,23.496," The item was intended simply as a piece of news, but telegraph lines quickly spread the news throughout the state, fueling procession sentiment. The rumor of a war with Spain was soon all over the country, and when the news was confirmed, the militia quickly formed.

The people of Boston were furious. They had not wanted to be part of a war, but they would not allow the",1.359,26.046," The item was intended simply as a piece of news, but telegraph lines quickly spread the news throughout the state, fueling procession sentiment. The rumor prompted an outbreak of ""Protestantism "" in the state, as thousands of people took up arms and formed militias, most notably in the area of ""Lafayette"", a town in the north of the state.

Early on",3.938,28.465," The item was intended simply as a piece of news, but telegraph lines quickly spread the news throughout the state, fueling procession sentiment. The rumor also triggered a rumor about the location of one of the body. One rumor stated that a body was found west of the city on an island called Capitillo Island, which leads some to believe that a body was found on Capitillo Island.",8.5,24.616," The item was intended simply as a piece of news, but telegraph lines quickly spread the news throughout the state, fueling procession sentiment. The rumor also triggered a rumor about the location of the treasure, which the reporter on the ground had to set the record straight.

The first telegraph line was laid in 1841 by a company of horse-drawn carriages, and by 1844",0.0,27.517," The item was intended simply as a piece of news, but telegraph lines quickly spread the news throughout the state, fueling procession sentiment. The rumor also triggered a rumor of the upcoming execution of the crime boss.

The execution was carried out on August 7, and it was a short affair. The executioner did not even notice the presence of the crime boss, a man who had been",0.0,26.015," The item was intended simply as a piece of news, but telegraph lines quickly spread the news throughout the state, fueling procession sentiment. The rumor of a special election sent the state into a frenzy, which the state legislature responded to with an election bill, in which the legislature created the state board of elections, which would rule on all elections, and a special election commission, which would arrange,",0.0,30.966," The item was intended simply as a piece of news, but telegraph lines quickly spread the news throughout the state, fueling procession sentiment. The rumor quickly became a rumor. Within two weeks there is a large procession with hundreds of men on horseback, guns in tow. The crowds are huge, the streets are packed, the roads are blocked, horse and wagon, an abundance of horses, and",0.892,45.479," The item was intended simply as a piece of news, but telegraph lines quickly spread the news throughout the state, fueling procession sentiment. The rumor of the Beehive made its way through every town, reaching Derry, Portland, Falmouth, Farmington, and throughout New York and, going down in history as the summer of riots. A post office was established for the town of Ber",0.349,147.281," The item was intended simply as a piece of news, but telegraph lines quickly spread the news throughout the state, fueling procession sentiment. The rumor – that considerable damage had taken place caused great anxiety.

Several life-long farmers, like John GentleEmersonFarmers from other nearby towns saddened over each other experiences. Silling out time stricken with every death, many of the families were",-0.373,26.787," The item was intended simply as a piece of news, but telegraph lines quickly spread the news throughout the state, fueling procession sentiment. The rumor also triggered a rumor about the location of one of the body bags, indicating the location of the body was important in the search for the missing bodies. The rumor was so widespread that some newspapers picked it up and ran with it.  At noon,"
Wiki_Academic,29,0.0,15.8,0.338,17.79," This movement is prompted by the feeling that pervades the citizens of this State that in the present emergency the arms and munitions of war in the Arsenal of London are being put to terrible and deadly use, and that this danger may be more than ever increased by the possession in the hands of a few persons, of large stores of powder and shot in a very unsettled condition.

The House",0.0,21.139," This movement is prompted by the feeling that pervades the citizens of this State that in the present emergency the arms and munitions of war in the Arsenal of London are being expended on subjects of less importance, than the training of the youth of this country for defence and for the development of the arts of war. The result is a feeling that a more patriotic education may be substituted for arms in the hands",0.338,17.819," This movement is prompted by the feeling that pervades the citizens of this State that in the present emergency the arms and munitions of war in the Arsenal of London are being put to terrible and deadly use, and that this danger may be more than ever increased by the possession of large quantities of powder and gunpowder, in a very bad condition of storage.

The Committee of Safety is authorized to",3.038,15.604," This movement is prompted by the feeling that pervades the citizens of this State that in the present emergency the arms and munitions of war in the Arsenal of the United States are far too expensive.

This movement does not oppose the use of force. Rather it opposes the use of force which, while justifiable in a war of conquest and independence, is not justifiable in a war of revolution",1.238,17.592," This movement is prompted by the feeling that pervades the citizens of this State that in the present emergency the arms and munitions of war in the Arsenal of London are not only not used, but are, on the contrary, accumulating. The Government of the day has no power, except over the British subjects, to take any steps which would tend to check or restrain this accumulation. It is therefore necessary",8.5,16.234," This movement is prompted by the feeling that pervades the citizens of this State that in the present emergency the arms and munitions of war in the Arsenal of London are not being made use of to their full extent.

The Committee for the Control of Wartime Munitions, formed in December last, and now organised into a separate Committee, has investigated into this matter from all possible points of",0.0,20.503," This movement is prompted by the feeling that pervades the citizens of this State that in the present emergency the arms and munitions of war in the Arsenal are being used for the purpose of undermining public confidence, by a constant recurrence of military intimidation and by a tendency to use, for political ends, the military apparatus in a way which has a tendency in itself to create insecurity in the minds of the",0.0,14.694," This movement is prompted by the feeling that pervades the citizens of this State that in the present emergency the arms and munitions of war in the Arsenal of London have been placed at the disposal of those who are engaged in the civil strife. This feeling is not confined to London, and is spreading rapidly through the country in different directions. Already a number of acts have been passed in different parts of the",0.0,16.467," This movement is prompted by the feeling that pervades the citizens of this State that in the present emergency the arms and munitions of war in the Arsenal of London are no longer being used for their intended purposes and that, considering the state of the world, there is no longer any place for them there.

The Arsenal should be returned to the nation and into the hands of the nation, and",0.0,26.157," This movement is prompted by the feeling that pervades the citizens of this State that in the present emergency the arms and munitions of war in the Arsenal have been accumulated at serious sacrifice, while supplies of face-to-face necessaries of life have been so inadequately supplied. The great question is, What is to be done, and whether on any grounds it makes sense in view of the other",0.0,42.454," This movement is prompted by the feeling that pervades the citizens of this State that in the present emergency the arms and munitions of war in the Arsenal are being kept secret and secured to the exclusion of the Confederate States by bounties of supplies. But it is...

Author: H. C. Talbot - Last Update: 21.09.2008 09:03Hello To my possessor",1.991,19.706," This movement is prompted by the feeling that pervades the citizens of this State that in the present emergency the arms and munitions of war in the Arsenal of the Nation are being made use of for private, not State, purposes.  The citizens of this State cannot stand the sight of so many of our citizens being in camp and the people of other States being in arms and about to come upon us"
Wiki_Academic,30,0.0,4.928,-5.513,4.928," Perhaps because Abraham Lincoln had not yet been inaugurated as President, Captain Totten received no instructions from his superiors and was forced to withdraw his troops.                                                 ",0.0,13.458," Perhaps because Abraham Lincoln had not yet been inaugurated as President, Captain Totten received no instructions from his superiors and was forced to withdraw his troops.

In his official memoirs, Totten later said:

""I was ordered to proceed to Washington with the expedition, as far as the Mississippi River, to prepare for the attack of the enemy. Accordingly, I proceeded up the",-5.513,4.928," Perhaps because Abraham Lincoln had not yet been inaugurated as President, Captain Totten received no instructions from his superiors and was forced to withdraw his troops.                                                 ",1.238,9.652," Perhaps because Abraham Lincoln had not yet been inaugurated as President, Captain Totten received no instructions from his superiors and was forced to withdraw his troops.

The reason for the retreat was that the United States Army had just received news that its President, John C. Frémont, had been assassinated.

The reason for the retreat was that the United States Army had just received news",3.038,16.328," Perhaps because Abraham Lincoln had not yet been inaugurated as President, Captain Totten received no instructions from his superiors and was forced to withdraw his troops. The British Army of the Potomac and Richmond pursued. Captain Totten continued to pursue, and was so successful that he was given an official commendation from General Banks. He was also awarded a $1,000 bounty.

Captain",8.5,4.928," Perhaps because Abraham Lincoln had not yet been inaugurated as President, Captain Totten received no instructions from his superiors and was forced to withdraw his troops.                                                 ",0.0,12.775," Perhaps because Abraham Lincoln had not yet been inaugurated as President, Captain Totten received no instructions from his superiors and was forced to withdraw his troops.    Had Totten had more time, he would probably have stayed in Washington and watched what would happen to the city, but the President-elect was in Texas.              ",0.0,4.928," Perhaps because Abraham Lincoln had not yet been inaugurated as President, Captain Totten received no instructions from his superiors and was forced to withdraw his troops.                                                 ",0.0,18.219," Perhaps because Abraham Lincoln had not yet been inaugurated as President, Captain Totten received no instructions from his superiors and was forced to withdraw his troops.  So he left and never returned.
I think this may have had to do with it.  While it is a powerful image, I feel that it is much better that it is a depiction than a real thing.  This would have",0.0,18.349," Perhaps because Abraham Lincoln had not yet been inaugurated as President, Captain Totten received no instructions from his superiors and was forced to withdraw his troops from Ewing's camp, and return to Baltimore in the early morning hours on the 29th, as Lincoln had been inaugurated as the nation's 16th president on March 4, 1865. His troops, numbering a total of 4,155 under",0.0,22.528," Perhaps because Abraham Lincoln had not yet been inaugurated as President, Captain Totten received no instructions from his superiors and was forced to withdraw his troops.

It was seven months after the signing of the Act for the Union and the dissolution of the rebel blockade when Benton jettisoned his idea of organizing an expedition to Virginia and seized on a rumor that the Confederate Army was encamped",-0.288,11.941," Perhaps because Abraham Lincoln had not yet been inaugurated as President, Captain Totten received no instructions from his superiors and was forced to withdraw his troops. The ensuing battles of Antietam and Fredericksburg were critical in the Union victory and in the defeat of Lee's Army of Northern Virginia.

In the spring of 1863, Totten was ordered to lead another column that would attack the"
Wiki_Academic,31,0.0,11.953,0.338,14.282," On the morning of February 8, 1861, Rector and Totten signed an agreement placing the arsenal in the hands of state officials. That afternoon, Totten’s men arrived with a group of armed Rhode Islanders armed with pistols, revolvers, and rifles. The Rhode Island army was composed of about 2,500 men, of whom some 1,500 were veterans from the American Civil",0.0,13.819," On the morning of February 8, 1861, Rector and Totten signed an agreement placing the arsenal in the hands of state officials. That afternoon, the governor of the state arrived at the arsenal and signed documents to cede control of the facility to the state.

On October 15, 1861, the state officials placed the arsenal under federal military control. On January 7, 1862, a",0.563,15.496," On the morning of February 8, 1861, Rector and Totten signed an agreement placing the arsenal in the hands of state officials. That afternoon, Totten’s men arrived with a group of armed Rhode Islanders armed with pistols, revolvers, and rifles. The Rhode Island army was composed of about 2,500 men, of which 1,000 were sent to protect the depot.",3.623,14.104," On the morning of February 8, 1861, Rector and Totten signed an agreement placing the arsenal in the hands of state officials. That afternoon, the state authorities in a surprise attack seized the arsenal, killed Rector, and imprisoned Rector's son, John Totten.

John Totten was executed at Sing Sing prison in New York City on March 9, 1862.

",3.305,12.523," On the morning of February 8, 1861, Rector and Totten signed an agreement placing the arsenal in the hands of state officials. That afternoon, Totten was arrested as a conspirator against his country. He was tried and convicted on March 15, 1861. He was sentenced to death, but instead was executed on April 13, 1861, on the grounds of the old Arsenal.",8.5,10.686," On the morning of February 8, 1861, Rector and Totten signed an agreement placing the arsenal in the hands of state officials. That afternoon, the governor of the state, David Wilmot, signed an order placing the arsenal in the hands of the city's Board of Aldermen. That evening, the Board of Aldermen met and passed a resolution to lease the arsenal to the",0.0,13.735," On the morning of February 8, 1861, Rector and Totten signed an agreement placing the arsenal in the hands of state officials. That afternoon, Totten’s men invaded the city and seized the arsenal. The Rector was arrested on February 10 and charged with sedition, treason, and insurrection. His trial took place in Washington, DC. On February 16 he was found guilty",0.0,20.441," On the morning of February 8, 1861, Rector and Totten signed an agreement placing the arsenal in the hands of state officials. That afternoon, the state took control of the arsenal in an effort to reanimate the dying military industry and revitalize the Port City. The governor, John W. Clements, had just appointed Major General William Totten as the state's first director of gun",0.0,14.495," On the morning of February 8, 1861, Rector and Totten signed an agreement placing the arsenal in the hands of state officials. That afternoon, the state officials arrested Rector and Totten and took them to the office. Rector was given a wooden box with a number of stamps on it, and he was told that his papers were being filed. Rector was then taken to the",0.0,26.168," On the morning of February 8, 1861, Rector and Totten signed an agreement placing the arsenal in the hands of state officials. That afternoon did Governor Tappan host a reception for the two men in his home. He did not meet them until 6 the next morning and even then only briefly.
The following evening Governor Tappan was in his car with Secretary of War Johnson in",0.0,23.578," On the morning of February 8, 1861, Rector and Totten signed an agreement placing the arsenal in the hands of state officials. That afternoon, Fathers O'Reilly and Shannon read the terms of the agreement. Once the news of the proposal had spread, the Baltimore City Council convened and approved of it. Five days later Congress agreed to transfer the arsenal to the city.

In the",1.78,15.152," On the morning of February 8, 1861, Rector and Totten signed an agreement placing the arsenal in the hands of state officials. That afternoon, Totten resigned his seat in the House of Delegates. He had always been the youngest delegate to the General Assembly, and he had now announced his intention to resign to pursue his profession of law. It is not known whether he was offered a"
Wiki_Academic,32,0.0,10.276,0.563,7.232," The Little Rock Arsenal was classified in 1860 as an "" arsenal of deposit, "" meaning that it was simply a warehouse for the storage of weapons intended to be used for use at War or in a War situation.
> The Little Rock Arsenal was classified in 1860 as an "" arsenal of deposit, "" meaning that it was simply a warehouse for the storage of weapons intended to be used for use at",0.0,13.516," The Little Rock Arsenal was classified in 1860 as an "" arsenal of deposit, "" meaning that it was simply a warehouse for the storage of weapons intended to be used for use at the Battle of the Crater. In February 1861 the Arsenal was classified as a "" arsenal of ordinary ammunition.

In February 1862 the Arsenal was classified as a "" arsenal of percussion ammunition "". This classification applied to all",0.563,7.232," The Little Rock Arsenal was classified in 1860 as an "" arsenal of deposit, "" meaning that it was simply a warehouse for the storage of weapons intended to be used for use at War or in a War situation.
> The Little Rock Arsenal was classified in 1860 as an "" arsenal of deposit, "" meaning that it was simply a warehouse for the storage of weapons intended to be used for use at",0.563,8.236," The Little Rock Arsenal was classified in 1860 as an "" arsenal of deposit, "" meaning that it was simply a warehouse for the storage of weapons intended for export. It was never used for direct defense. It was used only for storage. It was never used for direct defense. It was never used for direct defense. It was never used for direct defense. It was never used for direct defense.",3.038,7.323," The Little Rock Arsenal was classified in 1860 as an "" arsenal of deposit, "" meaning that it was simply a warehouse for the storage of weapons intended to be used against civilians. The arsenal was purchased by the city of Little Rock in 1859. The Little Rock Arsenal was classified as an "" arsenal of deposit "" in 1860. The arsenal was purchased by the city of Little Rock in 1859.",8.5,10.276," The Little Rock Arsenal was classified in 1860 as an "" arsenal of deposit, "" meaning that it was simply a warehouse for the storage of weapons intended to be used against the United States or its allies. In 1864, the Arsenal was ordered to be transformed into the arsenal of defense in preparation for a possible war with the Confederate States. The Arsenal was later renamed the Arsenal of the United States Army",0.0,12.348," The Little Rock Arsenal was classified in 1860 as an "" arsenal of deposit, "" meaning that it was simply a warehouse for the storage of weapons intended for sale to the general public. This was a minor change from the previous classification in 1859 as an "" arsenal of deposit, "" in which the Arsenal was to have been a repository for the general public. This was in contrast to the Arsenal at",0.0,12.979," The Little Rock Arsenal was classified in 1860 as an "" arsenal of deposit, "" meaning that it was simply a warehouse for the storage of weapons intended to be used against the United States or the Confederacy. However, the arsenal also produced firearms and explosives to be used against the United States in the event of either a war or a coup d' etat.

The United States government classified The",0.0,15.115," The Little Rock Arsenal was classified in 1860 as an "" arsenal of deposit, "" meaning that it was simply a warehouse for the storage of weapons intended to be used for defense at various strategic points around the nation, particularly on the eastern and southern coasts of the United States.

The Army Ordnance Department of the United States Army had requested permission to build a large arsenal, and when they had",0.0,48.756," The Little Rock Arsenal was classified in 1860 as an "" arsenal of deposit, "" meaning that it was simply a warehouse for the storage of weapons intended as contingency measures for the conflict. Under the new battle doctrine requirement the AR National Guard is going to be able to simulate an armed conflict from every possible angle. This has opened up an explosion of commercial and international arms dealers competing in trying to find these",0.0,27.941," The Little Rock Arsenal was classified in 1860 as an "" arsenal of deposit, "" meaning that it was simply a warehouse for the storage of weapons intended either for the general public or for use in an uprising. It was not intended at that time to be used other than for the storage and safekeeping of weap- ens. When the arsenal's space was space was exploited and it began to develop",-0.147,15.698," The Little Rock Arsenal was classified in 1860 as an "" arsenal of deposit, "" meaning that it was simply a warehouse for the storage of weapons intended to be used in war.  The Arsenal was used to store everything from small arms, which could be converted to explosives, cannon and other military uses, to artillery.

The Arsenal was also a center of trade.  It is where the"
Wiki_Academic,33,0.0,15.11,0.113,13.898," Inside the Little Rock Arsenal after its seizure in February, 1861, the Confederates inventoried some 10 @,@ 247 weapons, 250 @,@.@ guns, and 2 @,@ bombs. @,@.@ #,@.@ #,@.@ #,@.@.@ #,@.@.@.@ #,@.@.@",0.0,29.498," Inside the Little Rock Arsenal after its seizure in February, 1861, the Confederates inventoried some 10 @,@ 247 weapons, 250 @,@.22 caliber, and 200 @,@ @ rifles. These were not large quantities of weapons at all.

The @,@ were among a total of 7,000 @,@ rifles and @,@ weapons from the @,",0.113,13.898," Inside the Little Rock Arsenal after its seizure in February, 1861, the Confederates inventoried some 10 @,@ 247 weapons, 250 @,@.@ guns, and 2 @,@ bombs. @,@.@ #,@.@ #,@.@ #,@.@.@ #,@.@.@.@ #,@.@.@",4.838,11.04," Inside the Little Rock Arsenal after its seizure in February, 1861, the Confederates inventoried some 10 @,@ 247 weapons, 250 @,@ 5.4 @,@ 5.4 @,@ 5.4 @,@ 5.4 @,@ 5.4 @,@ 5.4 @,@ 5.4 @,@ 5.4 @,@ 5",3.01,31.009," Inside the Little Rock Arsenal after its seizure in February, 1861, the Confederates inventoried some 10 @,@ 247 weapons, 250 @,@ 100 black powder rifles, and 15,000 rounds of black powder ammunition. The following day, the Army of Northern Virginia put into motion plans for an extensive campaign against Little Rock and its arsenal.",8.5,15.11," Inside the Little Rock Arsenal after its seizure in February, 1861, the Confederates inventoried some 10 @,@ 247 weapons, 250 @,@.@,@ and 2 @,@ bombs. #,@ #,@.@,@ #,@. @,@ #,@. @,@ #,@.@,@ #,@. @,@",0.0,25.881," Inside the Little Rock Arsenal after its seizure in February, 1861, the Confederates inventoried some 10 @,@ 247 weapons, 250 @,@ and 4,000 shells in addition to 6,000 bullets and some 1,200 cartridges. The Confederates also had some 1,500 lbs. of powder on hand and an equal number of shot. The Confederates had about 3,000",0.0,32.822," Inside the Little Rock Arsenal after its seizure in February, 1861, the Confederates inventoried some 10 @,@ 247 weapons, 250 @,@.

The Army in the West was desperately short on ammunition, which was why the Confederate Army had been building up its arsenal, according to William H. Spaulding, an expert on the Confederate military who has just completed the first volume",0.0,30.021," Inside the Little Rock Arsenal after its seizure in February, 1861, the Confederates inventoried some 10 @,@ 247 weapons, 250 @,@.@, of various types, including cannon. During the war, the Arsenal produced 2,,, @,@, @,@, & nbsp ; guns, 8 @,@.@, & nbsp ; and 3 @,",0.0,89.794," Inside the Little Rock Arsenal after its seizure in February, 1861, the Confederates inventoried some 10 @,@ 247 weapons, 250 @,@ the @ arsenal. 96 of them they applied for in March. 11 of th@ guns were tripped out. 31 men won a bid & obtained a gun. 7 were married. 2 lost their jobs. 7 had to wait until May 28",0.0,110.448," Inside the Little Rock Arsenal after its seizure in February, 1861, the Confederates inventoried some 10 @,@ 247 weapons, 250 @,@ 47 mounted guns as well as several more small guns.

This slide shows the installation of Little Rock batteries for coastal defense in May 1861. From right to left it reads Confederate African Fortrors( 2 Conc + 2 N,2 EM",0.903,26.495," Inside the Little Rock Arsenal after its seizure in February, 1861, the Confederates inventoried some 10 @,@ 247 weapons, 250 @,@ 250 ammunition, and 4,700 shells. The Army of the Tennessee’s 2nd Division possessed 7,700 @,@ 240 weapons; 1,350 @,@ 240 ammunition; and 200 shells. The Army of the Cumberland"
Wiki_Academic,34,0.0,23.052,-4.838,11.643," Of this number, approximately 9600 weapons were serviceable, or ready @-@ for @-@ issue. Note there were only 1 @-@ Issue from the @-@ Issue :-@ Issue :-@ Issue :-@ Issue :-@ Issue :-@ Issue :-@ Issue :-@ Issue :-@ Issue :-@ Issue :-@ Issue :",0.0,38.47," Of this number, approximately 9600 weapons were serviceable, or ready @-@ for @-@ issue. Note there were only 1 @-@ Issue for the entire month of July, for the other 8 June days, the number of weapons @-@ was 6894.

Might also be worth noting that this was the time when it was rumored that the Russian police",-4.838,11.643," Of this number, approximately 9600 weapons were serviceable, or ready @-@ for @-@ issue. Note there were only 1 @-@ Issue from the @-@ Issue :-@ Issue :-@ Issue :-@ Issue :-@ Issue :-@ Issue :-@ Issue :-@ Issue :-@ Issue :-@ Issue :-@ Issue :",1.238,25.77," Of this number, approximately 9600 weapons were serviceable, or ready @-@ for @-@ issue. Note there were only 1 @-@ issue with about 450 weapons & the rest were either awaiting shipment or had been returned as @-@.

This is a summary of the weapons & equipment used by U.S. forces in the invasion of Iraq.

This",1.688,34.617," Of this number, approximately 9600 weapons were serviceable, or ready @-@ for @-@ issue. Note there were only 1 @-@ option from the entire fleet so it would not surprise me if any of them was really usable as @-@ option.

@-@ options :

* Bofors 40mm autoloader (3 x 4.",8.5,23.153," Of this number, approximately 9600 weapons were serviceable, or ready @-@ for @-@ issue. Note there were only 1 @-@ issue from the @-@ weapon system for the @-@ year of the @-@.

The @-@ was a fairly simple weapon system. It was designed to replace the 5/45 machine gun, which was not",0.0,20.201," Of this number, approximately 9600 weapons were serviceable, or ready @-@ for @-@ issue. Note there were only 1 @-@ option for the @-@ weapon system for the @-@ Assault Rifle ( the @-@ Carbine, the @-@ Shotgun or the @-@ Assault Rifle. The @-@ Assault Rifle was a standard issue weapon for",0.0,34.908," Of this number, approximately 9600 weapons were serviceable, or ready @-@ for @-@ issue. Note there were only 1 @-@ issue from the original batch of 12000, the rest having been destroyed for non-conformity to service, which was a big problem back in the day.

The next lot was the original batch 12000, plus the 8000",0.0,33.271," Of this number, approximately 9600 weapons were serviceable, or ready @-@ for @-@ issue. Note there were only 1 @-@ Issue per unit. So there is a little less than a 1% chance that all serviceable @-@s would ever be needed. So they should last about 200 years.

But just like all that, we don't really",0.0,85.979," Of this number, approximately 9600 weapons were serviceable, or ready @-@ for @-@ issue. Note there were only 1 @-@ military hospital @-@ dedicated to nursing cases which was called 1st Army Hospital. You can find this information in chapter 9 of Randall Bellby, pdf # 634665

Notes

1. Writing style is often confusing as",0.0,56.724," Of this number, approximately 9600 weapons were serviceable, or ready @-@ for @-@ issue. Note there were only 1 @10000 guns actually able to fire again.
> And of this number - approximately 7600 weapons were serviceable, or ready for immediate use  ... What? How many of those 9000 weapons are tons of DM or millions of RPGs?
900",3.742,24.432," Of this number, approximately 9600 weapons were serviceable, or ready @-@ for @-@ issue. Note there were only 1 @-@ spare.

To make matters worse for the @-@ forces, the @-@ were to see their @-@ battle doctrine of “kill or be killed”, to be replaced by the @-@ doctrine of"
Wiki_Academic,35,0.0,10.505,-0.585,19.781," Most of the equipment, arms, and machinery at the Little Rock Arsenal was removed to east of the Mississippi River by order of Maj. Gen. William Tecumseh Sherman in July 1865.
The Sherman Soldier Museum has a book entitled, ""Old Arkansas: Life in the Heart of the Confederacy,"" written by Richard and Marlene Tisdale in 1975.",0.0,17.671," Most of the equipment, arms, and machinery at the Little Rock Arsenal was removed to east of the Mississippi River by order of Maj. Gen. William Tecumseh Sherman after the war. The ""Arsenal of the Confederacy"" was relocated from just west of the river to the south. The Gun Makers, Light and Heavy Engineers were given a different area of the Arsenal as their shops.",-0.585,19.781," Most of the equipment, arms, and machinery at the Little Rock Arsenal was removed to east of the Mississippi River by order of Maj. Gen. William Tecumseh Sherman in July 1865.
The Sherman Soldier Museum has a book entitled, ""Old Arkansas: Life in the Heart of the Confederacy,"" written by Richard and Marlene Tisdale in 1975.",3.713,14.631," Most of the equipment, arms, and machinery at the Little Rock Arsenal was removed to east of the Mississippi River by order of Maj. Gen. Thomas S. Hartnell in September 1933. One of the last large-scale weapons systems to be constructed there was the 75mm howitzer, a weapon to be used by U.S. forces in World War II. One of the last large",3.038,15.003," Most of the equipment, arms, and machinery at the Little Rock Arsenal was removed to east of the Mississippi River by order of Maj. Gen. U.S. Grant. The Arkansas Historical Society has been called on many times over the years to help with the task. The society has been providing photographs of Army equipment to the Arkansas Department of Archives and History. This series of photographs, taken sometime",8.5,10.505," Most of the equipment, arms, and machinery at the Little Rock Arsenal was removed to east of the Mississippi River by order of Maj. Gen. William Tecumseh Sherman after the war.

The Little Rock Arsenal was established as a depot for the construction of the army's field artillery during the Civil War. It was established in 1864 and had an estimated 1,500 employees.",0.0,11.2," Most of the equipment, arms, and machinery at the Little Rock Arsenal was removed to east of the Mississippi River by order of Maj. Gen. William T. Sherman during his March to the Sea campaign of 1864. This area became the city of Little Rock. The Arsenal was located on land purchased by the Arsenal in 1839. The first Arsenal was built in 1836 as the Arsenal of",0.0,12.482," Most of the equipment, arms, and machinery at the Little Rock Arsenal was removed to east of the Mississippi River by order of Maj. Gen. William Tecumseh Sherman after the war.  The Sherman-Lincoln bridge over the Mississippi River was opened as a replacement for the former Arsenal bridges.  A statue of Sherman is located at the main entrance of the Arsenal.  The Arsenal",0.0,10.374," Most of the equipment, arms, and machinery at the Little Rock Arsenal was removed to east of the Mississippi River by order of Maj. Gen. Thomas J. ""Stonewall"" Jackson.
The Arsenal is located east of the Mississippi River and north of Fort Smith and Fort Smith is located south of the river and west of Fort Campbell and Ft. Campbell is located north of Memphis and",0.0,24.083," Most of the equipment, arms, and machinery at the Little Rock Arsenal was removed to east of the Mississippi River by order of Maj. Gen. John C. LeConte and sold to the United States on December 31, 1917, to form the base of the newly-deflated U. S. Army, Training Section (Fort Rucker).

Defense Tanks and Cars at Little Rock",0.0,20.673," Most of the equipment, arms, and machinery at the Little Rock Arsenal was removed to east of the Mississippi River by order of Maj. Gen. Joseph Mosley, U.S. commander of the Grand Army of the Republic as an emergency measure against an overflow from the Mississippi River.

New York, March 2
In spite of severe opposition to the proposed Panama Canal and the loss of",0.671,13.637," Most of the equipment, arms, and machinery at the Little Rock Arsenal was removed to east of the Mississippi River by order of Maj. Gen. U.S. Grant on orders of Gen. A.P. Hill. This was the beginning of the war's ""second"" major battle. After this battle, it was decided that the Army of the Potomac would receive the new arsenal"
Wiki_Academic,36,0.0,7.315,-2.588,11.629," Major General Thomas C. Hindman, sent to command the district of Arkansas in May, 1862, found the state nearly destitute of military material. In November, following an outbreak of disease among the soldiers, the federal army was withdrawn from Arkansas.

The state was rapidly overrun by Confederate forces, and Hindman, having failed to supply adequate forage for his men, was compelled to",0.0,12.345," Major General Thomas C. Hindman, sent to command the district of Arkansas in May, 1862, found the state nearly destitute of military material. The state had been severely damaged by a severe winter and the outbreak of the Civil War, and the state superintendent of schools had declared in 1859 that the state had no suitable materials to supply the Confederate army. Hindman found that the state had",-2.588,11.629," Major General Thomas C. Hindman, sent to command the district of Arkansas in May, 1862, found the state nearly destitute of military material. In November, following an outbreak of disease among the soldiers, the federal army was withdrawn from Arkansas.

The state was rapidly overrun by Confederate forces, and Hindman, having failed to supply adequate forage for his men, was compelled to",0.788,10.924," Major General Thomas C. Hindman, sent to command the district of Arkansas in May, 1862, found the state nearly destitute of military material. Only a few hundred well armed men had been raised in the state for the Confederate army. One regiment of infantry, the Twenty-fifth Arkansas Infantry, had been raised in the state in September, 1861, and only five hundred well armed men had",4.388,14.538," Major General Thomas C. Hindman, sent to command the district of Arkansas in May, 1862, found the state nearly destitute of military material. The state of Arkansas consisted of 3,000 men, of whom two-thirds had been recruited within its borders. Of the remaining third, about five thousand men, recruited from several neighboring states, were on the federal payroll, mostly as cavalry.",8.5,7.479," Major General Thomas C. Hindman, sent to command the district of Arkansas in May, 1862, found the state nearly destitute of military material. In November, he was relieved of command, and was replaced by Lieutenant General John C. Breckinridge. In February, 1863, Breckinridge was relieved of command, and Major General John M. Schofield was appointed.",0.0,14.398," Major General Thomas C. Hindman, sent to command the district of Arkansas in May, 1862, found the state nearly destitute of military material. The few pieces of artillery that existed had to be towed from one post to another. The few infantry companies available for service were in garrison and unable to move. Several local militia companies were idle. Hindman had no artillery to command, and no",0.0,10.151," Major General Thomas C. Hindman, sent to command the district of Arkansas in May, 1862, found the state nearly destitute of military material. There was no cavalry, artillery, or infantry. He took command of a division of cavalry and a regiment of infantry.

The army of General J. E. B. Stuart was on the line of the Ohio River near the city of",0.0,12.268," Major General Thomas C. Hindman, sent to command the district of Arkansas in May, 1862, found the state nearly destitute of military material, and little doubt existed as to the necessity of increasing the forces under his command. From the following dispatch of General Hindman to General Bragg of that date, the following facts appear:

I have the honor to submit to you these facts",0.0,24.05," Major General Thomas C. Hindman, sent to command the district of Arkansas in May, 1862, found the state nearly destitute of military material and equipment. Most of the existing volunteer troops were ill-equipped and poorly commandeered. Major General Cox offered advice, but Hindman ""... growled, “I came here to redeem my contract with my officers and soldiers,",0.0,25.955," Major General Thomas C. Hindman, sent to command the district of Arkansas in May, 1862, found the state nearly destitute of military material. Creighton being the only major general in Arkansas, Hindman mounted a campaign of tireless effort to raise companies of Arkansas troops. He defeated the secession forces in several battles, stressed the importance of protection of the Arkansasavy from sabotage, and favored",1.328,12.063," Major General Thomas C. Hindman, sent to command the district of Arkansas in May, 1862, found the state nearly destitute of military material. In June the commanding general offered him an appointment as brigadier general. Hindman declined, however, and in September was dismissed. He went to Arkansas, and in August 1862 was again offered a brigadier general's appointment, but declined the offer"
Wiki_Academic,37,0.0,19.578,-0.132,33.149," "" Machinery was made for manufacturing percussion caps and small arms, and both were turned out in small quantity, but of excellent quality. Lead mines were not being worked efficiently in those days and people were looking for alternative ways of making money, and percussion caps and small arms were good """,0.0,28.366," "" Machinery was made for manufacturing percussion caps and small arms, and both were turned out in small quantity, but of excellent quality. Lead mines were not being explored in large quantities and the mining industry was not very developed as yet.

The best lead from mines in Varna was exported mainly to England. The production of percussion caps took place in mines located in the village of Kras",-0.788,29.357," "" Machinery was made for manufacturing percussion caps and small arms, and both were turned out in small quantity, but of excellent quality. Lead mines were not being worked efficiently in those days, and therefore people were unable to work only on small scale. ""
The most important factor in determining the level of lead production in a country were the methods of lead extraction. By using different extraction methods,",2.588,13.578," "" Machinery was made for manufacturing percussion caps and small arms, and both were turned out in small quantity, but of excellent quality. Lead mines, for example, were turned into powder mills, for the manufacture of cast iron and other materials, for example, for the manufacture of cast iron and other materials, for example, for the manufacture of cast iron and other materials, for example, for",1.238,19.209," "" Machinery was made for manufacturing percussion caps and small arms, and both were turned out in small quantity, but of excellent quality. Lead mines were not discovered in Khwaja Ghulam Muhammad, so mining was carried on by making percussion caps and other small items of manufacture ""
"" Machinery was made for manufacturing percussion caps and small arms,and both were turned out in small quantity",8.5,23.808," "" Machinery was made for manufacturing percussion caps and small arms, and both were turned out in small quantity, but of excellent quality. Lead mines were not being worked, in spite of the fact that copper was being extracted from the mines. All the machinery was imported from England, and was in the hands of skilled craftsmen ""

"" The British were always successful because they had very good",0.0,35.623," "" Machinery was made for manufacturing percussion caps and small arms, and both were turned out in small quantity, but of excellent quality. Lead mines were not being worked, and there were no steel mills, so the country needed metal parts. All this was done from local resources, and from them they could manufacture some small arms "".

""The Germans occupied the city of Jena from",0.0,26.398," "" Machinery was made for manufacturing percussion caps and small arms, and both were turned out in small quantity, but of excellent quality. Lead mines in the area were often in use, though, by the mid- to late-19th century, the area was not in use. ""

"" The first official documentation of this area, which was called the ""Gorki"" district",0.0,26.332," "" Machinery was made for manufacturing percussion caps and small arms, and both were turned out in small quantity, but of excellent quality. Lead mines in the area yielded high amounts of lead and tin."",
""In 1852, the factory was built, an operation that could be completed in one month. It had a capacity of 5,000 caps per day. It produced a great deal",0.0,76.74," "" Machinery was made for manufacturing percussion caps and small arms, and both were turned out in small quantity, but of excellent quality. Lead mines of different quality were worked in the nearby district. The language for writing the Old Bardarolka date-records (age-observations) uses strictly Cyrillic,which is quite unusual. The Vybas were an exilic",0.0,61.588," "" Machinery was made for manufacturing percussion caps and small arms, and both were turned out in small quantity, but of excellent quality. Lead mines had to be brought to,...Utah prosecutors and police respond to several officers shooting at raid from a home
At least four people were wounded when a standoff with police erupted Wednesday in a Utah neighborhood in a tense standoff that lasted over eight hours.
",-0.643,19.561," "" Machinery was made for manufacturing percussion caps and small arms, and both were turned out in small quantity, but of excellent quality. Lead mines were not so plentiful then as they are now, and they were not of the same quality. There were some two or three hundred different kinds, of which only a few are now in production. Percussion caps were made of lead, iron or brass"
Wiki_Academic,38,0.0,15.26,0.338,16.873," This ammunition, and that which I brought with me, was rapidly prepared for use at the Laboratory established at the Little Rock Arsenal for that purpose.

The war had begun, and every man in the service had a rifle, and every man in the service had a revolver.

In order to have any chance for our work at the Laboratory, there had to be a supply of powder",0.0,22.058," This ammunition, and that which I brought with me, was rapidly prepared for use at the Laboratory established at the Little Rock Arsenal for that purpose. A few of the latter had been sent to me as a gift of the United States Government during the late war of rebellion.

My son-in-law, Lieutenant William L. Moore, Jr., had charge during the war of the",0.338,16.873," This ammunition, and that which I brought with me, was rapidly prepared for use at the Laboratory established at the Little Rock Arsenal for that purpose.

The war had begun, and every man in the service had a rifle, and every man in the service had a revolver.

In order to have any chance for our work at the Laboratory, there had to be a supply of powder",1.463,16.571," This ammunition, and that which I brought with me, was rapidly prepared for use at the Laboratory established at the Little Rock Arsenal for that purpose. It consisted of a large portion of the rounds which had been manufactured by my hands, for the use of the United States Army during the last year, and which had been stored in a large gun-cask, for the use of the United States",2.588,25.234," This ammunition, and that which I brought with me, was rapidly prepared for use at the Laboratory established at the Little Rock Arsenal for that purpose. A portion of it had been used in experiments which I subsequently reported on. A few of the cases of powder and ball arrived from Washington as early as January 14th, two days before it was reported from New York, that they had been intercepted,",8.5,15.26," This ammunition, and that which I brought with me, was rapidly prepared for use at the Laboratory established at the Little Rock Arsenal for that purpose. A portion of it had been previously sent to the Arsenal by the Government of Mexico to be used in that country. The remainder of it was obtained from the Mexican Government in the fall of last year.

In November, 1885, I was",0.0,18.634," This ammunition, and that which I brought with me, was rapidly prepared for use at the Laboratory established at the Little Rock Arsenal for that purpose. A large number of the pieces of ordnance which were brought along with me were brought from the Arsenal by the late Colonel Grant, and there were quite a number of pieces of ordnance of the calibre of the 7-inch Gun and the 8",0.0,15.024," This ammunition, and that which I brought with me, was rapidly prepared for use at the Laboratory established at the Little Rock Arsenal for that purpose. A portion of it had been prepared in the Ordnance Department of the Army of the Potomac for use on the Potomac River, when I was ordered to take charge of it there. The remainder had been prepared during the present occupation of",0.0,17.306," This ammunition, and that which I brought with me, was rapidly prepared for use at the Laboratory established at the Little Rock Arsenal for that purpose. -

The purpose of this laboratory is to show the value of this type of ammunition, and to demonstrate to the public the extent to which it is a superior weapon over all other kinds of ammunition. -

This new type of ammunition,",0.0,48.887," This ammunition, and that which I brought with me, was rapidly prepared for use at the Laboratory established at the Little Rock Arsenal for that purpose. But, as I live in the City, can the Regiment reasonably expect that of me as a Factory Farmer that I would manufacture it myself?

MR. Editor : The soldiers of the Little Rock Army do not belong to the Rebel movement as a",0.0,23.371," This ammunition, and that which I brought with me, was rapidly prepared for use at the Laboratory established at the Little Rock Arsenal for that purpose.

After you have intimated to me your objections to the construction of the fortifications at Little Rock, I will endeavour to deserve your confidence and can assure you that I will do my best to obtain a reply to those which may appear to be",0.378,15.114," This ammunition, and that which I brought with me, was rapidly prepared for use at the Laboratory established at the Little Rock Arsenal for that purpose. A few cases of this ammunition were obtained from the Arsenal, and they were stored in the gun room of the laboratory, to be used as necessary.
[Sidenote: 1879.]
On the 25th of August, 1879,"
Wiki_Academic,39,0.0,16.239,-1.238,16.166," The Confederate ordnance establishment at Little Rock was reactivated in August, 1862. Looking around for a suitable person to head this activity, General Hindman, who controlled the division, decided on an officer, General J.E.B Stuart. However, General Hindman felt that general John C. Breckinridge, who was in command of the Army of Tennessee, would be a more",0.0,22.425," The Confederate ordnance establishment at Little Rock was reactivated in August, 1862. Looking around for a suitable person to head this activity, General Hindman chose C. A. Lawrence. In September, General Butler ordered the Army of the Ohio to move on Little Rock. But orders from Washington were not issued until October. General Hindman sent a letter to President Johnson, requesting permission to activate the",0.113,17.741," The Confederate ordnance establishment at Little Rock was reactivated in August, 1862. Looking around for a suitable person to head this activity, General Hindman, who controlled the division, decided on an officer, General J.E.B. Stuart. He sent him to Little Rock, Arkansas, where he was appointed superintendent of ordnance. This appointment would give General Stuart the opportunity to work out",1.238,11.91," The Confederate ordnance establishment at Little Rock was reactivated in August, 1862. Looking around for a suitable person to head this activity, General Hindman was appointed a brigadier general on October 1, 1862. He was immediately put in command of the new division at Little Rock. He was appointed a brigadier general on October 1, 1862. He was immediately put in command of the new division",3.263,21.223," The Confederate ordnance establishment at Little Rock was reactivated in August, 1862. Looking around for a suitable person to head this activity, General Hindman recommended C. B. McCombs of the U. S. Army of the Cumberland as commander. He was given command of the Arkansas Depot. This post was known as Little Rock Depot. He was given one hundred men from the Arkansas Battery",8.5,13.343," The Confederate ordnance establishment at Little Rock was reactivated in August, 1862. Looking around for a suitable person to head this activity, General Hindman turned to the Civil War veteran, Colonel John W. Butler. Butler had been active in the Confederate Army, and had received a brevet promotion to the rank of brigadier general for gallantry during action at the Battle of Chickamauga.",0.0,25.085," The Confederate ordnance establishment at Little Rock was reactivated in August, 1862. Looking around for a suitable person to head this activity, General Hindman turned to the famous Mr.Jimmie Lee. The Confederates had always been averse to having their equipment made in the USA, and Mr. Lee had made his name manufacturing and exporting the finest weapons to the south.

S",0.0,18.416," The Confederate ordnance establishment at Little Rock was reactivated in August, 1862. Looking around for a suitable person to head this activity, General Hindman was appointed. He had a successful tenure, training numerous Confederate officers.

Listed below is a brief history of this organization, selected from the official histories of the Confederate States of America.

The Confederate Ordnance Department was established at",0.0,20.854," The Confederate ordnance establishment at Little Rock was reactivated in August, 1862. Looking around for a suitable person to head this activity, General Hindman chose General Wm. E. Lee, a man who was known for his fine discipline and high level of professionalism. Lee had already been in the war for a year, fighting for both Virginia and North Carolina. He was a capable and intelligent",0.0,65.872," The Confederate ordnance establishment at Little Rock was reactivated in August, 1862. Looking around for a suitable person to head this activity, General Hindman accepted the appointment as major of Ordnance of the 1st Confederate Division commanded by the General Hood.CSP Shows Us How Inflatable World Cup Flags Are Made
Emile Pichette can inflate $116,000 worth of",0.0,36.92," The Confederate ordnance establishment at Little Rock was reactivated in August, 1862. Looking around for a suitable person to head this activity, General Hindman picked Alfred Strange, the former 6th Governor of North Carolina. Strange had issued the appeal. He took up the job, with Jackson Davis appointed executive officer. Strange had been the chief of staff during Jackson’s brief tenure as Governor.",2.551,15.367," The Confederate ordnance establishment at Little Rock was reactivated in August, 1862. Looking around for a suitable person to head this activity, General Hindman turned to a friend.  The friend was General John Buford, who had been the Confederate commissary in Richmond during the Siege of Petersburg.  Buford arrived in Little Rock in September 1862.  His first assignment was to"
Wiki_Academic,40,0.0,69.119,-0.342,6.15," Lt. Col. Dunnington's "" Returns for the month of August, 1862, at Little Rock Arsenal, C.S.A.

Lt. Col. Dunnington's "" Return for the month of August, 1862, at Little Rock Arsenal, C.S.A.

+

+

[[Image:1862.jpg|thumb|",0.0,16.953," Lt. Col. Dunnington's "" Returns for the month of August, 1862, at Little Rock Arsenal, C.S.A... He was discharged from the service for disability of the left eye... He served in the Army of the Ohio... He was married in Little Rock, Ark., Nov. 21, 1844, to Miss Louisa Morgan.",-0.342,6.15," Lt. Col. Dunnington's "" Returns for the month of August, 1862, at Little Rock Arsenal, C.S.A.

Lt. Col. Dunnington's "" Return for the month of August, 1862, at Little Rock Arsenal, C.S.A.

+

+

[[Image:1862.jpg|thumb|",3.394,8.853," Lt. Col. Dunnington's "" Returns for the month of August, 1862, at Little Rock Arsenal, C.S.A., for conduct in action with rebels at Atlanta, Ga., for conduct in action with rebels at Atlanta, Ga., for conduct in action with rebels at Atlanta, Ga., for conduct in action with rebels at Atlanta, Ga., for",3.693,21.198," Lt. Col. Dunnington's "" Returns for the month of August, 1862, at Little Rock Arsenal, C.S.A... He was awarded the silver star for his bravery and intrepidity on the 2nd day of June 1865. His death was reported as from illness. His death was reported as from illness.",8.5,69.119," Lt. Col. Dunnington's "" Returns for the month of August, 1862, at Little Rock Arsenal, C.S.A...................................................",0.0,69.119," Lt. Col. Dunnington's "" Returns for the month of August, 1862, at Little Rock Arsenal, C.S.A...................................................",0.0,13.516," Lt. Col. Dunnington's "" Returns for the month of August, 1862, at Little Rock Arsenal, C.S.A...

Lt. Col. Dunnington of Company G, 2nd Arkansas Infantry Regiment, was killed on the 22d of August, 1862, when his company was ambushed at the Battle of Mounds Bend, in the state of Mississippi",0.0,10.301," Lt. Col. Dunnington's "" Returns for the month of August, 1862, at Little Rock Arsenal, C.S.A.

Lt. Col. Thomas "" De'elton'Dunnington's "" Returns for the month of August, 1862, at Little Rock Arsenal, C.S.A.

Lt. Col. Thomas "" De'elton '",1.827,84.866," Lt. Col. Dunnington's "" Returns for the month of August, 1862, at Little Rock Arsenal, C.S.A., Fltet 64th N. Br J. G. Canfield, Capt Cararton, A.E. France and Simeon Pope Chief Mechanical Engineer I am leaving on Monday for Memphis Screens. About this time we shall have completed",1.025,55.088," Lt. Col. Dunnington's "" Returns for the month of August, 1862, at Little Rock Arsenal, C.S.A., Miss[iah]. Five sha­ rves [9 rounds] of three­ pounder gun in two pou­ si­ cal nown C.S.A. shells. 223 rounds of six­ pound gun in two weakened",1.579,11.418," Lt. Col. Dunnington's "" Returns for the month of August, 1862, at Little Rock Arsenal, C.S.A.
On August 28, 1862, I received orders to report to the Commander of the Second Division of the Army of the Potomac, Brig. Gen. Richard W. Lee.
It was on the 28th of August, 1862, that"
Wiki_Academic,41,0.0,19.795,1.359,18.301," The military force at Little Rock under Dunnington's command consisted of four officers : himself, Major John B. Lockman, Captain C. R. Ellington, and Major Andrew B. Davis.

, Major Lockman, and Captain Ellington, and. General Ellington's command consisted of two officers and seventy-seven noncombatants, who were all of",0.0,18.742," The military force at Little Rock under Dunnington's command consisted of four officers : himself, Major John B. Lockman, Captain C. F. C. Mitchell, and Captain J. C. Wilson. The order of battle was as follows: Two batteries of artillery and two companies of infantry. Lace, a native of New Hampshire, was a private in the infantry. On November",-0.453,16.976," The military force at Little Rock under Dunnington's command consisted of four officers : himself, Major John B. Lockman, Captain C. R. Ellinger, and Major L. E. Baker. The latter died in action.

In the spring of 1894 the American Civil War was in its last throes, and Arkansas was a Confederate state. The city of Little",2.393,12.222," The military force at Little Rock under Dunnington's command consisted of four officers : himself, Major John B. Lockman, Captain C. F. Thomas (acting ) and Captain C. F. Thomas (acting ).

Little Rock, 20 July, 20 July, 20 July, 20 July, 20 July, 20 July, 20 July, 20 July, 20 July, 20",6.114,21.998," The military force at Little Rock under Dunnington's command consisted of four officers : himself, Major John B. Lockman, Captain C. H. E. Mitchell, and Major Andrew B. Hill. There was also an orderly, Lieutenant James R. Blaikie. During the year of 1901, Little Rock was relieved from his command on account of his health. He was promoted",8.5,19.795," The military force at Little Rock under Dunnington's command consisted of four officers : himself, Major John B. Lockman, Captain C. H. E. Mitchell, and Major L. C. Wilson. The other enlisted men were: Sergeant John D. Ralston, Private James A. Larkin, Private James N. Miller, Private J. H. O'Kelly,",0.0,24.978," The military force at Little Rock under Dunnington's command consisted of four officers : himself, Major John B. Lockman, Captain C. H. C. Mitchell, and Major Andrew W. B. Nunn, a civilian officer.

,, and, a civilian officer. Dunnington's command also included the regiment, the cavalry regiments, and the artillery brigade. The",0.0,17.365," The military force at Little Rock under Dunnington's command consisted of four officers : himself, Major John B. Lockman, Captain C. B. E. Lively, and Lieutenant A. C. Neely, the latter three officers being commissioned lieutenants in the Regular Army. The men, under Commander Dunnington's command, numbered one hundred and twenty-five men.",0.0,19.261," The military force at Little Rock under Dunnington's command consisted of four officers : himself, Major John B. Lockman, Captain C. H. E. Mitchell, and Major L. E. O'Reilly.  The unit was equipped with four officers of the rank of sergeant.

The command of Little Rock was engaged during the Battle of Fort Pillow on the evening of",0.0,26.784," The military force at Little Rock under Dunnington's command consisted of four officers : himself, Major John B. Lockman, Captain C. R. Lyle and Captain W. S. Dunnington, and superintending a number of laborers. The command moved most of its fighting forces from Department of the Ohio to the Department of the Arkansas, where they camped at Hondo.",0.0,62.293," The military force at Little Rock under Dunnington's command consisted of four officers : himself, Major John B. Lockman, Captain C. M. P. Reed and Lieutenant Colonel Collins Stevens. The term of his command was stated as commencing on 12 October 1835 and ending on 13 March 1838 (Howard).

ADDISONDICKDusan Capt. Bannon ME",-0.294,21.355," The military force at Little Rock under Dunnington's command consisted of four officers : himself, Major John B. Lockman, Captain C. H. Gaddis, and Lieutenant A. L. Williams. During the invasion, Gaddis was wounded by an enemy rifle bullet. The first night of May 20, at approximately 7.20pm, the Arkansas National Guard's 1st"
Wiki_Academic,42,0.0,8.961,0.662,28.903," During the month of August, 1862, the following work was performed : "" Fabricated : one pair of musket bullet moulds ; 10 @$10 for each ; and 15 @$5 for each ; and cast : one pistol case ; and 5 musket cartridge cases. """,0.0,10.007," During the month of August, 1862, the following work was performed : "" Fabricated : one pair of musket bullet moulds ; 10 @$4.00."" and "" Finished : one pair of musket ball moulds ; 9 @$2.00."" and "" Finished : two pair of musket ball moulds ; 9 @$2.00."" and "" Finished : one",0.662,28.903," During the month of August, 1862, the following work was performed : "" Fabricated : one pair of musket bullet moulds ; 10 @$10 for each ; and 15 @$5 for each ; and cast : one pistol case ; and 5 musket cartridge cases. """,2.121,10.186," During the month of August, 1862, the following work was performed : "" Fabricated : one pair of musket bullet moulds ; 10 @ 6.4"", 20 @ 6.4"", 20 @ 6.4"", 20 @ 6.4"", 20 @ 6.4"", 20 @ 6.4"", 20 @ 6.4"", 20 @ 6",4.163,9.398," During the month of August, 1862, the following work was performed : "" Fabricated : one pair of musket bullet moulds ; 10 @ 8.50 per pound."" "" Cast : one pair of musket ball moulds ; 5 @ 8.50 per pound."" "" Cast : one pair of musket ball moulds ; 5 @ 8.50 per pound."" "" Cast : one",8.5,13.688," During the month of August, 1862, the following work was performed : "" Fabricated : one pair of musket bullet moulds ; 10 @$10 ; manufactured and fitted together by the undersigned : for use at the arsenal ; "" : "" "" "" "" "" "" : "" Fabricated : one pair of musket bullet moulds ; 10 @$10 ; manufactured and fitted together by",0.0,14.909," During the month of August, 1862, the following work was performed : "" Fabricated : one pair of musket bullet moulds ; 10 @ "" inches diameter ; and one barrel for the said moulds ; and one barrel for the said moulds "".

During the month of August 1862, the following work was performed : "" Fabricated: two musket bullets ; one barrel for",0.0,14.903," During the month of August, 1862, the following work was performed : "" Fabricated : one pair of musket bullet moulds ; 10 @ 1.50 each."" and "" Fabricated : 1 pair of musket bullet moulds ; 50 @ 1.00 each.""

The report of August 18, 1862 indicates that the work for August 18, 1862 was cancelled. Presumably, the",0.0,13.479," During the month of August, 1862, the following work was performed : "" Fabricated : one pair of musket bullet moulds ; 10 @ 25c ; 5 at 15c ; 3 @ 7c ; 4 at 4c ; 5 at 2c ; 4 at 1c ; 4 at 0c ; 3 at 0c ; 5 at 0c ; 3 @ 2p per pair ;",0.0,18.222," During the month of August, 1862, the following work was performed : "" Fabricated : one pair of musket bullet moulds ; 10 @? 8 "" x
 (west Hall)
"" Fabricated : pair of musket bullet moulds ; 10 @? 5 "" x
 (West Hall)
"" Fabricated : one pair of musket bullet moulds ; 3 @?",0.0,55.578," During the month of August, 1862, the following work was performed : "" Fabricated : one pair of musket bullet moulds ; 10 @ 21 oz each ( 8 assembled and 6 unfinished rounded head, sharpened at both sides ; 1 weighed 24.11 oz ; 2.66 ounces, 1.680, 0.225 ounces ; 3 @ only 2.34 ounces ; 1 weighed 22",1.868,14.045," During the month of August, 1862, the following work was performed : "" Fabricated : one pair of musket bullet moulds ; 10 @ 8 inches long ; and one piece of small ball mould ; 18 @ 8 inches long ; also : "" Constructed : 1 pair of musket ball moulds ; 1 piece of small ball mould ; and one piece of large ball mould ; 10 @"
Wiki_Academic,43,0.0,16.835,1.688,15.97," Lt. Col. Dunnington continued to build up his works at Little Rock until November 1862, when Captain Sanford C. Faulkner ( composer, conductor and violinist ) was commissioned to command the 8th Arkansas Infantry. Lieutenant Colonel Dunnington remained with Faulkner until January 1863.

Lieutenant Colonel William D. Dunnington joined the Confederate Army and served under General Joseph E.",0.0,17.551," Lt. Col. Dunnington continued to build up his works at Little Rock until November 1862, when Captain Sanford C. Faulkner ( composer of “Battle Hymn of the Republic” ), and Lieutenant J.R.R. Bellas ( composer of “Stars and Stripes Forever “) joined him as a staff officer. He was the corps’ flag",1.688,15.97," Lt. Col. Dunnington continued to build up his works at Little Rock until November 1862, when Captain Sanford C. Faulkner ( composer, conductor and violinist ) was commissioned to command the 8th Arkansas Infantry. Lieutenant Colonel Dunnington remained with Faulkner until January 1863.

Lieutenant Colonel William D. Dunnington joined the Confederate Army and served under General Joseph E.",1.688,13.546," Lt. Col. Dunnington continued to build up his works at Little Rock until November 1862, when Captain Sanford C. Faulkner ( composer ) assumed command at Little Rock. Lt. Col. Dunnington moved to Fort Smith, Arkansas, and remained until July 1863. He was appointed a brigadier general on March 25, 1864, and assigned to command the 3rd Brigade, 2",3.713,19.787," Lt. Col. Dunnington continued to build up his works at Little Rock until November 1862, when Captain Sanford C. Faulkner ( composer of ""A Merry Little Christmas"") offered him command of his flagship, the brig of the same name. The following year, Faulkner's ship was sent as convoy to St. Petersburg, Russia, and Lieutenant Dunnington was reassigned. He",8.5,16.835," Lt. Col. Dunnington continued to build up his works at Little Rock until November 1862, when Captain Sanford C. Faulkner ( composer of the ""Battle Hymn of the Republic"") transferred command to Lieutenant Colonel John W. Jones.

This was a very short and uneventful campaign. The 11th Arkansas Regiment was disbanded on December 31, 1862, at Little Rock",0.0,25.297," Lt. Col. Dunnington continued to build up his works at Little Rock until November 1862, when Captain Sanford C. Faulkner ( composer of the famous'Dixie Blues' and an accomplished musician) was transferred from Little Rock back to Texas. Faulkner had been commissioned in 1862 and had served on two campaigns in Texas. Lieutenant Colonel Dunnington kept to the duties at Little Rock",0.0,17.096," Lt. Col. Dunnington continued to build up his works at Little Rock until November 1862, when Captain Sanford C. Faulkner ( composer of the ""Battle Hymn of the Republic "") took command and assumed full command of Fort Smith. Faulkner was determined to reenforce Fort Smith by transferring some of the garrison of Fort Smith to Fort Smith, which at that time",0.0,10.306," Lt. Col. Dunnington continued to build up his works at Little Rock until November 1862, when Captain Sanford C. Faulkner ( composer of the ""Battle Hymn of the Republic"" ""God Save the King of Great Britain"") took command of the commando.

Lt. Col. Dunnington continued to build up his works at Little Rock until November 1862, when Captain",0.0,40.338," Lt. Col. Dunnington continued to build up his works at Little Rock until November 1862, when Captain Sanford C. Faulkner ( composer of the music for the movie Gone with the Wind "") and Major Samuel Warner, on a ""Guerillas By Day and Gents by Night"" tour, ordered that work be stopped and the building reconstructed more for contemporary conveniences and comfort.",0.0,38.338," Lt. Col. Dunnington continued to build up his works at Little Rock until November 1862, when Captain Sanford C. Faulkner ( composer/conductor ), who had accompanied him in February 1862 to Fort Smith, Arkansas, recommended to Faulkner to liberate General John Bell Hood from Hood County Texas. Confederate ironclads were cruising off Matagorda Bay with free merchant vessels arriving",1.137,15.569," Lt. Col. Dunnington continued to build up his works at Little Rock until November 1862, when Captain Sanford C. Faulkner ( composer of the ""Battle Hymn of the Republic"") transferred command to Lieutenant Colonel Dunnington.

After the conclusion of General Lee's surrender in April 1865, Dunnington was promoted Major and retired from service. He died the next year.
"
Wiki_Academic,44,0.0,43.01,-0.563,50.189," Perhaps the most illuminating points of the above "" Summary of Work "" and those for following months are that the standard ammunition made was. "" buck &.30 "" caliber.
The standard load for this weapon was a single charge of either 60 grains of.22 or.25 grains of.30 under a minimum pressure of 454 grains.
These loads were usually run in two different kinds of",0.0,27.569," Perhaps the most illuminating points of the above "" Summary of Work "" and those for following months are that the standard ammunition made was. "" buck & ball "" and that the use of this type of ammunition was limited to the late 1800's & until the early 1900's.

In the late 19th century, when military training in the United States was in full swing, it was widely recognized",-0.563,50.189," Perhaps the most illuminating points of the above "" Summary of Work "" and those for following months are that the standard ammunition made was. "" buck &.30 "" caliber.
The standard load for this weapon was a single charge of either 60 grains of.22 or.25 grains of.30 under a minimum pressure of 454 grains.
These loads were usually run in two different kinds of",2.138,27.258," Perhaps the most illuminating points of the above "" Summary of Work "" and those for following months are that the standard ammunition made was. "" buck & # $%@ "" and that its reloading capacity was much greater than that of "" 7.62 x 54R "".

The above indicates that its reloading capacity was much greater than that of "" 7.62 x 54R "".
",5.063,39.654," Perhaps the most illuminating points of the above "" Summary of Work "" and those for following months are that the standard ammunition made was. "" buck & ball "". That was not unusual to use, though it was not common. The "" ball "" was not as good as "" buck "" as it was often not wet, so it was not as good as "" buck "" it was, what they called",8.5,48.544," Perhaps the most illuminating points of the above "" Summary of Work "" and those for following months are that the standard ammunition made was. "" buck & ball "". That was the basic load that most troops were issued in the period from mid-1848 to mid-1852.

The second most important ammunition was the "" 9 pounders "" (9"" p.e..38 """,0.0,39.418," Perhaps the most illuminating points of the above "" Summary of Work "" and those for following months are that the standard ammunition made was. "" buck & ball "". That seems to prove to me that the quality of the ammunition made in 1820 was lower than that made in 1820 to 1821. This would explain the rather low range in kills and the lack of long range kills by the men.",0.0,44.878," Perhaps the most illuminating points of the above "" Summary of Work "" and those for following months are that the standard ammunition made was. "" buck & bullet"". I have been informed by the local dealer, and others, that the cartridge is a copy of a German version. Perhaps this is the reason for the high cost and low quality in the early days. This was probably the reason for the small",0.0,49.325," Perhaps the most illuminating points of the above "" Summary of Work "" and those for following months are that the standard ammunition made was. "" buck & buck & buck "" ( this was a type of round used in the German WW1 field guns), which were used in the trenches and at some occasions under the high water mark of the trenches.
I know that this ammo was used for at least",0.0,68.382," Perhaps the most illuminating points of the above "" Summary of Work "" and those for following months are that the standard ammunition made was. "" buck & Henry "" for both rifles and for the new bolt action Carcano, and also that the Walker bombers immediately began to use the new rifle and carbine as well as the original Carcano. This, and the Carcano selections on the USS Pennsylvania,",0.0,151.238," Perhaps the most illuminating points of the above "" Summary of Work "" and those for following months are that the standard ammunition made was. "" buck & ball "" and HE, that Campbell's ammunition was specifically striped for the desert and was of the type, and size, to require it to be of J.B.
The present -history notebook records that one half weight of the new ammunition qualitative",-0.231,45.078," Perhaps the most illuminating points of the above "" Summary of Work "" and those for following months are that the standard ammunition made was. "" buck & bullet"". That was to prove to be the biggest mistake in the whole operation.

The British Navy's own officers, who were privy to the true nature of the Navy's weapons, were horrified when they saw it in action. In May"
Wiki_Academic,45,0.0,17.115,-1.013,7.249," The "" Summaries of Work done at Little Rock Arsenal, C.S.A. "" continue at about the same pace and scale from the year before, and are fairly reliable.

The "" Summaries of Work done at Little Rock Arsenal, C.S.A. "" continue at about the same pace and scale from the year before, and are fairly reliable.
",0.0,11.772," The "" Summaries of Work done at Little Rock Arsenal, C.S.A. "" continue at about the same pace and scale from the previous report. This report is almost entirely based on the summits and meetings, held, on a yearly basis, at Little Rock Arsenal.

The "" Summaries of Work done at Little Rock Arsenal, C.S.A.",-1.013,7.249," The "" Summaries of Work done at Little Rock Arsenal, C.S.A. "" continue at about the same pace and scale from the year before, and are fairly reliable.

The "" Summaries of Work done at Little Rock Arsenal, C.S.A. "" continue at about the same pace and scale from the year before, and are fairly reliable.
",2.138,17.139," The "" Summaries of Work done at Little Rock Arsenal, C.S.A. "" continue at about the same pace and scale from the last volume, although more material is given. One of the major problems in this volume is the use of "" technical jargon"" which was used by the scientists to describe their work. One of the major problems in this volume is the use of """,5.513,17.046," The "" Summaries of Work done at Little Rock Arsenal, C.S.A. "" continue at about the same pace and scale from the previous report. The C.S.A. has continued its work on basic weapons, including new production of the Hs-34. It has continued its work on armor, including armor on the Hs-34. It has continued its",8.5,15.887," The "" Summaries of Work done at Little Rock Arsenal, C.S.A. "" continue at about the same pace and scale from the previous report. The C.S.A. has been working to establish a new, more streamlined management structure, which will result in the elimination of several layers of management, the consolidation of the various divisions to better coordinate their activities, and the",0.0,22.278," The "" Summaries of Work done at Little Rock Arsenal, C.S.A. "" continue at about the same pace and scale from the previous report and are also on time for the year. This is an excellent example of the new and improved work tracking which has made it easier for the Arsenal's management to track work progress at the Arsenal. This is an example of the new and",0.0,19.443," The "" Summaries of Work done at Little Rock Arsenal, C.S.A. "" continue at about the same pace and scale from the mid-1970s through the mid-1980s. This collection contains over 5,700 pages of reports, schedules, and documents that describe and discuss the work conducted at LRA during the periods from June 1943 through May 1986. Additional collections are",0.0,12.421," The "" Summaries of Work done at Little Rock Arsenal, C.S.A. "" continue at about the same pace and scale from the late 1940's until about 1970.

The "" Appendix "" to the "" Summaries of Work done at Little Rock Arsenal, C.S.A. "" lists some of the "" Projects and Items, Work done in the late 1940",0.0,52.294," The "" Summaries of Work done at Little Rock Arsenal, C.S.A. "" continue at about the same pace and scale from before, but about half the volumes have been put up recently. Therefore I have been systematically reviewing Volume 1 and trying to check the recurring scope without too much duplication. This is, as my good friend Walter Darbee used to call it, a memo",0.0,69.166," The "" Summaries of Work done at Little Rock Arsenal, C.S.A. "" continue at about the same pace and scale from 1921 to about 1934, but then not so fast and not so pell mell, and par-ticularly not about configuration.. all heads were full ofAnd they begin to grow stagnant as toward the middle of the list.. There is a circumstance that",-0.825,22.26," The "" Summaries of Work done at Little Rock Arsenal, C.S.A. "" continue at about the same pace and scale from the previous year, but the pace of growth seems to have been cut in half during World War II,"" when ""several thousand men were being trained each month,"" a steady growth rate since then until the 1960s. The rate fell again during the"
Wiki_Academic,46,0.0,6.149,2.138,27.287," In 1864, after Little Rock fell to the Union Army and the arsenal had been recaptured, General Fredrick Steele marched 8 @,@'s to Little Rock, Ark, to force the Union to surrender on the Arkansas state line.

So, as the Union Army marched to Little Rock, the Confederate Army moved southward. Some of those who crossed the Arkansas river were:",0.0,7.534," In 1864, after Little Rock fell to the Union Army and the arsenal had been recaptured, General Fredrick Steele marched 8 @,@,0,0 @,@,@,@,@,@,@,@,@,@,@,@,@,@,@,@,@,@,@,@,@,@,@,",2.363,25.542," In 1864, after Little Rock fell to the Union Army and the arsenal had been recaptured, General Fredrick Steele marched 8 @,@'s to Little Rock, Ark, to force the Union to surrender on the Arkansas state line.

So, as the Union Army marched to Little Rock, the Confederate Army moved southward. Some of those who crossed the Arkansas state line to",4.163,22.63," In 1864, after Little Rock fell to the Union Army and the arsenal had been recaptured, General Fredrick Steele marched 8 @,@ men up through the forest where the arsenal was located to try to recapture it. One of the men, a Mr. Thomas (Thomas Thomas), was killed in a skirmish with the Union Army and his wife. Thomas (Thomas Thomas) Thomas",4.388,24.779," In 1864, after Little Rock fell to the Union Army and the arsenal had been recaptured, General Fredrick Steele marched 8 @,@rks to Little Rock, Arkansas, which was now known as Fort Smith. Steele, an experienced cavalry commander, led his troops through several battles. He also took over control of the arsenal, which was under his control, as it was now known",8.5,6.149," In 1864, after Little Rock fell to the Union Army and the arsenal had been recaptured, General Fredrick Steele marched 8 @,@,@,@,@,@,@,@,@,@,@,@,@,@,@,@,@,@,@,@,@,@,@,@,@,@,@",0.0,6.77," In 1864, after Little Rock fell to the Union Army and the arsenal had been recaptured, General Fredrick Steele marched 8 @,@,@,@,@,@,@,@,@,@,@,@,@,@,@,#,#,#,#,#,#,#,#,#,#,#,#",0.0,21.767," In 1864, after Little Rock fell to the Union Army and the arsenal had been recaptured, General Fredrick Steele marched 8 @,@rry to Little Rock, where he was greeted by Governor James F. Smith, who had arrived to take possession of the arsenal. Steele then marched the arsenal to the Confederate capital at Montgomery, Ala..

, after Little Rock fell to",0.0,21.017," In 1864, after Little Rock fell to the Union Army and the arsenal had been recaptured, General Fredrick Steele marched 8 @,@rry to the state penitentiary in Little Rock, AR. There he was greeted by Governor Benjamin F. Curtis, who was a member of the Confederate States Army. He was greeted as a hero and was received as such by the prisoners in",0.0,42.672," In 1864, after Little Rock fell to the Union Army and the arsenal had been recaptured, General Fredrick Steele marched 8 @,@,85,86,@ personnel forward and picked up a cannon labeled @,@,86,@ Cannon Number 5, presumably taken from a newly captured position.
https://www2.cdc.gov/projectdms/cdcm",0.0,51.932," In 1864, after Little Rock fell to the Union Army and the arsenal had been recaptured, General Fredrick Steele marched 8 @,@WuJie blind men to the demolished first wan building to g i v e these military artifacts to either of the 2 Frank Harris brothers at the local museum.

In 1882, after Little Rock fell to the Union Army and the",0.958,21.923," In 1864, after Little Rock fell to the Union Army and the arsenal had been recaptured, General Fredrick Steele marched 8 @,@ soldiers over to the arsenal, seized it, and took all of the ammunition - about 15,000 rounds of.50 cal. ammunition and over 10,000 rounds of.32 cal. Ammunition. Some of the captured ammunition remained in the arsenal until"
Wiki_Academic,47,0.0,8.85,0.563,10.028," In 1873, the building was renamed Little Rock Barracks and used as a barracks for married officers and their families. The building was drastically altered in 1890 and again in 1911. In 1920, the name of the building was changed to Little Rock Barracks and then in 1926 it was referred to as Headquarters.

Description
The building was originally a single story brick building with a flat roof",0.0,8.763," In 1873, the building was renamed Little Rock Barracks and used as a barracks for married officers and their families. The building was drastically altered during World War II and was used as a hospital and a prisoner of war camp. It was restored in 1978.

The Little Rock Barracks National Historic Landmark is a single-story, rectangular brick building with flat roofs and three bays",0.563,10.028," In 1873, the building was renamed Little Rock Barracks and used as a barracks for married officers and their families. The building was drastically altered in 1890 and again in 1911. In 1920, the name of the building was changed to Little Rock Barracks and then in 1926 it was referred to as Headquarters.

Description
The building was originally a single story brick building with a flat roof",3.263,10.465," In 1873, the building was renamed Little Rock Barracks and used as a barracks for married officers and their families. The building was drastically altered in the 1940s to include a dining hall, a chapel, a library, a school room, a nursery, a nursery house and a nursery house. It was used by the United States Army during World War II, and again by the United States",2.813,7.864," In 1873, the building was renamed Little Rock Barracks and used as a barracks for married officers and their families. The building was drastically altered in 1899, when it was used as a hospital, and in 1911, when it was again used as a barracks. It was used as an Army hospital from 1918 to 1919, after which it was used as an Army barracks. It was again used",8.5,8.85," In 1873, the building was renamed Little Rock Barracks and used as a barracks for married officers and their families. The building was drastically altered in 1890, when it was converted to a hospital, and in 1911, when it was converted to an ambulance station. In 1913, it was converted to a schoolhouse. Today it is a school.

The building was added to the National",0.0,11.301," In 1873, the building was renamed Little Rock Barracks and used as a barracks for married officers and their families. The building was drastically altered during World War II and now has its own museum.

The building was also used as the old courthouse in Little Rock (1879-1882) and the original jail (1882-1886).
The building was bought by the",0.0,12.885," In 1873, the building was renamed Little Rock Barracks and used as a barracks for married officers and their families. The building was drastically altered during World War II to house enlisted men, and was not in use until 1961. In 1973, the building was used for offices and on Dec. 11, 1974, the first women were allowed to work inside the barracks. The building now houses barracks",0.0,10.285," In 1873, the building was renamed Little Rock Barracks and used as a barracks for married officers and their families. The building was drastically altered and remodeled in the late 1960s, and today it houses a prison museum. It is located at 3100 W Main St in Little Rock. The building was added to the National Register of Historic Places in 1984.",0.0,23.009," In 1873, the building was renamed Little Rock Barracks and used as a barracks for married officers and their families. The building was drastically altered when it was remodeled in 1907. Extensive insulation was put in to prevent cool breezes from traveling through the cracks and holes. Roof maintenance was carried out and removable vents were added to the inside so that Northern winter air could enter the building without",0.0,15.057," In 1873, the building was renamed Little Rock Barracks and used as a barracks for married officers and their families. The building was drastically altered during World War II when it was converted into an enlisted barracks. There were 315 enlisted men under its supervision in 1942. Little Rock Barracks survived the war and continued operation until 1967. The building was used as the adjutants office in 1968.",0.796,9.28," In 1873, the building was renamed Little Rock Barracks and used as a barracks for married officers and their families. The building was drastically altered in 1890 and renamed Little Rock Armory to accommodate the addition of a barracks, a mess hall, and a dining hall. The building was designated a National Historic Landmark in 1971.

The Little Rock Barracks National Historic Landmark encompasses three buildings"
Wiki_Academic,48,0.0,13.462,-0.563,12.1," In the 1880s, the federal government began closing many small arsenals around the country in favor of smaller ones built near railroads for quick deployment.

The closure led to the creation of a large group of small private arsenals, known as the National Firearms Act Gunsmiths Association.

The association formed in 1887 to lobby for equalization in licensing fees.

In",0.0,12.681," In the 1880s, the federal government began closing many small arsenals around the country in favor of smaller ones built near railroads for quick deployment.  What happened to all these guns?  The only trace is that some guns were sold to gunsmiths in order to build their own.  Anyone know anything?    Thanks
>What happened to all these guns?  They",-1.013,12.242," In the 1880s, the federal government began closing many small arsenals around the country in favor of smaller ones built near railroads for quick deployment.

The closure led to the creation of a large group of small private arsenals, known as the National Firearms Act Gunsmiths Association.

The association formed in 1887 to lobby for equalization of licensing requirements and to advocate for",0.906,8.726," In the 1880s, the federal government began closing many small arsenals around the country in favor of smaller ones built near railroads for quick deployment. These new small arsenals were more practical and easier to build and manage.

The small arsenals were more practical and easier to build and manage.

The small arsenals were more practical and easier to build and manage.

",3.038,19.005," In the 1880s, the federal government began closing many small arsenals around the country in favor of smaller ones built near railroads for quick deployment. This was an effort to control domestic firearms ownership. It also was so that private businesses could not stockpile the weaponry. Some of the smaller arsenals were closed down. Others, including ours, were moved. The local arsenal was moved to an old",8.5,13.462," In the 1880s, the federal government began closing many small arsenals around the country in favor of smaller ones built near railroads for quick deployment.

The Pennsylvania State Armory, located in Philadelphia, is one of the first of these smaller gunsmithing shops.

""The Pennsylvania Armory was first opened in 1881, by Robert C. Spillers, an English immigrant who",0.0,12.572," In the 1880s, the federal government began closing many small arsenals around the country in favor of smaller ones built near railroads for quick deployment of troops during a major conflict. The most prominent such arsenal was in Fort Sheridan, Illinois; it had the capacity to manufacture some 1 million barrels of gunpowder per year. The Fort Sheridan Arsenal was a huge undertaking in its own right, but its",0.0,12.801," In the 1880s, the federal government began closing many small arsenals around the country in favor of smaller ones built near railroads for quick deployment. This was the era of the “gunboat strategy” and was intended to discourage Native American and guerrilla raids. The “gunboat strategy” worked, but it wasn’t perfect. The weapons were expensive to acquire,",0.0,14.741," In the 1880s, the federal government began closing many small arsenals around the country in favor of smaller ones built near railroads for quick deployment.

The U.S. Navy, however, continued to stockpile large guns, and it soon was clear that “the war for the world was coming.”

The United States was ready in 1861, and by 1864",0.0,30.257," In the 1880s, the federal government began closing many small arsenals around the country in favor of smaller ones built near railroads for quick deployment. Handguns seemed to have fallen off their societal importance, and the only people who talked about storing a firearm weren't hunters, but petty criminals.
Would people who store a firearm (for fun) be considered peasants?
Only the people I",0.0,27.808," In the 1880s, the federal government began closing many small arsenals around the country in favor of smaller ones built near railroads for quick deployment. Many of these ""mini-arsenals"" near the Norfolk Navy Yard were destroyed during World War I ( and of course some still see use for munitions).

Westmoreland Street in Hampton has these big cement storage concrete bases for the",-0.1,16.744," In the 1880s, the federal government began closing many small arsenals around the country in favor of smaller ones built near railroads for quick deployment.
But the problem persisted, and the government took other measures to address the problem. For decades, the federal government has maintained the system of ""port-of-entry"" arsenals as the only place where the arsenal can be stored without violating"
Wiki_Academic,49,0.0,10.693,-0.453,13.007," In 1894 the Little Rock Æsthetic Club, one of the oldest women's societies west of the Mississippi River, moved into the old Union Hotel, where it met weekly on Tuesday afternoons until its permanent location, the Hotel Lafayette, opened in 1913. In 1927, the club moved its meetings to the Union Hotel's ballroom, where they continued meeting weekly for many years",0.0,15.504," In 1894 the Little Rock Æsthetic Club, one of the oldest women's societies west of the Mississippi River, moved into the old Union Hotel on Baxter Street. It wasn't until the spring of 1906 that it started to attract members with the addition of the ""Arkansas Women's Club,"" a club that would not only keep the Æsthetics going but also provide",-0.453,13.523," In 1894 the Little Rock Æsthetic Club, one of the oldest women's societies west of the Mississippi River, moved into the old Union Hotel, where it met weekly on Tuesday afternoons until its permanent location, the Hotel Lafayette, was ready in 1912.

The president of the club, Florence B. Jones, had also been secretary of the Woman's Club of",3.17,11.66," In 1894 the Little Rock Æsthetic Club, one of the oldest women's societies west of the Mississippi River, moved into the newly built building at the corner of Main and Market Streets. One of the earliest members was Ann Hamilton, a noted painter, sculptor, and writer. One of her paintings was used on the first issue of the Little Rock Gazette, a weekly paper",5.208,18.434," In 1894 the Little Rock Æsthetic Club, one of the oldest women's societies west of the Mississippi River, moved into the old New York Theatre on Front Street. The club, which was named for its location, was known as ""the St. Andrew Society"" through its early days. Although it gave its own plays, it also gave concerts, lectures, concerts, ballet",8.5,13.357," In 1894 the Little Rock Æsthetic Club, one of the oldest women's societies west of the Mississippi River, moved into the old Union Hotel. The club and the hotel were both operated by the same man, and the two organizations were linked together for the first time through an arrangement under which the club gave the hotel's basement to the hotel's board of managers.

",0.0,13.913," In 1894 the Little Rock Æsthetic Club, one of the oldest women's societies west of the Mississippi River, moved into the old Art Deco building at the corner of North and Broadway. The club had originally originated as the æsthetic society at Little Rock University in 1892 but the building at that time had no permanent structure, so the group had to rent a",0.0,11.658," In 1894 the Little Rock Æsthetic Club, one of the oldest women's societies west of the Mississippi River, moved into the old Union Hotel at Second and Walnut.. The Little Rock Art Club and the Little Rock Chapter of the National Society Daughters of the American Revolution were also members of the club..

The White House was in the city of Washington,",0.0,13.086," In 1894 the Little Rock Æsthetic Club, one of the oldest women's societies west of the Mississippi River, moved into the old American Hotel.
The club, which was founded by Miss Mary White and Mrs. W. J.
Burgess in 1885, held its first meeting there on March 23.
Two years before the hotel was destroyed by fire,",0.0,18.627," In 1894 the Little Rock Æsthetic Club, one of the oldest women's societies west of the Mississippi River, moved into the upper floors of Ladies' Row, on the north side of First Avenue – the main thoroughfare along which most houses were built in the four blocks at the edge of downtown Little Rock's south side in the late 19th century.

Image;",0.0,32.194," In 1894 the Little Rock Æsthetic Club, one of the oldest women's societies west of the Mississippi River, moved into the city's southeast square, facing the Court of the Four Freedoms. Recognizing that their predecessors--the feminist foundation, the Bring the Boys Back league, and other clubs that advocated suffrage and women's plac...

Searching for",1.036,15.628," In 1894 the Little Rock Æsthetic Club, one of the oldest women's societies west of the Mississippi River, moved into the old Union Bank Building (now the Main Street Bank). In the meantime, the building of another building on the north side of Central Avenue was under way, in what became an important part of the Little Rock community. By 1899 the Little Rock Female College"
Wiki_Academic,50,0.0,16.565,-1.463,17.083," Except for Æsthetic Club meetings, the Tower Building remained largely unoccupied for almost fifty years and suffered significant deterioration. The Æsthetic Club, founded in 1845 to preserve the architectural heritage of London, was a non-sectarian charitable organisation.

In November 1851 it was announced by the Mayor of London, Alderman Joseph Chamberlain, that he had secured the support",0.0,14.165," Except for Æsthetic Club meetings, the Tower Building remained largely unoccupied for almost fifty years and suffered significant deterioration. The Æsthetic Club, founded in 1887, moved out of the building in 1928. The building was declared a Historic Monument by the City of Birmingham in 1988.

In 2002 the building was restored by Birmingham Historic Buildings Trust and is now home to The",-1.013,14.968," Except for Æsthetic Club meetings, the Tower Building remained largely unoccupied for almost fifty years and suffered significant deterioration. The Æsthetic Club, founded in 1845 to preserve the architectural heritage of London, was a non-sectarian charitable organisation.

In November 1851 it was announced that the building had been purchased by the Trustees of the National Gallery for use as",1.463,17.794," Except for Æsthetic Club meetings, the Tower Building remained largely unoccupied for almost fifty years and suffered significant deterioration. The Æsthetic Club was active from 1869 to 1899, and again from 1913 to 1915, and again from 1922 to 1927. It was known by various names and titles, among them the London Art Association, the London Art Societies and the London Art Soc",2.813,16.183," Except for Æsthetic Club meetings, the Tower Building remained largely unoccupied for almost fifty years and suffered significant deterioration. The Æsthetic Club, founded in 1858, moved offices to their own building further down the street in 1870.

In 1939, during World War II, the building was used as a local Red Cross shelter. The building was sold to a local developer",8.5,16.565," Except for Æsthetic Club meetings, the Tower Building remained largely unoccupied for almost fifty years and suffered significant deterioration. The Æsthetic Club, founded in 1858, moved out of their rooms in the building in 1887 and in 1889 the building was purchased by the Scottish National Party for £18,800. The building was demolished and the site was sold to a private developer",0.0,15.366," Except for Æsthetic Club meetings, the Tower Building remained largely unoccupied for almost fifty years and suffered significant deterioration. The Æsthetic Club, founded in 1858, moved out of the building in 1872 due to the need for new premises, and the building was subsequently used by a succession of various civic organisations.

The structure was acquired by the National Trust for the",0.0,22.225," Except for Æsthetic Club meetings, the Tower Building remained largely unoccupied for almost fifty years and suffered significant deterioration. The Æsthetic Club, founded by E.B. Berenson in 1906, sought to restore the Tower Building as a modern art space. The club was chaired by G.A. Hopper, and included artists like J.G. Child, E",0.0,21.583," Except for Æsthetic Club meetings, the Tower Building remained largely unoccupied for almost fifty years and suffered significant deterioration. The Æsthetic Club, founded by Egon Schiele in 1904 and based at the Tower, continued until 1908.

The building was restored for restoration by the City of London Quarter Management Service, and it is now part of the Tower Quarter heritage site",0.0,21.442," Except for Æsthetic Club meetings, the Tower Building remained largely unoccupied for almost fifty years and suffered significant deterioration. The Æsthetic Club gained publicity for publicising these concerns which were largely ignored by the City authorities.  However, this is not surprising as the City of London Corporation's chief concern was not the preservation or rebuilding of the Tower Building.  The main concern of",0.0,25.382," Except for Æsthetic Club meetings, the Tower Building remained largely unoccupied for almost fifty years and suffered significant deterioration. The Æsthetic Club claimed the structure as it's own, but abandoned it in 1907, so the tower was leased to the Metropolitan Life Insurance Company. Four years later the Trustees agreed to sell it as part of a nationwide real estate trust under development of the",1.449,17.517," Except for Æsthetic Club meetings, the Tower Building remained largely unoccupied for almost fifty years and suffered significant deterioration. The Æsthetic Club built it a new three-story wing on the site and, along with the addition of the nearby Art Deco Guggenheim, opened for business in 1921. The Tower Building was added to the U.S. National Register of"
Wiki_Academic,51,0.0,9.518,-1.688,10.022, The building and the surrounding park were used for many public purposes throughout the early 20th century. The Tower Building served as headquarters for the United Confederate Veterans of Northern Virginia and later as the home of the Virginia Historical Society. In the 1950s and 60s the building was renovated by the Virginia Historical Society and used as its main office and library. The Virginia Historical Society has opened the building up to,0.0,12.195," The building and the surrounding park were used for many public purposes throughout the early 20th century. The Tower Building served as headquarters for the United Confederate Veterans, the local Masonic Lodge and the Masonic Temple.

The Tower Building was designed by architect Charles D. Smith Jr. and was built to serve as the Masonic Temple of the Buford Lodge. The Temple was later moved to its present",-1.688,9.698, The building and the surrounding park were used for many public purposes throughout the early 20th century. The Tower Building served as headquarters for the United Confederate Veterans of Northern Virginia and later as the home of the Virginia Historical Society. In the 1950s and 60s the building was renovated by the Virginia Historical Society and used as its main office and library. The Virginia Historical Society has opened the building to the,-0.113,6.678, The building and the surrounding park were used for many public purposes throughout the early 20th century. The Tower Building served as headquarters for the United Confederate Veterans from 1913 until 1935. It was used by the United States Army during World War I. It was used by the United States Army during World War II. It was used by the United States Army during the Korean War. It was used by the,3.713,10.576," The building and the surrounding park were used for many public purposes throughout the early 20th century. The Tower Building served as headquarters for the United Confederate Veterans, an organization of former Confederate military men, as well as the local branch of the Ku Klux Klan. The building was also used as club house, hall of residence, recreation hall, and as a private residence. The building was used as offices",8.5,10.093," The building and the surrounding park were used for many public purposes throughout the early 20th century. The Tower Building served as headquarters for the United Confederate Veterans, the Women's American Red Cross, the American Relief Administration, and the Industrial Workers of the World. In the 1920s, the building was used as a factory to produce the Bantam brand of cigarettes and became known as the Bantam Factory",0.0,11.579," The building and the surrounding park were used for many public purposes throughout the early 20th century. The Tower Building served as headquarters for the United Confederate Veterans, the Women's American Red Cross, the American Relief Administration, as well as the offices of the American Red Cross. It was also used by the Alabama State Library to house its holdings of books and documents.  The tower also housed the offices",0.0,10.889," The building and the surrounding park were used for many public purposes throughout the early 20th century. The Tower Building served as headquarters for the United Confederate Veterans, the local chapter of the Confederate Veterans. Since the 1950s, the building housed offices and a news bureau for WBIR, the local CBS affiliate. However, the building has not always been used for these public purposes. The Tower Building",0.0,12.859," The building and the surrounding park were used for many public purposes throughout the early 20th century. The Tower Building served as headquarters for the United Confederate Veterans of Ohio and as a venue for annual reunions and social functions. In 1913 the building's interior was expanded and additional rooms were added to the north and east side of the building to serve as office rooms and storage for members.

The",0.0,15.137," The building and the surrounding park were used for many public purposes throughout the early 20th century. The Tower Building served as headquarters for the United Confederate Veterans of Massachusetts State, and it was also used by the Massachusetts League of Women Voters. In 1922, former president Theodore S. Roosevelt testified on behalf of his company's building plans before the Commission on Fine Arts for Boston.

The building was",0.0,18.663," The building and the surrounding park were used for many public purposes throughout the early 20th century. The Tower Building served as headquarters for the United Confederate Veterans of Nebraska in the 1920s.

Creation

Early 20th century

Art Law, a descendant of early Nebraska land owners who donated land for a Confederate monument in the park, built a name-sake building in 1888",1.182,12.31," The building and the surrounding park were used for many public purposes throughout the early 20th century. The Tower Building served as headquarters for the United Confederate Veterans, as the organization's chapter in Ohio, and as a meeting place for several other organizations. In the 1940s, the building housed a nursing school, but after the war, it reverted to private ownership, and was operated by a furniture store"
Wiki_Academic,52,0.0,4.372,-1.013,10.04," The arsenal was listed in the National Register of Historic Places in 1970. Due to its association with the Camden Expedition of 1864, the arsenal may be considered a landmark of the city.

The armory was built as the main armory of the city from 1853 to 1869, when it was replaced by the present armory. The old armory was located on Charles Street,",0.0,5.815," The arsenal was listed in the National Register of Historic Places in 1970. Due to its association with the Camden Expedition of 1864, the arsenal may be listed separately in the National Register of Historic Places, although it is not listed on the National Register at this time.

The arsenal was listed in the National Register of Historic Places in 1970. Due to its association with the Camden Expedition of 18",-1.013,10.04," The arsenal was listed in the National Register of Historic Places in 1970. Due to its association with the Camden Expedition of 1864, the arsenal may be considered a landmark of the city.

The armory was built as the main armory of the city from 1853 to 1869, when it was replaced by the present armory. The old armory was located on Charles Street,",3.938,11.29," The arsenal was listed in the National Register of Historic Places in 1970. Due to its association with the Camden Expedition of 1864, the arsenal may be added to in a future listing.

The oldest structure in the arsenal is the oldest structure in Camden, the oldest structure in the state of Maryland and the oldest structure in the United States to be constructed between 1780 and 1800, the oldest",3.713,14.529," The arsenal was listed in the National Register of Historic Places in 1970. Due to its association with the Camden Expedition of 1864, the arsenal may also be eligible for state or federal historic status. The arsenal's importance as an early example of an arsenal, its location on the former site of Fort DuQuesne, its role in producing many weapons, its association with military life, its association",8.5,4.372," The arsenal was listed in the National Register of Historic Places in 1970. Due to its association with the Camden Expedition of 1864, the arsenal may be eligible for inclusion in the National Register of Historic Places.

The arsenal was listed in the National Register of Historic Places in 1970. Due to its association with the Camden Expedition of 1864, the arsenal may be eligible for inclusion in the National",0.0,9.582," The arsenal was listed in the National Register of Historic Places in 1970. Due to its association with the Camden Expedition of 1864, the arsenal may be eligible for the National Park Service designation of a national historic park.  The Camden expedition is an American military operation that took place in 1864 during which the Confederate Army attempted to capture the city of Camden, New Jersey.  The Camden expedition is",0.0,10.056," The arsenal was listed in the National Register of Historic Places in 1970. Due to its association with the Camden Expedition of 1864, the arsenal may be listed in the National Register because it supports a historic site associated with one of the most important military campaigns of the American Civil War.  The arsenal is also listed on the local Register.
The Camden Expedition of 1864 took place near the present",0.0,11.262," The arsenal was listed in the National Register of Historic Places in 1970. Due to its association with the Camden Expedition of 1864, the arsenal may be eligible for landmark status by the National Park Service, though this has not been decided.
The building was on the site of the ""Old Fort,"" which had been built in the early 18th century by the Dutch who had been in the area",0.0,25.621," The arsenal was listed in the National Register of Historic Places in 1970. Due to its association with the Camden Expedition of 1864, the arsenal may be on the National Register again as subject to the 1935 Act.

ReferencesI'm bigger and more muscly, so I wear undershirts alllllll the time.
I've always wanted to lose weight, but whenever",0.0,31.698," The arsenal was listed in the National Register of Historic Places in 1970. Due to its association with the Camden Expedition of 1864, the arsenal may also have been in that registry of historic places.
 PC 807 files, relating to Jonestown Massacre.

See also
 List of Blackhawk village sites

References

External linksCruises, vacations and the “",-0.453,8.875," The arsenal was listed in the National Register of Historic Places in 1970. Due to its association with the Camden Expedition of 1864, the arsenal may also be included in the National Register of Historic Places in 2009.

History

Origins

The old arsenal was built by the federal government in 1841 to house the artillery of the United States along the Potomac River. "
Wiki_Academic,53,0.0,15.305,-0.563,15.849," In 1942, the Tower Building was renovated due to the efforts of the Æsthetic Club, Little Rock philanthropist Frederick W. Allsop. The Club's goal was to preserve the building, and to add to the architectural heritage of Little Rock.

The Club donated $100,000 to the city for the restoration and upkeep of the Tower Building. This funding was in addition",0.0,12.265," In 1942, the Tower Building was renovated due to the efforts of the Æsthetic Club, Little Rock philanthropist Frederick W. Allsop, and architect Eugene T. Taylor. It was completed in November 1943.

In 2001, the tower building was designated a National Historic Landmark.

See also

 List of tallest buildings in Little Rock
 List of tallest buildings in",-0.563,15.849," In 1942, the Tower Building was renovated due to the efforts of the Æsthetic Club, Little Rock philanthropist Frederick W. Allsop. The Club's goal was to preserve the building, and to add to the architectural heritage of Little Rock.

The Club donated $100,000 to the city for the restoration and upkeep of the Tower Building. This funding was in addition",2.813,15.372," In 1942, the Tower Building was renovated due to the efforts of the Æsthetic Club, Little Rock philanthropist Frederick W. Allsbrook, and architect Robert R. Brown. It was designed by architect Robert R. Brown with interior design by architect Robert R. Brown. It was opened for commercial use in September 1963.

The tower has been listed on the National Register of",3.713,20.022," In 1942, the Tower Building was renovated due to the efforts of the Æsthetic Club, Little Rock philanthropist Frederick W. Allsop of Allsop's department store. The Tower Building was restored which was the most comprehensive restoration of its kind since its completion. The building was given its present appearance. The interior of the building was also renovated. The Tower Building was listed on",8.5,15.305," In 1942, the Tower Building was renovated due to the efforts of the Æsthetic Club, Little Rock philanthropist Frederick W. Allsop. The Club was founded in 1929 and was one of the first of its kind in America. The Club was concerned with the preservation of the architecture of Little Rock, and through its efforts, the Tower Building was preserved. In 1957, the Club",0.0,20.112," In 1942, the Tower Building was renovated due to the efforts of the Æsthetic Club, Little Rock philanthropist Frederick W. Allsop. This four-story building is located on 7th Street between Main and South Streets. The tower was built in 1891 and was originally known as the Burdette Building. The tower features a steeply pitched cornice that is in contrast",0.0,27.778," In 1942, the Tower Building was renovated due to the efforts of the Æsthetic Club, Little Rock philanthropist Frederick W. Allsbrook. The Club designed a lobby with  mosaic tiles depicting scenes depicting Little Rock and its history, and a grand staircase with  bronze sculpture of a Little Rock police officer. The Club also designed a smaller statue of a dog named ""Bobby"".",0.0,23.465," In 1942, the Tower Building was renovated due to the efforts of the Æsthetic Club, Little Rock philanthropist Frederick W. Allsop and Architect James N. Waggoner.A new tower was built and the building was renovated for a total cost of $ 500,000. It is located at the corner of 5th and Main and consists of a  high spire with",0.0,45.069," In 1942, the Tower Building was renovated due to the efforts of the Æsthetic Club, Little Rock philanthropist Frederick W. Allsbrook, Edrie May Godbe, The Women’s Auxiliary, and the principal owner Theodore D. Johnson. The veneer removed from the massive outside walnut trim allowed the interior woodwork to shine.

Designed by",0.0,43.257," In 1942, the Tower Building was renovated due to the efforts of the Æsthetic Club, Little Rock philanthropist Frederick W. Allsomm Jr. and future Arkansas Governor Jess Neely. The revamp included the opening of the new Pearly Gates, the extension of the courtyard, a class room and a cafeteria.

The former volume-exhibition form was replicated in a",0.512,9.843," In 1942, the Tower Building was renovated due to the efforts of the Æsthetic Club, Little Rock philanthropist Frederick W. Allsop, and the architectural firm of E.C. Bohm & Company.

The Tower Building was renovated due to the efforts of the Æsthetic Club, Little Rock philanthropist Frederick W. Allsop, and the architectural firm"
Wiki_Academic,54,0.0,7.049,-2.038,6.472," In 1997, the Museum of Science and Natural History merged with the Little Rock Children's Museum, which had been located in Union Station, to become the Arkansas Children's Museum, which closed in 2008.

In 2004, the Arkansas Children's Museum moved from Union Station to the Arkansas Children's Museum at the Arkansas Children's Museum at the Arkansas Children's Museum, which was opened in 2005",0.0,7.728," In 1997, the Museum of Science and Natural History merged with the Little Rock Children's Museum, which had been located in Union Station, to form Museum of Science, New Mexico. This museum has a variety of exhibits designed to bring children and adults together through hands-on activities.

, which had been located in, to form Museum of Science, New Mexico. This museum has a",-0.453,7.806," In 1997, the Museum of Science and Natural History merged with the Little Rock Children's Museum, which had been located in Union Station, to become Museum of Science, Little Rock.
 The museum is located on U Street in downtown Little Rock, Arkansas.

The Museum was formed from the merging of the Little Rock Children's Museum, a children's museum, and the Museum of Science",0.906,7.032," In 1997, the Museum of Science and Natural History merged with the Little Rock Children's Museum, which had been located in Union Station, to form the Museum of Science and Nature.

The exhibition space is divided into two galleries. One gallery is dedicated to dinosaurs and other prehistoric animals that roamed the Earth millions of years ago. The other gallery is dedicated to animals that live in the",3.623,10.111," In 1997, the Museum of Science and Natural History merged with the Little Rock Children's Museum, which had been located in Union Station, to become Museum of Science, Little Rock. This location was also moved into the Arkansas Science Center. The museum was closed on January 2, 2007, due to a lack of sufficient funds. The museum moved to its current location, located on the Arkansas Science",8.5,5.581," In 1997, the Museum of Science and Natural History merged with the Little Rock Children's Museum, which had been located in Union Station, to become Museum of the Natural History of Arkansas. The new museum moved into its new location in Union Station in 2005.

In 1997, the Museum of Science and Natural History merged with the Little Rock Children's Museum, which had been located in",0.0,11.1," In 1997, the Museum of Science and Natural History merged with the Little Rock Children's Museum, which had been located in Union Station, to create Museum of the Natural State.

The new building is located just east of the Children's Museum.

The Museum was built with a goal of promoting scientific literacy in Arkansas youth. The Museum features a children's paleontology museum",0.0,10.752," In 1997, the Museum of Science and Natural History merged with the Little Rock Children's Museum, which had been located in Union Station, to become Museum of Science, Little Rock. This location was the location of the museum until 2004. Since 2004, the museum has moved to a building located at the corner of Walnut Street and Cedar Avenue, which is also the location of the Children '",0.0,10.49," In 1997, the Museum of Science and Natural History merged with the Little Rock Children's Museum, which had been located in Union Station, to form Museum Arkansas.

The Museum Arkansas opened a new facility on the corner of Broadway and North Capitol Avenue.

The Museum was built with $23.5 million in public and private funds. The building was designed by architect Michael Graves.",0.0,10.017," In 1997, the Museum of Science and Natural History merged with the Little Rock Children's Museum, which had been located in Union Station, to form the Arkansas Children's Museum.

, which had been located in, to form the Children's Museum. In 2003, the children's museum reopened at the Science Museum of Arkansas, replacing the American Museum of Natural History.How",0.0,44.625," In 1997, the Museum of Science and Natural History merged with the Little Rock Children's Museum, which had been located in Union Station, to form... [+] Open Center. Credit: UAL Museum of Science and Natural History.

in 12 years by signing museum plans in various places

by reducing the needs and operations of the Circle Museum.

Shared operational federal tax funds",-2.327,11.363," In 1997, the Museum of Science and Natural History merged with the Little Rock Children's Museum, which had been located in Union Station, to become Museum of the Natural History of Arkansas. The newly created facility opened in August 1998.

The museum's original plan was to build an addition, but due to the Great Recession, it faced a lack of government funding. In 2014, museum"
Wiki_Academic,55,0.0,11.592,-0.338,7.671," Cicely Mary Barker ( 28 June 1895 – 16 February 1973 ) was an English illustrator best known for a series of fantasy illustrations depicting fairies.

Life and career
Barker was born in Stourbridge, Staffordshire. She trained as a teacher at the Birmingham College of Art in 1914.  She exhibited her first work at the Royal Academy Summer Exhibition of 1914.",0.0,9.159," Cicely Mary Barker ( 28 June 1895 – 16 February 1973 ) was an English illustrator best known for a series of fantasy illustrations depicting fairytales and children's books.

Early life
Born in Blackmoor, Staffordshire, England, Barker attended the Blackmoor Infant and Junior School, and completed her schooling at the Redlands Primary School in Ashby de la",0.788,5.445," Cicely Mary Barker ( 28 June 1895 – 16 February 1973 ) was an English illustrator best known for a series of fantasy illustrations depicting fairies.

Life
Cicely Mary Barker was born in Stourport-on-Severn, Worcestershire, England.

Barker won a scholarship to study at the Slade School of Fine Art in London",2.138,7.996," Cicely Mary Barker ( 28 June 1895 – 16 February 1973 ) was an English illustrator best known for a series of fantasy illustrations depicting fairies. One of her most notable illustrations was that of ""Lily of the Valley"" which was used on the cover of Margaret Mitchell's Gone with the Wind (1939), which was based on Barker's illustrations.

Early life
C",1.913,9.8," Cicely Mary Barker ( 28 June 1895 – 16 February 1973 ) was an English illustrator best known for a series of fantasy illustrations depicting fairies. Her work was used as background for various films. Her work was shown in an exhibit on the 100th anniversary of her death.

Early life
She was born on 28 June 1895 in London, England, one of four children born",8.5,11.592," Cicely Mary Barker ( 28 June 1895 – 16 February 1973 ) was an English illustrator best known for a series of fantasy illustrations depicting fairies in the style of the Brothers Grimm. She was known for her ability to use bright colors and bright, sometimes grotesquely grotesque, figures. Her illustrations were in a tradition of fantasy art that developed in the early 1900s and were influenced by the",0.0,12.841," Cicely Mary Barker ( 28 June 1895 – 16 February 1973 ) was an English illustrator best known for a series of fantasy illustrations depicting fairytales and nautical adventure. Between the years of 1923 and 1938, she published over 100 illustrations. She also illustrated books of children's stories and poetry. She designed covers and illustrations for many authors in the early 1900s including W. B.",0.0,7.515," Cicely Mary Barker ( 28 June 1895 – 16 February 1973 ) was an English illustrator best known for a series of fantasy illustrations depicting fairies in the style of Hans Christian Andersen's fairy tales.

Biography
Born in Chatham, Kent, Cicely Mary Barker was the daughter of a successful grocer and his wife. Barker was educated at home and at Marlborough",0.0,10.877," Cicely Mary Barker ( 28 June 1895 – 16 February 1973 ) was an English illustrator best known for a series of fantasy illustrations depicting fairytales and nativity scenes.

Biography
Born in Portsmouth, Cicely Mary Barker was a foster child of wealthy parents who sent her to be educated at the boarding school Finkenham School (now known as Marlborough",0.0,16.033," Cicely Mary Barker ( 28 June 1895 – 16 February 1973 ) was an English illustrator best known for a series of fantasy illustrations depicting fairytale women.  They were part of her regular illustration of her own books for Kelmscott Press over the course of over a decade.

She was born outside Kingston-upon-Thames to English parents. As a girl she began",0.0,18.633," Cicely Mary Barker ( 28 June 1895 – 16 February 1973 ) was an English illustrator best known for a series of fantasy illustrations depicting fairies stealing the beauty of virgins and young girls for romantic purposes. A selection of these fairy-themed illustrations, some of them in our collection, can be seen in the frontispiece of Jane Austen'sEmma, for example. Cro",-0.636,10.698," Cicely Mary Barker ( 28 June 1895 – 16 February 1973 ) was an English illustrator best known for a series of fantasy illustrations depicting fairytales and folklore for magazines such as The Century and The Library of America, and books for children.

Early life
She was born in London to a family of publishers. Her mother was the writer and artist Marguerite Barker, the"
Wiki_Academic,56,0.0,17.477,-3.488,17.749," Barker was a devout Anglican, and donated her artworks to Christian fundraisers and missionary organizations. She produced a few Christian @-@ themed works, and was a Christian herself.                   I do not condone animal killing, and i think it is a bit sad that you are trying to bring it down to",0.0,22.763," Barker was a devout Anglican, and donated her artworks to Christian fundraisers and missionary organizations. She produced a few Christian @-@ themed works, and was a little more religious in the 1930s. This painting was made in 1933, when she was 58, and I assume this is her last work in the style.

I’m not a fan of it. That",-3.488,17.749," Barker was a devout Anglican, and donated her artworks to Christian fundraisers and missionary organizations. She produced a few Christian @-@ themed works, and was a Christian herself.                   I do not condone animal killing, and i think it is a bit sad that you are trying to bring it down to",1.463,22.008," Barker was a devout Anglican, and donated her artworks to Christian fundraisers and missionary organizations. She produced a few Christian @-@ themed comics for The Christian Post in 2006.

I’m surprised to see that her friend and collaborator Tony Vaz was killed in a car crash in 2006. He was killed when his car was hit by a speeding bullet.

I",-0.152,51.293," Barker was a devout Anglican, and donated her artworks to Christian fundraisers and missionary organizations. She produced a few Christian @-@ themed sketches, which was of great interest to The Flying Spaghetti Monster.",8.5,21.901," Barker was a devout Anglican, and donated her artworks to Christian fundraisers and missionary organizations. She produced a few Christian @-@ themed works, but was mostly known for religious work.

She was a friend of both the late artist and composer, John Cage, whose work she liked a lot and who also happened to be a spiritual friend of hers.

It is believed",0.0,26.349," Barker was a devout Anglican, and donated her artworks to Christian fundraisers and missionary organizations. She produced a few Christian @-@ themed works. She was a truly talented artist. She passed away from cancer in 2012 and had a memorial service in London, Ontario

I have bought her two paintings and two of her sculptures. She is an artist who truly has a soul for the",0.0,22.845," Barker was a devout Anglican, and donated her artworks to Christian fundraisers and missionary organizations. She produced a few Christian @-@ themed sketches. This was just one of those.
Oh wow, I love that it's an Easter egg of a Christian cross. I was going to mention it was the Christian cross, but you said it.   Well, I think it's",0.0,25.629," Barker was a devout Anglican, and donated her artworks to Christian fundraisers and missionary organizations. She produced a few Christian @-@ themed artworks, but mostly avoided such subjects. It's likely the rest were non-Christians.  The one that's closest I could find is a set of six.
I'll ask my father-in-law and get back to you",0.0,49.436," Barker was a devout Anglican, and donated her artworks to Christian fundraisers and missionary organizations. She produced a few Christian @-@ themed ""Saints and Witch"" portraits throughout late last century @ Barbour College, Oxford.Facebook shares surge to record high on Zuckerberg's return
By Jonathan Stempel
May 9 (Reuters) - Facebook Inc FB.O shares surged to",0.0,51.628," Barker was a devout Anglican, and donated her artworks to Christian fundraisers and missionary organizations. She produced a few Christian @-@ themed prints. At QES, a Virginia museum made the public aware of Barker's Christian @-@ prints. Also, she was one Today's Christian page Most Influential woman, and her artworks adorn the walls of First Christian Church, which",0.404,27.224," Barker was a devout Anglican, and donated her artworks to Christian fundraisers and missionary organizations. She produced a few Christian @-@ themed sketches, but mostly she did Christian art with biblical themes, the most notable being The Woman in the Well, which was sold as a print in 1976 by the Christian Art Club. This led to a lifelong friendship. Her friend and business partner for many"
Wiki_Academic,57,0.0,24.556,-0.788,11.053," Barker was equally proficient in watercolour, pen and ink, oils, and pastels. Kate Greenaway and the Pre @-@ Raphaelites were his teachers. He was also a member of the Royal Institute of Oil Painters.

Barker was also a member of the Royal Institute of Oil Painters, the Royal Watercolour Society and the Royal Watercolour Guild

He",0.0,17.668," Barker was equally proficient in watercolour, pen and ink, oils, and pastels. Kate Greenaway and the Pre @-@ Raphaelites who painted in the style of Turner influenced his artistic development. Barker had a particular interest in the work of J. M. W. Turner. He was also inspired by the work of J. B. Priestley & the Pre @-@ D",0.113,14.25," Barker was equally proficient in watercolour, pen and ink, oils, and pastels. Kate Greenaway and the Pre @-@ Raphaelites were his teachers. He was also a member of the Royal Institute of Painters in Water Colours, London.

He lived and worked in Bristol, where he painted many of his famous marine scenes and portraits.

He also painted the",1.238,14.564," Barker was equally proficient in watercolour, pen and ink, oils, and pastels. Kate Greenaway and the Pre @-@ Raphaelites were his greatest influence and his paintings are an amalgam of these. He was known for his use of light, for his use of light and shadow and for his use of light and shadow. He was known for his use of light, for his",2.138,14.829," Barker was equally proficient in watercolour, pen and ink, oils, and pastels. Kate Greenaway and the Pre @-@ Raphaelites played an important role in her creative development as an artist. Barker was awarded an Honorary Fellowship of the Royal Academy of Arts, London.

She was also an artist in residence at Eltham Palace, London and a visiting lecturer at the",8.5,24.556," Barker was equally proficient in watercolour, pen and ink, oils, and pastels. Kate Greenaway and the Pre @-@ Raphaelites were his teachers. His paintings were influenced by the early modernist masters and he was particularly drawn to the work of Van Dyck, and Holbein.",0.0,18.948," Barker was equally proficient in watercolour, pen and ink, oils, and pastels. Kate Greenaway and the Pre @-@ Raphaelites had a huge influence on her, as did the German School of landscape drawing. She painted from life, from nature and from dreams. She was a great admirer of the Pre @-@ Raphaelites and their love of a great composition. Barker",0.0,15.773," Barker was equally proficient in watercolour, pen and ink, oils, and pastels. Kate Greenaway and the Pre @-@ Raphaelites were also her great inspirations.

Born in Dublin in 1748, she was the daughter of a pharmacist. Her father was part of a banking family and her mother was the daughter of a milliner. Her father was an amateur painter",0.0,16.42," Barker was equally proficient in watercolour, pen and ink, oils, and pastels. Kate Greenaway and the Pre @-@ Raphaelites were also among his friends and admirers. He was a keen photographer and he was instrumental in the setting up of various photographic associations. He was a member of The Photographers, of The Society of British Artists, of The Photographic Society of Great",0.0,45.604," Barker was equally proficient in watercolour, pen and ink, oils, and pastels. Kate Greenaway and the Pre @-@ Raphaelites helped influence her to develop her own style. One can hear descriptions of fascinating watercolour, pen and ink works in conversations with Keith Wood the recently deceased Vice Chairman of the Gallery. He was also fond of lavish paintings and had no hesitation in exhibiting them",0.0,75.729," Barker was equally proficient in watercolour, pen and ink, oils, and pastels. Kate Greenaway and the Pre @-@ Raphaelites at Scarlatti Basilica By Edward Mott Perkins Barker ‘I see her and I love her’, quote from Andrew Marvell’s A Childe MargaretIn Valentine Magazines picture. Being obsessed with Jane Austen I often",0.164,22.22," Barker was equally proficient in watercolour, pen and ink, oils, and pastels. Kate Greenaway and the Pre @-@ Raphaelites (1507). She was renowned as a watercolourist, and this painting is a very good example of those. She died in 1571.

The painting is the work of an early 19th century Irish artist, and is one of"
Wiki_Academic,58,0.0,10.721,0.338,11.577," Barker was born the second daughter and youngest child of Walter Barker, a partner in a seed supply company and an amateur artist, and his wife Mary Ann (Logan) Barker. Barker was educated privately and attended the local girls' boarding school, where she excelled at sports. Barker's brother, Walter Barker, and her mother had a close relationship, and she was frequently with her family in",0.0,11.622," Barker was born the second daughter and youngest child of Walter Barker, a partner in a seed supply company and an amateur artist, and his wife Mary O.

She was born in New York City (1902 -1904), and spent her early childhood in Staten Island.

She attended the Catholic elementary and high schools in Staten Island and Manhattan. She graduated from St. Patrick High",0.113,8.984," Barker was born the second daughter and youngest child of Walter Barker, a partner in a seed supply company and an amateur artist, and his wife Mary Ann (Logan) Barker. Barker was educated in Manchester Grammar School, and attended St Catharine's College, Oxford, where she graduated in 1892 with a first class Honours degree in mathematics.

Barker joined the Imperial",3.038,9.399," Barker was born the second daughter and youngest child of Walter Barker, a partner in a seed supply company and an amateur artist, and his wife Mary (née Thomas). She was known by friends and family as ""Lolly"". Her father died when Barker was young and her mother was killed in a car crash when Barker was 17. Barker, a schoolgirl at the time of her mother's",3.038,10.875," Barker was born the second daughter and youngest child of Walter Barker, a partner in a seed supply company and an amateur artist, and his wife Mary. She was educated at a local girls' boarding school, and was described as ""a bright, attractive girl"" by her mother. Barker's brother, Arthur Barker, was also born in 1921. He became an advertising executive, and died of brain",8.5,10.721," Barker was born the second daughter and youngest child of Walter Barker, a partner in a seed supply company and an amateur artist, and his wife Mary. She was educated at a local school and then in Manchester at the City Art School, where she became a student of the sculptor Henry Moore.

After her graduation in 1935 Barker became a freelance artist, exhibiting in London and Liverpool and working",0.0,11.561," Barker was born the second daughter and youngest child of Walter Barker, a partner in a seed supply company and an amateur artist, and his wife Mary. She was educated at the private school St. Paul's Girls School, in Richmond, London. She attended the Royal College of Art from 1929-31, when she was in her third year. She studied textile painting under Julian Huxley.",0.0,11.477," Barker was born the second daughter and youngest child of Walter Barker, a partner in a seed supply company and an amateur artist, and his wife Mary ( née Anderson ), a homemaker and nursery school teacher. Her parents had married late in life and Barker's father died of a brain tumour when Barker was three. Barker and her sisters, Olive ( née Barker ) and El",0.0,13.106," Barker was born the second daughter and youngest child of Walter Barker, a partner in a seed supply company and an amateur artist, and his wife Mary (Cobian, daughter of Alexander Cobian, a Canadian-born millionaire and art dealer from Toronto ). Barker had a sister, Mary (Cobian).

Barker became interested in the arts as a child and studied at the",0.0,20.075," Barker was born the second daughter and youngest child of Walter Barker, a partner in a seed supply company and an amateur artist, and his wife Mary. In her adolescence Barker and her family resided in Boston, Massachusetts. Barker wore dresses and felt her family should move to Europe, so she studied ballet when she became 14 years old and took up interior decorating in her spare time. The couple had",0.0,14.886," Barker was born the second daughter and youngest child of Walter Barker, a partner in a seed supply company and an amateur artist, and his wife Mary, née Moore.[16][17] Mary and her parents left England just before Barker was aged two and he lived partly in Scotland and partly in France during her childhood.[18] Barker later said that his parents had ""always had a taste for",0.524,12.341," Barker was born the second daughter and youngest child of Walter Barker, a partner in a seed supply company and an amateur artist, and his wife Mary. She was the only one of the four Barker children to attend high school.

When she was 16, Mary Barker was taken to see King Richard and Queen Elizabeth on her father's horse, and was chosen to be Queen Elizabeth II's page"
Wiki_Academic,59,0.0,7.414,0.113,10.6," The family of four was moderately well off, and belonged to the lower end of the upper middle class. A nanny, a governess, and two children lived at the house, and the parents were retired.

The house was in a quiet village, and there were few inhabitants in the neighbourhood, and so the family were completely alone with only the children to watch over. The govern",0.0,16.013," The family of four was moderately well off, and belonged to the lower end of the upper middle class. A nanny, a governess, and two maids, were in fact all that was left of their many servants.

A young man, whose parents were both servants in the household,, had a rich uncle. He and his wife, both had been born in India.",0.338,9.988," The family of four was moderately well off, and belonged to the lower end of the upper middle class. A nanny, a governess, and two children lived at the house, and the parents were retired.

The house was in a quiet village, and there were few inhabitants in the neighbourhood, and so the family were completely alone with only the children to watch over them.
",2.363,10.441," The family of four was moderately well off, and belonged to the lower end of the upper middle class. A nanny, a governess, a cook and a housemaid were all employed to assist her, as was her friend, a school teacher.

The family had recently moved to a new village, and were settling in nicely.

The nanny was known by her friend",4.838,13.142," The family of four was moderately well off, and belonged to the lower end of the upper middle class. A nanny, a governess, an elderly lady housemaid, as well as some servants, took care of them. They lived in a house of good size, of brick with some additions of marble. The house was located on an upper terrace of a building of some size on",8.5,7.414," The family of four was moderately well off, and belonged to the lower end of the upper middle class. A nanny, a governess, and two maids were employed in the home.

The children were born in India and were educated there. The nanny and governess were Indian. The maids were from the United States.

The family lived in the city of",0.0,8.129," The family of four was moderately well off, and belonged to the lower end of the upper middle class. A nanny, a governess, a maid, a cook, a gardener were the staff. The children were a girl of fourteen, two year old girl, two year old boy, two year old girl, two year old boy, and three year old boy. All four siblings",0.0,8.901," The family of four was moderately well off, and belonged to the lower end of the upper middle class. A nanny, a governess, the two children and a maid were hired. The family lived in the third floor apartment, the maid was on the first floor, the governess in the first, the children in the second. The children were aged between 7 and 14. The n",0.0,12.492," The family of four was moderately well off, and belonged to the lower end of the upper middle class. A nanny, a governess, a cook, a maid, a servant. The entire family lived in the house, and the maid was a very good housekeeper, the maid had a little girl. The servant from the maid's family lived in the house with the maid but was",2.61,27.634," The family of four was moderately well off, and belonged to the lower end of the upper middle class. A nanny, a governess, a maid and a chauffeur were there. The cook was German.

All survived the catastrophe.

This order of succession is which are found in the The Peppercorn Duke, the Grand Hotel in Elmhurst etc.

",-0.993,22.548," The family of four was moderately well off, and belonged to the lower end of the upper middle class. A nanny, a governess, a graduate. An upper middle class spouse whom lavished his free time to familiarize himself with the life of the rich and famous, to live the high life with friends and to delight in lavish vacations and home decor.

I don’",1.369,9.278," The family of four was moderately well off, and belonged to the lower end of the upper middle class. A nanny, a governess, and two maids also lived at the household where the shooting took place.

The family had two other children: a daughter and a son, both of whom died in infancy. The deceased, both boys, were born in 1832 and 18"
Wiki_Academic,60,0.0,13.062,-0.338,19.304," Barker took correspondence courses in art, probably until about 1919. In 1908 at 13 years, she entered an evening class at the Croydon School of Art. At the school she studied with William Morris, John D. King, William Morris, George Bell, and John Cawthorne. In 1910 she began working with William Morris at the Prince of Wales's Gallery, London. In 1915",0.0,19.456," Barker took correspondence courses in art, probably until about 1919. In 1908 at 13 years, she entered an evening class at the Croydon School of Art. In 1914, she began studying under Frederick G. D. Lewis. In 1915 she began to exhibit at the Croydon Art Club. She also began creating portraits. Her work is now held in the British Museum, London.
",-0.338,17.539," Barker took correspondence courses in art, probably until about 1919. In 1908 at 13 years, she entered an evening class at the Croydon School of Art. At the school she studied with William Morris, John D. King and William Morris, who was also the headmaster of Croydon College of Art. Barker also attended classes at the Prince of Wales's School of Art. In 1915",1.688,14.968," Barker took correspondence courses in art, probably until about 1919. In 1908 at 13 years, she entered an evening class at the Croydon School of Art, taught by William Morris with whom she would often work. In 1912, Barker, still in her teens, entered the London school of art, taught by William Morris with whom she would often work. In 1913, Barker, still in her",3.488,14.155," Barker took correspondence courses in art, probably until about 1919. In 1908 at 13 years, she entered an evening class at the Croydon School of Art. Her teacher was H. H. Cholmondeley. Barker was an active member of the Croydon branch of the Young British Artists Society, and exhibited her work at its exhibitions. Her work was shown at the Royal Academy",8.5,13.062," Barker took correspondence courses in art, probably until about 1919. In 1908 at 13 years, she entered an evening class at the Croydon School of Art. At the end of 1912, she was a member of the Croydon Art Club. From 1914 -1917, she worked as a private tutor in art. She also became a member of the South London Society of Artists. In",0.0,18.113," Barker took correspondence courses in art, probably until about 1919. In 1908 at 13 years, she entered an evening class at the Croydon School of Art. She had to stop attending due to her parents disapproval and she then continued to attend classes in her parents home. After her parents died in 1911, she left home and moved in with a cousin in Islington to live off her savings and",0.0,12.484," Barker took correspondence courses in art, probably until about 1919. In 1908 at 13 years, she entered an evening class at the Croydon School of Art. At 16, she began teaching drawing at the Croydon Art School, which had opened in 1909. In 1921, she worked as a teacher at the Croydon Art School, and in 1924, she was appointed head of drawing",0.0,13.166," Barker took correspondence courses in art, probably until about 1919. In 1908 at 13 years, she entered an evening class at the Croydon School of Art. At 17, she began studying on the evening classes at the Royal Academy of Art. From 1921, she held a scholarship at the Royal College of Art, and from 1924 she became a member of the Royal Society of British Artists. In",0.0,36.811," Barker took correspondence courses in art, probably until about 1919. In 1908 at 13 years, she entered an evening class at the Croydon School of Art founded by William Walton and Archibald Adamson. That came to an end later that year. She and her elder sister Emily were discovered to be students at the Almanzora Centre for performing Arts. In 1910 they have enrolled themselves",0.0,63.61," Barker took correspondence courses in art, probably until about 1919. In 1908 at 13 years, she entered an evening class at the Croydon School of Art. Her teachers included Anthony Beswick ( ten sheets in that art magazine including the wonderful Belgravia Avenue, published by the Royal Society For the Prevention of Cruelty to Animals for Royal Ascot … so be warned ), Ernest Aspin",-1.736,15.176," Barker took correspondence courses in art, probably until about 1919. In 1908 at 13 years, she entered an evening class at the Croydon School of Art and the following year she won her first prize at a Croydon art exhibition, taking the prize for painting. She then studied at the Slade in London, where she had been given a scholarship to study drawing and painting, with the"
Wiki_Academic,61,0.0,10.655,0.226,21.97," In 1911, Raphael Tuck & Sons bought four of Barker's "" little drawings "" for half a sovereign, and published them as postcards. This is the story of their adventures in publishing.

The postcards are quite small, and are framed in a silver frame. They seem to have been made specially for this project, and are the only postcards ever made from them.",0.0,21.729," In 1911, Raphael Tuck & Sons bought four of Barker's "" little drawings "" for half a sovereign, and published them as postcards in his "" Little Drawings of England and Wales "".

Little Drawings of England and Wales was published in March 1911, and was reprinted in 1924 and 1942.

Among the original four sketches, the only one not illustrated by T",0.226,21.97," In 1911, Raphael Tuck & Sons bought four of Barker's "" little drawings "" for half a sovereign, and published them as postcards. This is the story of their adventures in publishing.

The postcards are quite small, and are framed in a silver frame. They seem to have been made specially for this project, and are the only postcards ever made from them.",1.812,13.722," In 1911, Raphael Tuck & Sons bought four of Barker's "" little drawings "" for half a sovereign, and published them as postcards.

The exhibition at the London Stock Exchange also includes a few of his original prints.

The exhibition at the London Stock Exchange also includes a few of his original prints.

−

+

−

+
",2.832,29.713," In 1911, Raphael Tuck & Sons bought four of Barker's "" little drawings "" for half a sovereign, and published them as postcards. This was the first commercial use of Barker's work. Barker died five years later, in 1913, and his estate was sold.",8.5,24.453," In 1911, Raphael Tuck & Sons bought four of Barker's "" little drawings "" for half a sovereign, and published them as postcards in a booklet called "" The Adventures of a Boy of 16 "", with a map of the world and a map of London. The "" drawings "" were in fact two drawings of "" The Adventures of Huckleberry Finn "", which had been printed",0.0,19.305," In 1911, Raphael Tuck & Sons bought four of Barker's "" little drawings "" for half a sovereign, and published them as postcards. This was a great success and the drawings were purchased by a wide circle of well-to-do ladies. The original was sold at Christie's in London in 1985. It was bought by the National Portrait Gallery for £25,000.",0.0,33.2," In 1911, Raphael Tuck & Sons bought four of Barker's "" little drawings "" for half a sovereign, and published them as postcards in March 1912, under the title "" The Little Pictures,"" which were printed by Barker during the late 1860s. He then sold all his drawings, except those which Tuck & Sons had shown to H A G. Barker, for a guinea",0.0,21.775," In 1911, Raphael Tuck & Sons bought four of Barker's "" little drawings "" for half a sovereign, and published them as postcards with his own signature, under the title "" Raphael Tuck Collection of British Landmarks "". These postcards were reprinted and circulated several times.

In the summer of 1911, Raphael Tuck went to London with his son, who was working",0.911,55.69," In 1911, Raphael Tuck & Sons bought four of Barker's "" little drawings "" for half a sovereign, and published them as postcards for 50 shillings per piece. The reproduction has recently been published as Luxurious New Delicacies: A Illustrated Postcard Book. The information on the cover is obvious, and the work clearly differs in quality. Here is a row of fifteen",0.301,72.379," In 1911, Raphael Tuck & Sons bought four of Barker's "" little drawings "" for half a sovereign, and published them as postcards ; ""Barker's little drawings"" was trumbled nearly straightaway onwards ; the design won the Robert Adams prize in 1929, and was very common on postcards in the early 1930s, usually fora but sometimes instead on the front",-0.141,21.098," In 1911, Raphael Tuck & Sons bought four of Barker's "" little drawings "" for half a sovereign, and published them as postcards. This postcard was the only one in its series to survive.

In 1910, Barker returned from a tour of the Mediterranean, and produced a series of oil paintings of his travels in France, Italy, Spain, and Portugal.

"
Wiki_Academic,62,0.0,18.706,0.338,24.49," Following her father ’ s death in June 1912, the seventeen @-@ year @-@ old Barker submitted art and poetry to My Magazine, as well as being the author of the #1 selling book ’ @-@ books in 1912.

Barker was a self-taught artist, who studied with a teacher in California. In early 1913 she was a member",0.0,23.298," Following her father ’ s death in June 1912, the seventeen @-@ year @-@ old Barker submitted art and poetry to My Magazine, which was edited by her father ’ s former pupil Thomas Keillor (1868-1943). The poem “The Story of My Houseguest” was published in July 1913. In the poem Barker describes a visit from",0.338,24.49," Following her father ’ s death in June 1912, the seventeen @-@ year @-@ old Barker submitted art and poetry to My Magazine, as well as being the author of the #1 selling book ’ @-@ books in 1912.

Barker was a self-taught artist, who studied with a teacher in California. In early 1913 she was a member",2.363,19.67," Following her father ’ s death in June 1912, the seventeen @-@ year @-@ old Barker submitted art and poetry to My Magazine and Illustrated London News, among other publications.

Early years

Barker’s parents, John and Laura Barker, were printers in a textile mill in Newcastle upon Tyne. They lived in a three-roomed house with",3.938,23.381," Following her father ’ s death in June 1912, the seventeen @-@ year @-@ old Barker submitted art and poetry to My Magazine, which was published monthly from 1912 to 1917. Her paintings were of landscapes, watercolors, portraits, and landscapes. The most striking of her paintings were some of her watercolors, including one of her father.
Barker's",8.5,19.654," Following her father ’ s death in June 1912, the seventeen @-@ year @-@ old Barker submitted art and poetry to My Magazine, which was published by the American Society for Women Writers. In the summer of 1914, in the midst of World War I, she was a delegate to the National Women ’ s Congress, which met in Chicago. The congress agreed that women would",0.0,23.333," Following her father ’ s death in June 1912, the seventeen @-@ year @-@ old Barker submitted art and poetry to My Magazine, as well as to the monthly publication, Scribner's Magazine. She also drew and painted. She moved out of her father ’ s house in February 1913 so she could attend classes in art. She ’ d been a student of",0.0,22.502," Following her father ’ s death in June 1912, the seventeen @-@ year @-@ old Barker submitted art and poetry to My Magazine, the magazine of the Associated Press, which would become The New Yorker. Although her father had left a wealth of artwork and poems behind, she was not paid for her works. When her father ’ s estate was liquidated in 1913, the",0.0,28.87," Following her father ’ s death in June 1912, the seventeen @-@ year @-@ old Barker submitted art and poetry to My Magazine, the monthly newspaper of the American Society of Women Artists. In an undated entry, in which she stated her age, she wrote, “ My parents are dead so I do not have to go through their misery and trouble of working for a",-1.642,88.073," Following her father ’ s death in June 1912, the seventeen @-@ year @-@ old Barker submitted art and poetry to My Magazine for Ladies icts a superheavenly @-@ she ( an unofficial? friend of the magazine’s editor ) encouraged her art and offered correspondence classes to aspiring authors. She was a great favorite for the magazine publication of writer.In",0.949,52.914," Following her father ’ s death in June 1912, the seventeen @-@ year @-@ old Barker submitted art and poetry to My Magazine in Ottawa in November 1912. She was unable to vote in the next federal election until October 1916, and

Library and Archives Canada Related Material Out of the Light Our Final Mission This note was written by Barker, showing appreciation for the assistance provided by",0.403,22.7," Following her father ’ s death in June 1912, the seventeen @-@ year @-@ old Barker submitted art and poetry to My Magazine, which was published by the American Society of Women Artists. In 1916, she was among the artists who organized a show of work entitled “Women Artists.” She also became an assistant teacher at the newly formed The School of Fine Arts for"
Wiki_Academic,63,0.0,8.997,1.688,8.259," Fairies became a popular theme in art and literature in the early 20th century following the releases of The Coming of the Fairies by Sir Arthur Conan Doyle and The Little Red Book of Fairies by Anna Sewell, both published in 1897. In the latter book, fairies are depicted as fairies who reside in a beautiful forest.

The fairy tale of ""The Three Little Pigs",0.0,11.088," Fairies became a popular theme in art and literature in the early 20th century following the releases of The Coming of the Fairies by Sir Arthur Conan Doyle and The Silver Chalice by Rudyard Kipling.

In popular culture
 Fairies became a central figure of folklore. In particular, fairy tales and fairy lore became a popular trend, but a large amount of the folklore is either",1.463,8.846," Fairies became a popular theme in art and literature in the early 20th century following the releases of The Coming of the Fairies by Sir Arthur Conan Doyle and The Little Red Book of Fairies by Anna Sewell.

The fairies' appearance varies from person to person. In fairy folklore, fairies have been described as being tall, slim and hairless with large, glowing red",2.363,8.585," Fairies became a popular theme in art and literature in the early 20th century following the releases of The Coming of the Fairies by Sir Arthur Conan Doyle and The Brothers Grimm (1810), which was based on the folk tale ""Ludwig the Lucky"" by Hans Christian Andersen. Fairy tales also had a place in American popular culture in the early 1900s. One of the earliest fairy",4.838,8.148," Fairies became a popular theme in art and literature in the early 20th century following the releases of The Coming of the Fairies by Sir Arthur Conan Doyle, The Little Red Book of Fairy Stories, Fairyland, the Fairy Bible, The Fairy Book of Stories, The Fairy Book of Stories, Out of the Past, The Fairy Book of Stories, The Fairy Book of Fairy Stories, The Fairy",8.5,9.186," Fairies became a popular theme in art and literature in the early 20th century following the releases of The Coming of the Fairies by Sir Arthur Conan Doyle and The Little Red Riding Hood by Franz Lehár.

In the 1920s, two distinct fairy-tale conventions emerged in English literature: the ""Hairy Fairy story"" (a variation of the traditional fairy-tale) and",0.0,9.771, Fairies became a popular theme in art and literature in the early 20th century following the releases of The Coming of the Fairies by Sir Arthur Conan Doyle and The Fairy Queen by Thomas Hardy.  The tale of the fairies was told in the literary context of the fairy story by E. Nesbit in Fairy Tales and in the art world in a series of paintings and prints. ,0.0,9.459," Fairies became a popular theme in art and literature in the early 20th century following the releases of The Coming of the Fairies by Sir Arthur Conan Doyle and The Little Red Riding Hood by Franz Lehár. Like most fairy tales, the fairies in these works have no real origins. They are imagined by the authors as a product of the subconscious mind. They often share characteristics with myth",0.0,9.8," Fairies became a popular theme in art and literature in the early 20th century following the releases of The Coming of the Fairies by Sir Arthur Conan Doyle (1859) and The Wizard of Oz (1939), both of which were also greatly influenced by folk beliefs.
 The fairy stories of Marge Piercy, mainly the ""Alice"" books and the ""Belle"" books.",-1.594,15.76," Fairies became a popular theme in art and literature in the early 20th century following the releases of The Coming of the Fairies by Sir Arthur Conan Doyle in 1893 and Alice's Adventures in Wonderland by Lewis Carrol in 1871. These folkloric visions inspired fairies to a level unknown until today. In fact, the word fairy came to denote any certain conception that is pleasant, but",-0.154,19.275," Fairies became a popular theme in art and literature in the early 20th century following the releases of The Coming of the Fairies by Sir Arthur Conan Doyle in 1901 and The Danish Fairy Book. The first collection of fairy types consisting solely of fairy art is the ""Century of Fairy Stories"" series of fairy tales by Frances Hodgson Burnett. Two of her stories community-centered: The Sleep",0.086,8.557," Fairies became a popular theme in art and literature in the early 20th century following the releases of The Coming of the Fairies by Sir Arthur Conan Doyle and The Little Red Riding Hood by Franz Lehár.

In the 1920s, two more fairy tales inspired films. In 1926, writer-director Robert Wise released the fairy tale-inspired musical The Three Little Pigs, based on"
Wiki_Academic,64,0.0,27.45,1.238,28.456," In 1923, Barker sent her flower fairy paintings to various publishers. Blackie paid £ 25 for 24 paintings with accompanying verses, but it wasn 't until four years later in 1935 (when the book had sold out) that he realized that he could make a profit selling them over the counter to customers.

He quickly set up his shop in a small shop in Finsbury Park,",0.0,32.312," In 1923, Barker sent her flower fairy paintings to various publishers. Blackie paid £ 25 for 24 paintings with accompanying verses, but it wasn 't until four years later in 1926 that she was paid for her work, when she met the publisher Colin Maxwell. He was impressed with her work and she was given £ 5, to spend on flowers. She never forgot the moment, and it stayed",1.238,25.694," In 1923, Barker sent her flower fairy paintings to various publishers. Blackie paid £ 25 for 24 paintings with accompanying verses, but it wasn 't until four years later that these could be sold.

Barker was a prolific author and she was also a prolific painter. In the 1920's, she painted many illustrations for numerous children's books, as well as children's stories,",2.165,20.019," In 1923, Barker sent her flower fairy paintings to various publishers. Blackie paid £ 25 for 24 paintings with accompanying verses, but it wasn't until 1929 that they were collected into a book.

The book was published by Blackie's daughter and is still in print. It has been re- printed several times since and is now out of print.

The book is",2.967,36.211," In 1923, Barker sent her flower fairy paintings to various publishers. Blackie paid £ 25 for 24 paintings with accompanying verses, but it wasn 't until four years later that Barker could claim royalty on her book. She sold ten thousand copies of her book in her first year of circulation. Soon, Barker's work started appearing in bookstores across Britain.",8.5,27.45," In 1923, Barker sent her flower fairy paintings to various publishers. Blackie paid £ 25 for 24 paintings with accompanying verses, but it wasn 't until four years later that these were published in The National Magazine, a newspaper for children. They were reprinted in The New Musical Express and The Sunday Times.

In 1935, Barker sold her flower fairy paintings to the National League of Children '",0.0,36.998," In 1923, Barker sent her flower fairy paintings to various publishers. Blackie paid £ 25 for 24 paintings with accompanying verses, but it wasn 't until four years later that she could afford professional work.

In 1926, Blackie and Barker ( in association with Barker's sister) produced the comic strip "" Hilda's Fairy Tales "", which ran until it was picked up by",0.0,29.632," In 1923, Barker sent her flower fairy paintings to various publishers. Blackie paid £ 25 for 24 paintings with accompanying verses, but it wasn 't until four years later that the first publication was made, though originally she sold only 10. The paintings are in the possession of the Blackstone family and are on permanent display in the Blackstone Gallery, Blackstone Place, Wiltshire, England",0.0,32.603," In 1923, Barker sent her flower fairy paintings to various publishers. Blackie paid £ 25 for 24 paintings with accompanying verses, but it wasn 't until four years later when she could afford the full price of £125 that she decided to sell them.
Barker's flower fairy paintings often depict little girls in elaborate costumes while flowers flow around them. Sometimes they also depict little boys",0.0,45.109," In 1923, Barker sent her flower fairy paintings to various publishers. Blackie paid £ 25 for 24 paintings with accompanying verses, but it wasn't a great bargain - Barker may have added a lot of sentimental value to each piece, but the hard fact is that a painting of a plant for £ 25 makes little money if people don't buy the book with as many copies of flowers as",0.0,125.894," In 1923, Barker sent her flower fairy paintings to various publishers. Blackie paid £ 25 for 24 paintings with accompanying verses, but it wasn 't until 1937 that his editors persuaded him to write a portion of his book himself. The gold design of the corner's leaves shown in Barker's illustrations were taken from Gluck's Ring, handwritten and pictured in Leantautheogry",-0.514,31.652," In 1923, Barker sent her flower fairy paintings to various publishers. Blackie paid £ 25 for 24 paintings with accompanying verses, but it wasn 't until four years later that these were published in The National Magazine. She sold many of these paintings as she painted them, but others were kept to give as wedding gifts. In her autobiography she was referred to as a 'flower fairy' by"
Wiki_Academic,65,0.0,24.427,-0.113,27.688," In 1924, the family moved into a four @-@ level, semi @-@ detached Victorian house at 23 The Waldrons. Barker had taken up the practice of medicine and later became a partner in a law firm in London with his sister and cousin.

In London Barker was a leading authority on the law of inheritance and matrimony as well as being a prominent socialite and",0.0,28.08," In 1924, the family moved into a four @-@ level, semi @-@ detached Victorian house at 23 The Waldrons. Barker had rented out the house previously and it had been purchased by the original owners.

The house needed considerable work. The floors upstairs needed re-surfacing, new windows were needed in the front living room as well as the dining room & kitchen,",0.113,24.903," In 1924, the family moved into a four @-@ level, semi @-@ detached Victorian house at 23 The Waldrons. Barker had taken up the practice of medicine and later became a partner in a law firm in London with his sister and cousin.

In London Barker was a leading authority on the law of inheritance and matrimonial property. He was a member of the Bar",0.563,22.368," In 1924, the family moved into a four @-@ level, semi @-@ detached Victorian house at 23 The Waldrons. Barker had arranged for the architect to build a three - floor building, but as each floor had to be constructed separately, the architect was forced to build a three - floor building, as each floor had to be constructed separately.

The family moved into the",4.388,24.566," In 1924, the family moved into a four @-@ level, semi @-@ detached Victorian house at 23 The Waldrons. Barker had two daughters, one born on Christmas Day, one on New Year's Day.

In 1930, Barker's father, a London solicitor, died. Barker's mother died of TB on 14 December 1930 as a result of her long illness. Barker",8.5,24.427," In 1924, the family moved into a four @-@ level, semi @-@ detached Victorian house at 23 The Waldrons. Barker had two daughters and a son and two grandchildren. Barker was an avid swimmer and played tennis at the local tennis club. In the summer of 1925, Barker married his first wife's sister, Margery. Barker was employed for a short period at the",0.0,31.673," In 1924, the family moved into a four @-@ level, semi @-@ detached Victorian house at 23 The Waldrons. Barker had rented this house in Essex from George Thain in 1924. As Thain's lease with Barker came to an end in 1927, the Thain family decided to sell their home to Barker. Barker also had a second home at 8, South Hill Road",0.0,22.857," In 1924, the family moved into a four @-@ level, semi @-@ detached Victorian house at 23 The Waldrons. Barker had two brothers and a sister and their father was in the Merchant Navy. The family were Jewish.

The family were part of a wider community of Jews in the area. Barker was educated at the local grammar school, where he was known as a",0.0,30.321," In 1924, the family moved into a four @-@ level, semi @-@ detached Victorian house at 23 The Waldrons. Barker had two daughters, and there was a further daughter, a niece, and five sons. After the war the family moved to a 4 + @-@ house at 22 Spring Gardens. Barker had two more sons who were both at school at the time.",0.0,57.939," In 1924, the family moved into a four @-@ level, semi @-@ detached Victorian house at 23 The Waldrons. Barker had a monopoly on hot chillies in Bristol. The house is the one off Clock Lane. Barker always had a telephone in his study. Barker's daughter Joan became a leading photographer. Her pictures hang in the world famous Bristol Art Gallery

Bark",0.0,108.464," In 1924, the family moved into a four @-@ level, semi @-@ detached Victorian house at 23 The Waldrons. Barker had moved into the family house in 1927, and took priority over Christine.

were allocated for Barker

On 28 January 1929, Barker was approached by the Moraeon Post editors and resident newspaper satirbreaks writer Jack Claughton to have an",1.989,33.275," In 1924, the family moved into a four @-@ level, semi @-@ detached Victorian house at 23 The Waldrons. Barker had two daughters, and there was also a son, Harry. As children, they played with the children of the staff. Arthur's parents were John and Florence Barker.
In 1929, Barker married Kathleen 'Kay' Peebles, who had been"
Wiki_Academic,66,0.0,21.153,-0.563,26.544," The children in the kindergarten modelled for the Flower Fairies until the kindergarten closed in 1940. In an interview in 1958, Barker said, "" "" In an interview in, Barker said, "" Our children were really quite good, and we were really happy living in such a lovely place, and we were really lucky with our children. We were quite a normal family, there was no reason why",0.0,23.477," The children in the kindergarten modelled for the Flower Fairies until the kindergarten closed in 1940. In an interview in 1958, Barker said, "" The dolls were made in the style of the dolls of the Flemish Masters, and were a great success at the garden centre in the summer. One of the children in the kindergarten developed a real fondness for them. She made them as they",-0.563,29.193," The children in the kindergarten modelled for the Flower Fairies until the kindergarten closed in 1940. In an interview in 1958, Barker said, "" "" In an interview in 1958, Barker said ‘It's really quite a sad story. We were a group of enthusiastic young people who were going to have the children in a nice kindergarten in Maltepe. We were going to have teachers,",3.038,20.615," The children in the kindergarten modelled for the Flower Fairies until the kindergarten closed in 1940. In an interview in 1958, Barker said, ""I had arranged for the children in the kindergarten to be paid a dollar a week for modeling. I was aware of the idea being that they were being exploited, but what I was aware of was that they were being paid.""

The exhibition at",4.838,23.985," The children in the kindergarten modelled for the Flower Fairies until the kindergarten closed in 1940. In an interview in 1958, Barker said, ""I was not involved in any of it, it was some other woman. It was done entirely against my wishes. It was her way of showing her power. If they didn't do it, she would not have shown them her power. ""
",8.5,16.631," The children in the kindergarten modelled for the Flower Fairies until the kindergarten closed in 1940. In an interview in 1958, Barker said, ""I was very fond of the little kindergarten children. I still have one of the dolls they brought me as a souvenir. They were so cute-looking.""

In a later interview, Barker said, ""The children were the best models we",0.0,18.7," The children in the kindergarten modelled for the Flower Fairies until the kindergarten closed in 1940. In an interview in 1958, Barker said, ""We were in the process of moving from one flat, where we had lived for the past six years, to another one nearby, when we found out that the children would no longer be there to model. So we went back there and had to work",0.0,23.049," The children in the kindergarten modelled for the Flower Fairies until the kindergarten closed in 1940. In an interview in 1958, Barker said, ""I think of my work as a kindergarten, I was not just a kindergarten teacher, I was the Kindergarten Director. We taught the children to be free, creative and courageous, we taught them to respect themselves and others, respect for all human",0.0,20.928," The children in the kindergarten modelled for the Flower Fairies until the kindergarten closed in 1940. In an interview in 1958, Barker said, "" "" The Flower Fairies are my most vivid memory, and I loved every minute of it.""

The Children of The Flower Fairies in the garden of the kindergarten in the 1930s

Barker went to the kindergarten in 1935 to",1.149,39.939," The children in the kindergarten modelled for the Flower Fairies until the kindergarten closed in 1940. In an interview in 1958, Barker said, ""To this day the teachers never quite forgave the school for taking them out.""

Another location in the school grounds remained until 1968. Following the school's move to Hillhead on the western side of Glasgow in 1957, a land assembly at Alexandra",-1.531,46.762," The children in the kindergarten modelled for the Flower Fairies until the kindergarten closed in 1940. In an interview in 1958, Barker said, ""They showed me how they mounted the heads onto the bodies"".
World Mikael Blomkvist and photographer Atli Sisliun working on a photo session in Nevis, 1938. Blomkvist stated in a 1988 interview",-1.068,21.998," The children in the kindergarten modelled for the Flower Fairies until the kindergarten closed in 1940. In an interview in 1958, Barker said, ""I still remember the joy of my kindergarten days. Our children were so pretty and so happy.""

In 1961, after her husband died, she was the administrator of the New Zealand Flower Fairies Association and continued to collect money for the association."
Wiki_Academic,67,0.0,10.328,-1.463,11.278," In the late 1920s, Barker began to doubt she was doing enough for the church and considered focusing solely on sacred works. Family and friends recommended she join the Women's Christian Temperance Union. Barker was among the first group of women to be converted by Ellen White.

, Barker began to doubt she was doing enough for the church and considered focusing solely on sacred works. Family and friends",0.0,15.644," In the late 1920s, Barker began to doubt she was doing enough for the church and considered focusing solely on sacred works. Family and friends recommended she join the Congregational Women’s Fellowship (CWF). The CWF offered Barker a chance to use her talents to help raise money for the church. Barker found the CWF a good way for her to be actively involved in community",-1.463,11.278," In the late 1920s, Barker began to doubt she was doing enough for the church and considered focusing solely on sacred works. Family and friends recommended she join the Women's Christian Temperance Union. Barker was among the first group of women to be converted by Ellen White.

, Barker began to doubt she was doing enough for the church and considered focusing solely on sacred works. Family and friends",2.813,21.33," In the late 1920s, Barker began to doubt she was doing enough for the church and considered focusing solely on sacred works. Family and friends recommended she write a book to let the world know what the church is really like.

Early years

Early years

 Barker, Dorothy (1912– ) was born in a town in the United States to a Protestant minister and a school teacher",3.488,22.616," In the late 1920s, Barker began to doubt she was doing enough for the church and considered focusing solely on sacred works. Family and friends recommended her for the position of associate minister in 1928. Barker was ordained on December 13, 1928. Barker was a strong supporter of the role of women, and was interested in women writing. The women's group was active from 1928–1964 under Barker's",8.5,10.328," In the late 1920s, Barker began to doubt she was doing enough for the church and considered focusing solely on sacred works. Family and friends recommended she join the Women's Christian Temperance Union (WCTU), a breakaway group from the Woman's Christian Temperance Union (WCTU). Barker became active in the WCTU in the 1930s. She was a prominent member of",0.0,17.796," In the late 1920s, Barker began to doubt she was doing enough for the church and considered focusing solely on sacred works. Family and friends recommended the study of the Bible. She met with a teacher named Robert S. Broughton. Broughton became a mentor to her. Under Broughton's tutelage, he taught her to read Latin and Greek, how to write in",0.0,15.747," In the late 1920s, Barker began to doubt she was doing enough for the church and considered focusing solely on sacred works. Family and friends recommended she join the Mennonite Church in Canada (MCI), which was then in the middle of a breakaway from the United Mennonite Church in the United States. Barker and her family were part of a recent influx of German-American",0.0,20.038," In the late 1920s, Barker began to doubt she was doing enough for the church and considered focusing solely on sacred works. Family and friends recommended work in the arts including fashion design in the 1940s and 1960s, and in 1967, she began to focus on the arts. Barker died on 29 December 2016 in Boca Raton, Florida at the age of 95. She is survived by",0.0,57.949," In the late 1920s, Barker began to doubt she was doing enough for the church and considered focusing solely on sacred works. Family and friends recommended otherwise. In 1929-9 Barker refused to speak to the choir or the congregation and took

tion in on a half time basis, a reorganization to double the scope of music in the service attempted, but this too failed. She was elected",0.0,45.194," In the late 1920s, Barker began to doubt she was doing enough for the church and considered focusing solely on sacred works. Family and friends recommended poets John Steinbeck and Ezra Pound to her. She also wrote a travelogue of Europe...
Hendricks Creations

Considered sacred music, the 3 A's -- words, aural experience and aural expression -- are dancing together",0.471,19.436," In the late 1920s, Barker began to doubt she was doing enough for the church and considered focusing solely on sacred works. Family and friends recommended she join another denomination to see if her calling revolved more around working with the poor and serving humanity.

After about two years of questioning what she should be doing, she left the Reformed Church of America and joined the United Church of Christ"
Wiki_Academic,68,0.0,10.223,-0.338,11.682," Barker continued to attend evening classes at the Croydon Art School between the 1920s and the 1940s, eventually receiving a teaching position. She is best remembered as the teacher who taught the young Judy Garland in a class of singing and dancing at the school.

In 1947, Barker moved to Battersea Arts Centre, where she lived for the next six years and taught art to younger",0.0,10.299," Barker continued to attend evening classes at the Croydon Art School between the 1920s and the 1940s, eventually receiving a teaching position. She was appointed a professor of drawing and painting at the Royal College of Art in 1922. In 1926 she married Dr D.J. Barker and in 1930 he died, leaving her with two young sons. The family moved to London and Barker began to exhibit",-0.338,12.518," Barker continued to attend evening classes at the Croydon Art School between the 1920s and the 1940s, eventually receiving a teaching position. She is best known for her portraits and children's books.

Barker was known for her love of 'little girls', and often painted portraits of them, including one of her own daughter in a baby bonnet and her work is held in",1.688,7.44," Barker continued to attend evening classes at the Croydon Art School between the 1920s and the 1940s, eventually receiving a teaching position. She became a member of the London Guild of Painters in Watercolour in 1931. One of her paintings was exhibited at the London Guild of Painters in Watercolour Art Exhibition, 1932. One of her paintings was exhibited at the London Guild of Painters",4.388,12.604," Barker continued to attend evening classes at the Croydon Art School between the 1920s and the 1940s, eventually receiving a teaching position. She was also involved as an artist, writing poetry and having her own work exhibited. Barker's poetry was published in The Quarterly, The New Critic, The New Quarterly, The Critic, The London Quarterly, The New Quarterly, The New Critic",8.5,10.223," Barker continued to attend evening classes at the Croydon Art School between the 1920s and the 1940s, eventually receiving a teaching position. She was also involved in the Croydon Art Society.

In the 1930s Barker and Huggins designed the building that became the Royal College of Art, Croydon, which was designed to be self-sufficient and to house the school",0.0,11.327," Barker continued to attend evening classes at the Croydon Art School between the 1920s and the 1940s, eventually receiving a teaching position. She also worked as a freelance artist for the Sunday Times newspaper. She also taught art classes in her own home to local children. Barker developed an earthenware pottery style known as “Croydonware”. She used the pot",0.0,15.117," Barker continued to attend evening classes at the Croydon Art School between the 1920s and the 1940s, eventually receiving a teaching position. She also worked as a freelance illustrator, often collaborating on illustrations with male artists including Paul Nash and Eric Gill. In 1928 Barker married Frank Leslie Beale, an artist known as the ""King of Birds"" who had produced numerous magazine illustrations for Natural History",0.0,16.512," Barker continued to attend evening classes at the Croydon Art School between the 1920s and the 1940s, eventually receiving a teaching position. She also worked as a model in the late 1930s for a series of advertising and music videos for Huggie Baby and for a series of advertising photographs taken by Guy Coker in 1934.

Barker died on 28 April 1945, aged",-0.136,21.951," Barker continued to attend evening classes at the Croydon Art School between the 1920s and the 1940s, eventually receiving a teaching position. She was also a painter and illustrator, having been a pupil of Clovis Angstenberg.

She won a monthly competition run by the Society for Paper Manufacturers. As a Chartered Landscape Architect, Barker specialised in handling trees",-1.139,16.422," Barker continued to attend evening classes at the Croydon Art School between the 1920s and the 1940s, eventually receiving a teaching position. She also trained with the London County Council's branch of the London Guild of Painters and Scribes in 1938 and had exhibitions at that time.

In 1938, Barker began a relationship with artist W. Russell Shaw (1915–1977), and",-0.06,8.967," Barker continued to attend evening classes at the Croydon Art School between the 1920s and the 1940s, eventually receiving a teaching position. She was married to the English sculptor George Barker and had two children. Barker died in 1951 in Croydon and is buried in her garden.

Work

Barker's work was influenced by Pre-Raphaelite painting and sculpture"
Wiki_Academic,69,0.0,23.823,-2.656,28.379," In 1940, the Barker's live @-@ in maid retired, and Dorothy Barker closed her school at the back of the house in The Queen's Gardens, when she was about 7 years old.
The Barker's family were all involved in the Queen's Gardens from the beginning, and Dorothy Barker was a regular visitor to the Queen's Gardens from when she was 4 years",0.0,52.577," In 1940, the Barker's live @-@ in maid retired, and Dorothy Barker closed her school at the back of the house in The Longworth's garden, when she died. Mrs Barker sold the house and garden in 1961, and it has since been converted into a house.",-2.656,28.379," In 1940, the Barker's live @-@ in maid retired, and Dorothy Barker closed her school at the back of the house in The Queen's Gardens, when she was about 7 years old.
The Barker's family were all involved in the Queen's Gardens from the beginning, and Dorothy Barker was a regular visitor to the Queen's Gardens from when she was 4 years",0.226,18.079," In 1940, the Barker's live @-@ in maid retired, and Dorothy Barker closed her school at the back of the house in The Old Town, for the last time.

The Old Town, as it was known by was known by was known by was known by was known by was known by was known by was known by was known by was known by was known by was",3.17,34.003," In 1940, the Barker's live @-@ in maid retired, and Dorothy Barker closed her school at the back of the house in The Queen's Street. She had been living there since 1884.Her last years were spent with her children. In 1948, they moved into her own house, which was built in about 1905. The Queen's Street house was sold, but the family",8.5,27.322," In 1940, the Barker's live @-@ in maid retired, and Dorothy Barker closed her school at the back of the house in The Queens Road.

In 1944 Dorothy Barker died, and the children were sent to different boarding schools.

In 1950, the children of Barker's died from the same disease.

In 1958, Dorothy Barker's son, James",0.0,33.792," In 1940, the Barker's live @-@ in maid retired, and Dorothy Barker closed her school at the back of the house in The Nook.

In 1962 Dorothy Barker moved out of the house and onto the Kentish Vale. She lived with her daughter, but died in 1977. She is buried at the church of St James in Maidstone. The little garden at the",0.0,32.637," In 1940, the Barker's live @-@ in maid retired, and Dorothy Barker closed her school at the back of the house in The Narrows. She had to work for a year to save enough money to buy new curtains and a piano. Then, she was old enough to go back to work. Barker's did not stop being a sewing and embroidery store, and",0.0,29.803," In 1940, the Barker's live @-@ in maid retired, and Dorothy Barker closed her school at the back of the house in Thebans Street. She had to move into a small room at the front of the house, and there she lived for the rest of her life, caring for a small dog. She did not see her daughter at any stage, and Dorothy Barker never",0.0,76.892," In 1940, the Barker's live @-@ in maid retired, and Dorothy Barker closed her school at the back of the house in The Moore's Lane. The house was bought new a year later by Edwin Dods, London, draughtsman who had already worked for Alfred Shaw on Christopher St for half a year. Barker's used the large studio to do some fitting",0.0,211.493," In 1940, the Barker's live @-@ in maid retired, and Dorothy Barker closed her school at the back of the house in The Yaphank Peninsula, Barkers Termly Social functiond @-@ -^-. Vera was number three in governess position'the children can see all up the street ritual around Dr. Barker '

^j^^^- |",-0.436,26.512," In 1940, the Barker's live @-@ in maid retired, and Dorothy Barker closed her school at the back of the house in The Woodlands.

In 1944, the family's two eldest children were sent to boarding school.

They returned home for the 1940 Christmas holidays, and then again for Easter.

In 1949, Dorothy Barker married again, but this time"
Wiki_Academic,70,0.0,21.791,-0.906,14.021," Barker's mother died in 1960, and, in 1961, Barker moved from 23 The Waldrons to 6 Duppas Avenue in Croydon. He was educated at the Royal Grammar School, Croydon, and then studied Physics at the University of London. He went on to work at the Admiralty, and then joined the Royal Aircraft Establishment where he worked on radar and guidance",0.0,26.417," Barker's mother died in 1960, and, in 1961, Barker moved from 23 The Waldrons to 6 Duppas Avenue in Croydon. He started writing professionally in the early 1950s, first with The Weekly Worker, then to the "" Daily Worker,"" a weekly trade magazine. In 1953, he was hired to work at the Daily Worker, where he worked to the early 1960",-0.906,14.021," Barker's mother died in 1960, and, in 1961, Barker moved from 23 The Waldrons to 6 Duppas Avenue in Croydon. He was educated at the Royal Grammar School, Croydon, and then studied Physics at the University of London. He went on to work at the Admiralty, and then joined the Royal Aircraft Establishment where he worked on radar and guidance",0.906,13.162," Barker's mother died in 1960, and, in 1961, Barker moved from 23 The Waldrons to 6 Duppas Avenue in Croydon. He lived there until moving to 19 The Old House at the end of 1965, when he moved to 19 The Old House at the end of 1965, when he moved to 19 The Old House at the end of 1965, when he moved to",3.85,18.512," Barker's mother died in 1960, and, in 1961, Barker moved from 23 The Waldrons to 6 Duppas Avenue in Croydon, South London. He was living alone, and working as an assistant manager of a local garage. Barker continued to work as an assistant manager of the garage, until September 1963, he was admitted to St. Bartholomews Hospital, London",8.5,31.6," Barker's mother died in 1960, and, in 1961, Barker moved from 23 The Waldrons to 6 Duppas Avenue in Croydon. He was the sole breadwinner (he had a factory job at a local shoe factory) at this time. Barker started his career as a'street'artist, and began selling his work in galleries, where he had to deal with many",0.0,27.524," Barker's mother died in 1960, and, in 1961, Barker moved from 23 The Waldrons to 6 Duppas Avenue in Croydon, in south London. It was a terraced house now, and had been built in 1885, the property was sold and moved. Barker's father was a dentist who lost a leg in an accident, and had to have operations in",0.0,24.533," Barker's mother died in 1960, and, in 1961, Barker moved from 23 The Waldrons to 6 Duppas Avenue in Croydon. He moved back to 23 The Waldrons, in 1967, and in 1969 he was to become a partner in the firm and in 1971 he married Margaret's sister Margaret's widow, Sylvia Barker, and they had a daughter, and",0.0,26.756," Barker's mother died in 1960, and, in 1961, Barker moved from 23 The Waldrons to 6 Duppas Avenue in Croydon, in the borough of Moseley, and in 1967, he moved to 8 Woodville Road in the borough of Uxbridge. He married Betty Jane ( Betty Jane Barker, née Smith ) on 14 December 1969 ( register of marriages",0.0,31.209," Barker's mother died in 1960, and, in 1961, Barker moved from 23 The Waldrons to 6 Duppas Avenue in Croydon,south London. In 1964, she published Tumbleweed at the back of a paper bag, inspired by her aspirations to become a novelist and author. On National Poetry Day in 1965, she appeared at the launch of a special issue of",0.0,172.32," Barker's mother died in 1960, and, in 1961, Barker moved from 23 The Waldrons to 6 Duppas Avenue in Croydon. He performed regularly with his band'trainers lads dealers at local clubs including, as Clothing Week 1955 - [Total 12].'dangerous lyrics /'4h' - Barkers Silver & Gold Minstrels, locally hailed as",-1.055,18.111," Barker's mother died in 1960, and, in 1961, Barker moved from 23 The Waldrons to 6 Duppas Avenue in Croydon, in south London, to live with a woman of whom he was in love. She was the writer Hilda Doolittle, whom he married in 1962 at St Brides, Southwark. Barker and Doolittle were parents to one"
Wiki_Academic,71,0.0,11.065,0.535,15.539," Barker died at Worthing Hospital on 16 February 1973, aged 77 years. Two funeral services were held – one in Storrington Church and one at the chapel for military personnel.

In 1975 he was awarded the MBE for his work on air pollution.

References",0.0,11.969," Barker died at Worthing Hospital on 16 February 1973, aged 77 years. Two funeral services were held – one in Storrington Church and one at the local crematorium.

One of the first books to be published in his name was Barker's Discussions with the Dead by David Hartley. It was first published in 1974 and reprinted in 1989.

References",0.535,15.539," Barker died at Worthing Hospital on 16 February 1973, aged 77 years. Two funeral services were held – one in Storrington Church and one at the chapel for military personnel.

In 1975 he was awarded the MBE for his work on air pollution.

References",3.488,9.137," Barker died at Worthing Hospital on 16 February 1973, aged 77 years. Two funeral services were held – one in Storrington Church and one in the Parish Church of St. Mary, West Worthing. He was buried in the family plot in the parish churchyard.

Early life

John Barker, was born on 18 June 1857 in a farm house in the parish of",3.038,8.801," Barker died at Worthing Hospital on 16 February 1973, aged 77 years. Two funeral services were held – one in Storrington Church and one at Worthing Crematorium. The funeral service at Storrington was conducted by Reverend Richard Taylor, assisted by Reverend Robert Smith, and conducted by Reverend Stephen Burbidge. The funeral service at Worthing was conducted by Reverend Robert Smith, assisted",8.5,11.065," Barker died at Worthing Hospital on 16 February 1973, aged 77 years. Two funeral services were held – one in Storrington Church and one at Worthing Crematorium.

I’m sure you know that Barker was a composer and conductor. Well, the latter is a fact. He was also a composer of some note. He wrote about 80 orchestral works,",0.0,13.02," Barker died at Worthing Hospital on 16 February 1973, aged 77 years. Two funeral services were held – one in Storrington Church and one at Worthing Crematorium.

I’m sure you know where you are and you’re probably sitting in your armchair with your eyes closed (if not, turn the page to page 25), looking for Barker.",0.0,8.934," Barker died at Worthing Hospital on 16 February 1973, aged 77 years. Two funeral services were held – one in Storrington Church and one at the chapel in the Cremation Ground, Worthing. The first service was conducted by the Bishop of Chichester, the Right Reverend John Mould. The second was conducted by the Vicar of Worthing, the Right Reverend Christopher C",0.0,15.63," Barker died at Worthing Hospital on 16 February 1973, aged 77 years. Two funeral services were held – one in Storrington Church and one at West Sussex Crematorium. He was buried at West Crematorium in the grounds.

The family home was in the village of Moulsecoomb ( see Sussex Historical Records

The first page of The Local History Reporter,",0.0,22.112," Barker died at Worthing Hospital on 16 February 1973, aged 77 years. Two funeral services were held – one in Storrington Church and one in St Mary's Church, Lyme Bay, Croyde.

According to Croyden Cottages and Villas, that year his chalet was advertising its hire for £40 per week, along with an antique crafts stall and",0.0,30.848," Barker died at Worthing Hospital on 16 February 1973, aged 77 years. Two funeral services were held – one in Storrington Church and one by the Army – at the Worthing Crematorium. “I am astonished & pleased w/ @VIRGINFORCE_Reg Tribute!” wrote Miller. – On January 17, the Royal Victorian Order presented Miller with",-1.421,9.145," Barker died at Worthing Hospital on 16 February 1973, aged 77 years. Two funeral services were held – one in Storrington Church and one at Worthing Crematorium. The service in Storrington was broadcast live.

In 1973, a small memorial plaque was erected in the grounds of Storrington School, where Dicky had been a pupil in the early 1930s."
Wiki_Academic,72,0.0,18.064,-0.113,18.264," Barker worked principally in watercolor with pen @-@ and @-@ ink, but she was equally competent in black @-@ and @-@ ink.
She has published five books: Landscapes with Dogs, A Dog’s World, The Art and Life of a Dog, and a book about dog’s hair.

Her dogs, too, have",0.0,14.34," Barker worked principally in watercolor with pen @-@ and @-@ ink, but she was equally competent in black @-@ and @-@ ink. She was an accomplished watercolorist and self-taught artist who often took part in exhibitions of her work in the Bay Area.

Barker’s works were not always of a purely visual nature, however",-0.338,20.379," Barker worked principally in watercolor with pen @-@ and @-@ ink, but she was equally competent in black @-@ and @-@ ink.
She has published five books: Landscapes with Dogs, A Dog’s World, The Art of Dachshund, and a book about dog grooming
One of her original paintings “Rescue Dogs",2.813,9.305," Barker worked principally in watercolor with pen @-@ and @-@ ink, but she was equally competent in black @-@ and @-@ ink, and watercolor pencils. I've always been interested in how artists approach their art. I've always been interested in how artists approach their art. I've always been interested in how artists approach their art. I've always been",4.838,8.548," Barker worked principally in watercolor with pen @-@ and @-@ ink, but she was equally competent in black @-@ and @-@ ink. Her subject matter ranges from landscapes, coastal, city, cityscape, cityscape, cityscape, cityscape, cityscape, cityscape, cityscape, cityscape, cityscape, cityscape, cityscape, cityscape",8.5,18.064," Barker worked principally in watercolor with pen @-@ and @-@ ink, but she was equally competent in black @-@ and @-@ ink. She made her art, but she also made her name with her unique way of drawing. She was a unique artist who found her own voice through the medium of watercolors. She taught herself to draw with only her own hand",0.0,22.723," Barker worked principally in watercolor with pen @-@ and @-@ ink, but she was equally competent in black @-@ and @-@ ink. She made very detailed and convincing watercolor portraits of her friends, family & pets – which she often photographed. She also painted landscapes and still lifes. She enjoyed the freedom and immediacy of the wet brush on paper & the �",0.0,17.652," Barker worked principally in watercolor with pen @-@ and @-@ ink, but she was equally competent in black @-@ and @-@ ink. Her watercolor work was often more abstract than in her pen style, and her oil painting was often more realistic than in its pen counterpart.

Though Barker's work is rarely seen today, I'm sure it will be found",0.0,17.267," Barker worked principally in watercolor with pen @-@ and @-@ ink, but she was equally competent in black @-@ and @-@ ink. She made every stroke count. She used her work in the exhibition to illustrate the point that ""a brush on paper is a true work of art"".

She worked with watercolor, gouache, pastels and colored pencil",0.0,19.866," Barker worked principally in watercolor with pen @-@ and @-@ ink, but she was equally competent in black @-@ and @-@ print, but I prefer her watercolor work. She was an excellent draftsman and a very gifted and talented painter.

She was my first teacher and was a good role model. She encouraged me and showed me lots of templates.",0.0,113.738," Barker worked principally in watercolor with pen @-@ and @-@ ink, but she was equally competent in black @-@ and @-@ ink.Barks calling to us with prospects to include our own work in the show. Her building has two bowed hallways ; she opted for the former repaired1. Our piece is Enjoy an ice cream cones or What to eat. That",-1.009,18.071," Barker worked principally in watercolor with pen @-@ and @-@ ink, but she was equally competent in black @-@ and @-@ ink. She made her art, but it was not her main income. She was very successful at getting jobs for her art, but she never made millions of dollars.

My mother loved art and I learned to draw and paint from"
Wiki_Academic,73,0.0,22.339,0.57,25.316," Kate Greenaway was a childhood favorite and an influence on her art. Barker's child subjects wear nostalgic clothing as Greenaway's children do, and their faces are always turned toward the background, where a distant house is usually visible, as though they are watching themselves.

Barker's work is a study of social class and values, and a warning against the rising tide of",0.0,26.739," Kate Greenaway was a childhood favorite and an influence on her art. Barker's child subjects wear nostalgic clothing as Greenaway's children do, as if to link them to a past they can't understand. The children in the pictures appear not to be in pain. Perhaps they're in a world where their only concern is to be dressed up and feel pretty, to be happy and play",0.229,26.736," Kate Greenaway was a childhood favorite and an influence on her art. Barker's child subjects wear nostalgic clothing as Greenaway's children do, and their faces are always turned toward the background, where a distant house is usually visible. Greenaway's works are the most famous works in the series.

The paintings were included in the Art of Childhood and Childhood in America galleries at",1.937,13.771," Kate Greenaway was a childhood favorite and an influence on her art. Barker's child subjects wear nostalgic clothing as Greenaway's children do. Greenaway's paintings portray childlike people, animals, and objects. One of her paintings shows a boy playing in a field with a dog. Greenaway's paintings portray childlike people, animals, and objects. One of her paintings shows a",4.672,29.921," Kate Greenaway was a childhood favorite and an influence on her art. Barker's child subjects wear nostalgic clothing as Greenaway's children do, as if the two painters used their own children as models. The most popular of these paintings, Girl Playing on Street, has been so successful that Barker has now sold over 100,000 pictures. The paintings depict children, often dressed in past",8.5,22.126," Kate Greenaway was a childhood favorite and an influence on her art. Barker's child subjects wear nostalgic clothing as Greenaway's children do, but the clothing is always new, the children are always smiling, and the adults are always laughing.

Gail Gibbons's children's books are often quirky and magical, but none quite as magical as The Witches of Eastwick.",0.0,29.726," Kate Greenaway was a childhood favorite and an influence on her art. Barker's child subjects wear nostalgic clothing as Greenaway's children do, but the clothes are less fantastical and more everyday objects and accessories. Barker's pictures... More

This was a book of the original drawings Barker made of children when she was a child. Barker's style and the children's clothing and",0.0,10.762," Kate Greenaway was a childhood favorite and an influence on her art. Barker's child subjects wear nostalgic clothing as Greenaway's children do, and their youthful expressions and gestures, their youthful exuberance and their youthful exuberance and their youthful exuberance and their youthful exuberance and their youthful exuberance and their youthful exuberance and their youthful exuberance and",0.0,47.602," Kate Greenaway was a childhood favorite and an influence on her art. Barker's child subjects wear nostalgic clothing as Greenaway's children do, and have the same playfulness, naivete, and innocence. Barker's work seems...",0.0,58.858," Kate Greenaway was a childhood favorite and an influence on her art. Barker's child subjects wear nostalgic clothing as Greenaway's children do: two button-down'. Between 1879 and 1884, the literary journal, SAVANT ran many scathing criticisms on his art. Described as the 19th century's greatest painter of women, Greenaway studied drawing with her father",0.0,85.96," Kate Greenaway was a childhood favorite and an influence on her art. Barker's child subjects wear nostalgic clothing as Greenaway's children do, and his postcard paintings are full of miniature coins. Enid Blyton's continuing career complements the efforts of another famous author, because she's become a figure of transport through watercolour paintings.Run The Jewels.",0.208,22.596," Kate Greenaway was a childhood favorite and an influence on her art. Barker's child subjects wear nostalgic clothing as Greenaway's children do, but Barker's subject matter is more modern in scope. Barker's mother once told her that the way she drew was a bit like Greenaway's, with a penchant for animals.

In the spring of 2009, while working on her first"
Wiki_Academic,74,0.0,13.435,-1.913,29.32," The Pre @-@ Raphaelites were a strong, lifelong influence on Barker. She once indicated, "" I am to some extent influenced by them and by the Pre, and by the Pre school, in all of their ways : the Pre made me want to be a teacher, the Pre school encouraged me to be a teacher, the Pre made me want to have children, and the Pre school",0.0,24.779," The Pre @-@ Raphaelites were a strong, lifelong influence on Barker. She once indicated, "" I am to some extent influenced by them, but the real influence is my mother, I suppose.""

Biography

She made her acting debut in 1954's The Pre and has since appeared in a wide variety of films. She has won four Golden Globes and two Academy Awards",-1.913,29.32," The Pre @-@ Raphaelites were a strong, lifelong influence on Barker. She once indicated, "" I am to some extent influenced by them and by the Pre, and by the Pre school, in all of their ways : the Pre made me want to be a teacher, the Pre school encouraged me to be a teacher, the Pre made me want to have children, and the Pre school",4.163,16.327," The Pre @-@ Raphaelites were a strong, lifelong influence on Barker. She once indicated, "" I am to some extent influenced by them.""

Early years

 Raphaelites was born in a town in the north of France in a town in the north of France in a town in the north of France in a town in the north of France in a town in the north of France",3.488,32.815," The Pre @-@ Raphaelites were a strong, lifelong influence on Barker. She once indicated, "" I am to some extent influenced by them."" Barker told The New Yorker : "" The great thing about rock n' roll was that it made everything else possible. It gave us the freedom to do what we wanted. We weren't just making love or just dancing. We were making love,",8.5,13.435," The Pre @-@ Raphaelites were a strong, lifelong influence on Barker. She once indicated, "" I am to some extent influenced by them, but the Pre, the Pre, The Pre, the Pre, The Pre, The Pre, the Pre, The Pre, The Pre, The Pre, The Pre, The Pre, The Pre, The Pre, The Pre, The Pre,",0.0,22.89," The Pre @-@ Raphaelites were a strong, lifelong influence on Barker. She once indicated, "" I am to some extent influenced by them, by the way in which the body is viewed, the way in which women are regarded, the way in which the body is seen as part of the culture, the way in which women are regarded as the objects of the culture, the way in",0.0,11.49," The Pre @-@ Raphaelites were a strong, lifelong influence on Barker. She once indicated, "" I am to some extent influenced by them. ""

,

The Pre

The Pre

The Pre

The Pre

The Pre

The Pre

The Pre

The Pre

The Pre

The Pre

The Pre
",0.0,33.92," The Pre @-@ Raphaelites were a strong, lifelong influence on Barker. She once indicated, "" I am to some extent influenced by them and by the kind of life they lived, and by the kind of spirituality that those families had.""

The Pre, an album that includes music by the Raphaelites and music by Bernard Herrmann, was released on the Denny's label",1.847,29.725," The Pre @-@ Raphaelites were a strong, lifelong influence on Barker. She once indicated, "" I am to some extent influenced by them, the (pre Raphaelites) of whom I found the formative relationships."" - Charlotte Bauler

"", ""I am to some extent influenced by them, the (pre Raphaelites) of whom I found the formative relationships."" -",1.23,60.455," The Pre @-@ Raphaelites were a strong, lifelong influence on Barker. She once indicated, "" I am to some extent influenced by them in a perceptive, sensitive, wise sense of the notion of mysticism, of mysticism as a communion between mankind and God. "" For other examples see Infinite Jest, Laramie, The Baitcaster, Shortsightedness",0.431,40.694," The Pre @-@ Raphaelites were a strong, lifelong influence on Barker. She once indicated, "" I am to some extent influenced by them, but the Pre @-@ was one. A man could walk in and say 'Hello', and I'd remember them."" She was also influenced by the work of Richard Avedon, and has mentioned Avedon as the kind of photographer"
Wiki_Academic,75,0.0,35.354,0.453,16.959," Barker's sketches, drawings, and paintings of children were given to friends or to the parents of the subjects, donated to charitable institutions and church groups. They were used for many years to raise money for public charitable causes.

Barker ( 1891- ) is a distinguished artist who is best remembered today for his work as a children's illustrator. He was a prolific and",0.0,10.919," Barker's sketches, drawings, and paintings of children were given to friends or to the parents of the subjects, donated to charitable institutions and churchwardens, or used by him in drawing lessons. But he was in possession of many drawings by children of all ages.

Barker's sketches, drawings, and paintings of children were given to friends or to the parents of the subjects",0.0,16.112," Barker's sketches, drawings, and paintings of children were given to friends or to the parents of the subjects, donated to charitable institutions and church groups. They were used for many years to raise funds for public charitable aims and to raise awareness about the plight of children in care.

A number of Barker's illustrations have been included in children's books, although he was also a prolific illust",4.982,12.422," Barker's sketches, drawings, and paintings of children were given to friends or to the parents of the subjects, donated to charitable institutions and church funds. He frequently supplied drawings of children in a variety of situations, among them a boy who is pictured on a school playground. He frequently supplied drawings of children in a variety of situations, among them a boy who is pictured on a school playground.",3.623,12.981," Barker's sketches, drawings, and paintings of children were given to friends or to the parents of the subjects, donated to charitable institutions and churchwardens of churches. He was a member of the Royal Society of Painter's, Sculptor's and Engravers. His early sketches of children were exhibited in 1817, and his paintings of children from 1820. A few of his",8.5,35.354," Barker's sketches, drawings, and paintings of children were given to friends or to the parents of the subjects, donated to charitable institutions and church funds, and are now available on the web.",0.0,13.259," Barker's sketches, drawings, and paintings of children were given to friends or to the parents of the subjects, donated to charitable institutions and church collections, and are now available for sale.

All prices include Insurance. Postage will be added if the item(s) is being shipped outside the USA.

Shipping costs are calculated at checkout, but are included in the prices shown",0.0,16.06," Barker's sketches, drawings, and paintings of children were given to friends or to the parents of the subjects, donated to charitable institutions and churchwardens of churches. He made drawings of children playing in the street, children attending grammar school, children of all ages and sexes playing, children of all ages playing on the grass. He made drawings of children on the farm, children swimming, children",0.0,17.682," Barker's sketches, drawings, and paintings of children were given to friends or to the parents of the subjects, donated to charitable institutions and churchwardens of churches where he was a minister or where his friends were in charge of the school.

I have the following from George and Josephine Barker, the parents of one of the children in the above sketch, who gave them to the",-0.254,35.844," Barker's sketches, drawings, and paintings of children were given to friends or to the parents of the subjects, donated to charitable institutions and church charities.

he purchased, as gifts for or to his children, every number of the Illustrated London News  from 1911 to 1920, and each copy of the 25th anniversary edition of The War Baby, which cost him £250 ( less the",0.102,35.354," Barker's sketches, drawings, and paintings of children were given to friends or to the parents of the subjects, donated to charitable institutions and church picnics, even of those sick in hospital and meetings to discuss them afterwards.But not one single one of these drawings or images was ever sold, they were never exhibited, they where never exhibited.He simply gave them away.

December",0.915,13.148," Barker's sketches, drawings, and paintings of children were given to friends or to the parents of the subjects, donated to charitable institutions and churchwardens of churches.

In 1826, Barker left the city to live in a cottage in the village of Hutton Worthy, Warwickshire, where he worked from 1828 until his death. He was buried in the church"
Wiki_Academic,76,0.0,28.515,0.563,29.537," Barker was a devout Christian, and produced religious @-@ themed works throughout her life. She published eight postcards and five guardian angel birthday cards, to which she added a message of encouragement and good wishes.

The angel cards, for instance, include some very nice details, such as the wings on the angels and the angel sitting on her right hand (with its wings outstretched)",0.0,38.547," Barker was a devout Christian, and produced religious @-@ themed works throughout her life. She published eight postcards and five guardian angel birthday cards, all hand painted and gold inlayed.

I also found it interesting to see this very personal and unique work in a personal collection.

My favourite is this one, because the angel was painted wearing a dress. Her wings are",0.563,29.537," Barker was a devout Christian, and produced religious @-@ themed works throughout her life. She published eight postcards and five guardian angel birthday cards, to which she added a message of encouragement and good wishes.

The angel cards, for instance, include some very nice details, such as the wings on the angels and the angel sitting on her right hand (with its wings outstretched)",2.813,22.031," Barker was a devout Christian, and produced religious @-@ themed works throughout her life. She published eight postcards and five guardian angel birthday cards. One of her guardian angel cards was used by her friend, the artist, John Cavan, to celebrate his birthday and is pictured on our website here. One of her guardian angel cards was used by her friend, the artist, John Cavan",2.534,58.715," Barker was a devout Christian, and produced religious @-@ themed works throughout her life. She published eight postcards and five guardian angel birthday cards, which are some of her best known work.
I love her cards.",8.5,25.871," Barker was a devout Christian, and produced religious @-@ themed works throughout her life. She published eight postcards and five guardian angel birthday cards, which are some of the best examples of her art. The last cards she created were for her parents' 60th anniversary. She also painted some religious work on the walls of the church. All of her cards have a strong religious theme. The",0.0,26.182," Barker was a devout Christian, and produced religious @-@ themed works throughout her life. She published eight postcards and five guardian angel birthday cards, which are some of the best examples of her art. The cards that she has produced were for the benefit of her friends, family, and clients, but the cards themselves are truly beautiful. All of the cards that she has made are the original",0.0,29.311," Barker was a devout Christian, and produced religious @-@ themed works throughout her life. She published eight postcards and five guardian angel birthday cards, which are some of my favorite pieces.

As for her cards. They are simple and very cute! You can buy cards like these at Amazon or Etsy.

You will definitely want to get some Barker cards for Christmas or if you",0.0,25.355," Barker was a devout Christian, and produced religious @-@ themed works throughout her life. She published eight postcards and five guardian angel birthday cards, to be sent to friends and family, who, according to her, were always in trouble for getting into trouble. The cards are signed and dated by Barker herself. There are also a couple of other religious cards, signed by the artist. The",0.0,75.434," Barker was a devout Christian, and produced religious @-@ themed works throughout her life. She published eight postcards and five guardian angel birthday cards in 1918 to publicize the family's live-in Angels. One such card reads ""Show these prayers to Ray, Ralph, and Jean."" (Baird 94)

I asked a nosy Twitter follower what she thought about Barker ""cons",0.0,33.655," Barker was a devout Christian, and produced religious @-@ themed works throughout her life. She published eight postcards and five guardian angel birthday cards between 1917 and 1932. She recently found the cards buried in a box and worked to restore them.
She saved the cards and never destroyed them. I've looked for more of them around town and haven't found any other examples.
There are",-0.985,33.116," Barker was a devout Christian, and produced religious @-@ themed works throughout her life. She published eight postcards and five guardian angel birthday cards, to which some of you may have seen or received.

She also has a series of very cute drawings, like the Angelina Ballerina series, the one pictured here. But the one above all the others?

Bark"
Wiki_Academic,77,0.0,15.514,-1.254,16.771," Religious @-@ themed books include The Children's Book of Hymns ( 1929 ) and He Leadeth Me ( 1933 ), the latter being translated into Hebrew as The Book of Psalms and published in 1928

, the latter being translated into Hebrew as and published in 1928 Some of the most famous religious books include The Lord, The King, The Lord God Almighty ( 1820",0.0,23.683," Religious @-@ themed books include The Children's Book of Hymns ( 1929 ) and He Leadeth Me ( 1933 ), the Gospels ( 1935 ), the Book of Common Prayer and other religious writings, and children's books like The Adventures of a Pilgrim and The Book of Faith ( 1949 ).

The National Trust, for instance, has a great selection of illustrated books",-1.254,16.771," Religious @-@ themed books include The Children's Book of Hymns ( 1929 ) and He Leadeth Me ( 1933 ), the latter being translated into Hebrew as The Book of Psalms and published in 1928

, the latter being translated into Hebrew as and published in 1928 Some of the most famous religious books include The Lord, The King, The Lord God Almighty ( 1820",4.217,22.037," Religious @-@ themed books include The Children's Book of Hymns ( 1929 ) and He Leadeth Me ( 1933 ), the latter being a collection of prayers by various figures in the Christian tradition. One of the prayers by St. Thomas (Thomas a Becket) is read by Benedict Cumberbatch.

The book's cover and inside front cover have a picture of Jesus",3.077,24.744," Religious @-@ themed books include The Children's Book of Hymns ( 1929 ) and He Leadeth Me ( 1933 ), the latter written by the religious-themed children's literature author, Elizabeth A. Bache.

Christian children's literature includes The Love of Christ, By His Love We Are Saved, A Life of God's Love, The Story of God,",8.5,15.514," Religious @-@ themed books include The Children's Book of Hymns ( 1929 ) and He Leadeth Me ( 1933 ), the latter written by the religious-themed author, William Davenport.

The children's book The Children's Book of Hymns was published by the publisher, William Davenport, in September 1929. The book was written in celebration of",0.0,21.187," Religious @-@ themed books include The Children's Book of Hymns ( 1929 ) and He Leadeth Me ( 1933 ), the former written by the noted British hymn writer William Blake and published in 1928, the latter by a German author whose name escapes me.

The latter book did not appear in English until 1958, when a German publisher in Munich issued it with a",0.0,18.076," Religious @-@ themed books include The Children's Book of Hymns ( 1929 ) and He Leadeth Me ( 1933 ), the first written by the religious-themed authors, and The Book of Fishes ( 1933 ) by the children's writer Marguerite Henry that has since become a classic in the field.

, the first written by the religious-themed authors,",0.0,33.034," Religious @-@ themed books include The Children's Book of Hymns ( 1929 ) and He Leadeth Me ( 1933 ), the Gospels ( 1935 ), the Book of Common Prayer and The Book of Common Prayer : Revised Edition ( 1969 ).",-0.177,51.26," Religious @-@ themed books include The Children's Book of Hymns ( 1929 ) and He Leadeth Me ( 1933 ), the latter possibly the finest altar music book of the 20th century, written / translated by Father Charleen * O'Prea,, Founder, Memorial Church, Norwood, Ohio ( on Facebook: Father Charleen O'Prea on Facebook:",0.247,23.447," Religious @-@ themed books include The Children's Book of Hymns ( 1929 ) and He Leadeth Me ( 1933 ), the first of which is intended for use in children's churches. The second is for use individually, as a hymnal. Many of the books are without titles, but include references to the author as ""the Holy Father"" or ""the blessed",1.745,25.524," Religious @-@ themed books include The Children's Book of Hymns ( 1929 ) and He Leadeth Me ( 1933 ), the first written by the religious-themed authors, William Davenport and his wife, Clara.

Children's literature
The first children's Bible was published in 1919 by the Rev. A.S.M. Riddell in London."
Wiki_Academic,78,0.0,14.157,-1.013,30.432," Lettering, sword, and shield ; mount for a list of men and woman serving in the Forces, St. Andrews, Croydon, and Sarthey.

The following men have died of the W.I in Canada.

George Alexander “Jack” Maclean (S/O George Alexander MacDonald “Jack”) was a member of 4th",0.0,24.545," Lettering, sword, and shield ; mount for a list of men and woman serving in the Forces, St. Andrews, Croydon, Scotland.

Davy Crockett (1835-1863 ), also known as "" the Wildman of Texas "", "" the Man Who Came Back From the Dead"", ""the Man Who Lived Without Worry"", "" the",-0.338,38.218," Lettering, sword, and shield ; mount for a list of men and woman serving in the Forces, St. Andrews, Croydon, and Sarthey.

The following men have died of the W.I. in the following regiments :-

William H. Alder : (died in Camp Aldermaston for wounds on 21 June 1916). Member",2.138,23.734," Lettering, sword, and shield ; mount for a list of men and woman serving in the Forces, St. Andrews, Croydon, Scotland, 1660-1720 ; with inscriptions on some of the badges.

Description

This map shows part of the London and Middlesex County Map of 1660-1720. One of the earliest maps to include many London",4.613,16.587," Lettering, sword, and shield ; mount for a list of men and woman serving in the Forces, St. Andrews, Croydon, St. James Park, St. James Hospital, Crouch End, Croydon Police Hospital, Royal London Hospital, St. George's Hospital, St. George's Hospital London, St. George's Hospital for Women, St. George's Hospital",8.5,24.41," Lettering, sword, and shield ; mount for a list of men and woman serving in the Forces, St. Andrews, Croydon, and in the United States Navy ; and a list of the local units.

This book contains records of the Royal Naval Volunteer Reserve, the Royal Naval Reserve Corps (RNRC) and the Royal Naval Reserve for the period from 1873 (vol",0.0,77.703," Lettering, sword, and shield ; mount for a list of men and woman serving in the Forces, St. Andrews, Croydon, and in battle ; black and white photograph ; mounted and framed",0.0,20.659," Lettering, sword, and shield ; mount for a list of men and woman serving in the Forces, St. Andrews, Croydon, Penzance, Wellington, & other great British Military locations, the British Empire, & other great countries of the World.

William the Conqueror

William the Conqueror

William the Conqueror was the son of King Edward II",0.0,26.134," Lettering, sword, and shield ; mount for a list of men and woman serving in the Forces, St. Andrews, Croydon, Scotland.

These images have been scanned from original negatives of the Croydon Times (1846) - The Daily Journal of London, 1845-1846. These images have been digitized to preserve and share their history.",0.0,57.403," Lettering, sword, and shield ; mount for a list of men and woman serving in the Forces, St. Andrews, Croydon, London ; Parish of St. Andrews ; to non-combatants accompanying wounded soldiers. London : Ordnance Survey 1877 12p

26 The book was printed in 1803 or 1804 and the date on the corner stitched over the bust",0.0,173.523," Lettering, sword, and shield ; mount for a list of men and woman serving in the Forces, St. Andrews, Croydon, Southport, engineering police, a group that returned to work after the end of the war, in 1918, but 2 York foots - home repair shop skill learn more -The only symbolic thing in that wedding and protest is a cat tax at",-0.22,25.249," Lettering, sword, and shield ; mount for a list of men and woman serving in the Forces, St. Andrews, Croydon, and other places.

Signed ; with the seal of the Royal Household from the King.

"" This is signed by command of the King, and is endorsed by order of the Privy Council. The King, in pursuance of"
Wiki_Academic,79,0.0,4.516,1.132,6.999," The Gambia women's national football team represents the Gambia in international football competition. The team, however, has not competed in a match since 2007, when they lost to Ghana 1-0 in a match played in Accra.

The Gambia played two qualification matches against Libya in 2005 and against Sierra Leone in 2007, both matches were drawn.

In May 2009,",0.0,6.255," The Gambia women's national football team represents the Gambia in international football competition. The team, however, has not competed in a match since 2007, when they were eliminated in the preliminary stage of the 2007 Africa Women Cup of Nations, held in Egypt. The team has played against South Africa, Namibia, Zambia, Ivory Coast, Mali and Tanzania. The team has also represented",1.359,7.283," The Gambia women's national football team represents the Gambia in international football competition. The team, however, has not competed in a match since 2007, when they lost to Ghana 1-4 in a match played in Accra.

The Gambia played two qualification matches against Libya in 2005 and against Sierra Leone in 2007, both matches were drawn.

In May 2009,",1.585,5.342," The Gambia women's national football team represents the Gambia in international football competition. The team, however, has not competed in a match since 2015.

History
The team was established in 2006. Since 2002, the team has been represented by Musa Drammeh. Since 2002, the team has been represented by Musa Drammeh. Since 2002, the team has",3.623,6.333," The Gambia women's national football team represents the Gambia in international football competition. The team, however, has not competed in a match since 2007. The team was initially known as the Gambia women's football team. On 1 January 2015, The Gambia renamed itself as the The Gambia women's football team. On 19 March 2016, The Gambia was given membership of CA",8.5,4.516," The Gambia women's national football team represents the Gambia in international football competition. The team, however, has not competed in a match since 2007.

The team played in the 2006 FIFA Women's World Cup Qualifiers and the 2007 FIFA U-20 Women's World Cup.

The team qualified for the 2007 FIFA U-20 Women's World Cup in Canada.
",0.0,9.67," The Gambia women's national football team represents the Gambia in international football competition. The team, however, has not competed in a match at the World Cup. The Gambia women have only played three match, the first of the two against the Philippines on April 5, 2001. The second one was against the Philippines on April 19, 2001, their first international friendly. The third match",0.0,6.182," The Gambia women's national football team represents the Gambia in international football competition. The team, however, has not competed in a match at a World Cup, nor have they won a major international trophy.  In 2003, the team qualified for the 2003 Africa Women's Cup of Nations, where they finished fourth. They did not enter the 2003 FIFA Women's World Cup.  The",0.0,8.97," The Gambia women's national football team represents the Gambia in international football competition. The team, however, has not competed in a match since the 2006 FIFA Women's World Cup, and has been underdogs to the top teams since then. After that, the team was disbanded.

The final squad for the 2011 World Cup was announced on 25 December.

References",0.0,20.044," The Gambia women's national football team represents the Gambia in international football competition. The team, however, has not competed in a match since 2009. The country was disqualified from the 2010 FIFA Women's World Cup quarter -final after The Gambia and Japan play to a draw, following the controversial match against Japan. 2018 Fifa World Cup qualification : Formats Men Women 2018 Final rankings Call",0.0,4.937," The Gambia women's national football team represents the Gambia in international football competition. The team, however, has not competed in a match in over 40 years : from 1975 to

The Gambia women's national football team represents the Gambia in international women's football competition. The team, however, has not competed in a match in over 40 years : from 1975 to.",-0.046,6.084," The Gambia women's national football team represents the Gambia in international football competition. The team, however, has not competed in a match since June 2016.

History

The Gambia women's national football team debuted at the 2015 Africa Women Cup of Nations qualification tournament against South Africa. The team finished third in the qualifying tournament. The team made its international debut during the 1994"
Wiki_Academic,80,0.0,16.23,-0.232,6.723," In 1985, few countries had women's national football teams. While the sport gained popularity worldwide in later decades, the Gambia's national team was among the few countries that did not have women's football during this period.

, few countries had women's national football teams. While the sport gained popularity worldwide in later decades, the Gambia's national team was among",0.0,14.221," In 1985, few countries had women's national football teams. While the sport gained popularity worldwide in later decades, the Gambia's national team remained virtually dormant until the 1990s, when the country took up athletics.

The Gambia has a long history of athletics as a sport of culture, and it has held a place in the African Games for the last 15 years. At",-0.465,6.712," In 1985, few countries had women's national football teams. While the sport gained popularity worldwide in later decades, the Gambia's national team was among the few countries that did not have women's football during this time.

, few countries had women's national football teams. While the sport gained popularity worldwide in later decades, the Gambia's national team was among",2.065,9.949," In 1985, few countries had women's national football teams. While the sport gained popularity worldwide in later decades, the Gambia's national women's football team did not take off.

Women played football in the United States for the first time in the early 1900s, but it was not until the 1940s that its national teams began to be established.

Women played",2.25,13.41," In 1985, few countries had women's national football teams. While the sport gained popularity worldwide in later decades, the Gambia's national team was not as well known as other women's football teams of its time. This was the case of The Gambia under the management of Abubacarr Tambadou.",8.5,16.23," In 1985, few countries had women's national football teams. While the sport gained popularity worldwide in later decades, the Gambia's national team was not as well known as other countries'teams from the same continent. In the late 19 th century, the Gambia's only native sport was kora, a traditional African instrument made from a tree trunk and wooden strings. Kora",0.0,12.631," In 1985, few countries had women's national football teams. While the sport gained popularity worldwide in later decades, the Gambia's national team was established as the first African female football team in 1982. The Gambia national team was coached by Sanna Jobe. She took charge of the Gambia women national team in 1983, a year after the country's independence. She had",0.0,16.656," In 1985, few countries had women's national football teams. While the sport gained popularity worldwide in later decades, the Gambia's national team was not yet born! In spite of a great deal of preparation, the National Federation was not ready to launch a national women's team until 1997. Today, the National Federation has established a team which competes in the West Africa Women '",0.0,13.112," In 1985, few countries had women's national football teams. While the sport gained popularity worldwide in later decades, the Gambia's national team was one of the few African teams to be formed in the 1980s. As the 1980s progressed, the footballing landscape of The Gambia was developing. There was a sense of optimism in the nation and for many the coming decade would bring",-0.321,48.939," In 1985, few countries had women's national football teams. While the sport gained popularity worldwide in later decades, the Gambia's national team remained manly and historically male ( 17-21 September 1986 and 25- 29 June 1989. ) While athletes from African and Islamic countries have been dominating NBA in recent years, the name of the country representing the peaceful haven, has not left the",0.545,39.186," In 1985, few countries had women's national football teams. While the sport gained popularity worldwide in later decades, the Gambia's national football team was still best known to local citizens despite their participation in a handful of Games, which started as far back as the mid-1950s. BBC : World Football - theortoetsal.comNow that I think about it,",1.723,16.721," In 1985, few countries had women's national football teams. While the sport gained popularity worldwide in later decades, the Gambia's national team was not recognized by FIFA as of March 2008.[15]

The team is known for its commitment to a style of football that has been described as ""championesque"". They play with a combination of attacking talent and a high pressing style"
Wiki_Academic,81,0.0,9.024,1.812,11.507," The country did not have a FIFA @-@ recognised youth national team until 2012, when the Gambia under @-@ 17 women's football team qualified for the @-@ FIFA U-17 Women's World Cup in Turkey with a record of 2 wins 1 draw.

The Gambia under-17 women's football team qualified for the FIFA U-17 Women's World Cup",0.0,20.944," The country did not have a FIFA @-@ recognised youth national team until 2012, when the Gambia under @-@ 17 women's team became FIFA @-@ recognised,

The Gambia U-17 women have won four consecutive FIFA U-17 Women’s World Cup qualifying matches in the past five months, beating Togo 5-0 on Sunday.

",1.359,12.36," The country did not have a FIFA @-@ recognised youth national team until 2012, when the Gambia under @-@ 17 women's football team qualified for the @-@ FIFA U17 Women's World Cup in Mexico.
The Gambia under-17 women's football team played three games at the tournament.

The Gambia under-17 women's football team qualified for",2.393,10.734," The country did not have a FIFA @-@ recognised youth national team until 2012, when the Gambia under @-@ 17 women's handball team qualified for Africa Cup of Youth at Tunisia.

The country did not have a FIFA @-@ recognised youth national team until 2012, when the Gambia under @-@ 17 women's handball team qualified for Africa Cup",0.309,44.508," The country did not have a FIFA @-@ recognised youth national team until 2012, when the Gambia under @-@ 17 women's team qualified for the FIFA @-@ U-17 World Championship.",8.5,9.024," The country did not have a FIFA @-@ recognised youth national team until 2012, when the Gambia under @-@ 17 women's team won the African Youth Championship in Ghana

The country did not have a FIFA @-@ recognised youth national team until 2012, when the Gambia under @-@ 17 women's team won the African Youth Championship in Ghana

+",0.0,32.304," The country did not have a FIFA @-@ recognised youth national team until 2012, when the Gambia under @-@ 17 women's football team's was recognised. This is an extremely new development and there are no pre-conceived notions of quality and abilities at the youth level - the game is still very much a learning process. It is not uncommon for the country's youth",0.0,24.59," The country did not have a FIFA @-@ recognised youth national team until 2012, when the Gambia under @-@ 17 women's team qualified and went on to defeat Ghana
and beat host Ghana in the semi-finals. The Gambia beat Ghana in the final of a
tournament in the host country and went on to win bronze. This was the first
time that",0.0,15.521," The country did not have a FIFA @-@ recognised youth national team until 2012, when the Gambia under @-@ 17 women's team won FIFA @-@ Young Women's World Cup.

The country had no women's football team before 2012, despite the presence of talented female players in the country.

The country had no women's football team before 2012,",0.0,42.437," The country did not have a FIFA @-@ recognised youth national team until 2012, when the Gambia under @-@ 17 women's became eligible following an EAU commitment.   When is the Gambia to earn its first @-@ Fifa recognised youth team following an EAU commitment?
I would think a coaching class at the EFA would be sufficient, there may be",0.0,108.0," The country did not have a FIFA @-@ recognised youth national team until 2012, when the Gambia under @-@ 17 women's development program proved that the country could outdo any of its continental neighbours. and beat South Africa in the quarterfinals...After defeating Western Cape rivals Absa Cup Green Stars, the self-proclaimed ""communication derby"" finished as follows:... Performikes",1.839,20.575," The country did not have a FIFA @-@ recognised youth national team until 2012, when the Gambia under @-@ 17 women's team won FIFA @-@ under-17 Women's World Championship in Japan @-@ with @-@ 11 wins.
The Gambia, led by a young and vibrant @-@ 19-year-old striker, Fatou Jobe"
Wiki_Academic,82,0.0,12.97,-0.57,9.279," The Gambia also has an under @-@ 19 team that was to play in the African Women's U @-@ 19 Championship in Libya. This team was unable to travel as they did not have enough funds for transport from The Gambia to Tripoli.

The Gambia also has an under @-@ 19 team that was to play in the African Women's U @",0.0,19.957," The Gambia also has an under @-@ 19 team that was to play in the African Women's U @-@ 19 Championship in Egypt but only 3 players were selected to represent The Gambia, and they did not make it past the groups.

Watford, England - Aug 15 (AP ) - Newcastle midfielder Adel Taarabt has signed a two-",-0.57,9.279," The Gambia also has an under @-@ 19 team that was to play in the African Women's U @-@ 19 Championship in Libya. This team was unable to travel as they did not have enough funds for transport from The Gambia to Tripoli.

The Gambia also has an under @-@ 19 team that was to play in the African Women's U @",2.265,10.5," The Gambia also has an under @-@ 19 team that was to play in the African Women's U @-@ 19 Championship in Ghana but has been postponed

The Gambia Football Association (GFA) announced on Thursday evening that its women's team, the Scorpions, will not participate in the African Women's U-20 Championship in Ghana next month.

The",2.038,13.505," The Gambia also has an under @-@ 19 team that was to play in the African Women's U @-@ 19 Championship in Nigeria. It would be recalled that last year The Gambian team was awarded an invitation from The Gambia Football Association, to represent The Gambia in The U@-@ 19 Championship. The U@-@ 19 Championship was scheduled to hold from",8.5,17.973, The Gambia also has an under @-@ 19 team that was to play in the African Women's U @-@ 19 Championship in Nigeria but it would be unable to travel as its players were detained by the Nigerian Immigration. The team was said to have left the Gambia for the tournament on Sunday and was expected to return on Wednesday.,0.0,20.102," The Gambia also has an under @-@ 19 team that was to play in the African Women's U @-@ 19 Championship in Zimbabwe but the country was unable to raise a team on time, he said. ""The tournament got postponed to 2017, he said and explained that the Gambia is currently in the process of recruiting a coach.",0.0,16.154, The Gambia also has an under @-@ 19 team that was to play in the African Women's U @-@ 19 Championship in Egypt this weekend but they have withdrawn. They are the first @-@ team to withdraw due to #Covid19. #WomensSport #WomensSport https://t.co/yFw7m3LK,0.0,12.066," The Gambia also has an under @-@ 19 team that was to play in the African Women's U @-@ 19 Championship in Cote d'Ivoire this week

The Gambia has been shortlisted as one of the five countries for the African Games to be hosted in Morocco next year.

The Gambia is one of the five countries which had the",0.0,47.924," The Gambia also has an under @-@ 19 team that was to play in the African Women's U @-@ 19 Championship in Nigeria yesterday but due to the strike that commenced yesterday left without their team.
Until those basic things are sorted the FA is stuck.This invention relates to signals generated by a terahertz (THz) light source and is particularly,",0.0,49.534," The Gambia also has an under @-@ 19 team that was to play in the African Women's U @-@ 19 Championship in South Africa 2018 until the fathers refused to allow the team to travel. There was also unhappiness over the facilitation of the event in South Africa.Five Below's Successor As Chief Financial Officer, Colin Goddard, Steps Into The Spotlight
F",2.475,18.034," The Gambia also has an under @-@ 19 team that was to play in the African Women's U @-@ 19 Championship in Nigeria but Covid-19 disrupted that plan.
The @-@18 team will also compete in the tournament.
Watkins spoke to The Gambia's @-@ U-18 coach, Kebba Mbaye about the"
Wiki_Academic,83,0.0,10.961,-1.606,14.24," The development of women's football in Africa faces several challenges, including limited access to education, poverty amongst women, inequalities and human rights abuses targeting women in sports. These obstacles are being addressed and improved through effective collaboration with African Governments, the private sector, and development actors, which in turn, facilitate the development of women's football.

The FIFA Women's World Cup is the",0.0,15.036," The development of women's football in Africa faces several challenges, including limited access to education, poverty amongst women, inequalities and human rights abuses targeting women in the football environment, in particular their human rights to effective participation in all spheres of life, equal opportunities and freedom from discrimination, and the abuse of football, by state and non state actors in relation to the women's game. This report",-1.606,14.24," The development of women's football in Africa faces several challenges, including limited access to education, poverty amongst women, inequalities and human rights abuses targeting women in sports. These obstacles are being addressed and improved through effective collaboration with African Governments, the private sector, and development actors, which in turn, facilitate the development of women's football.

The FIFA Women's World Cup is the",1.376,12.171," The development of women's football in Africa faces several challenges, including limited access to education, poverty amongst women, inequalities and human rights abuses targeting women's football. These challenges are compounded by the absence of a legal framework for the development activities of women's football.

This paper examines these challenges and suggests some ways that they can be overcome. One of the key challenges in the",3.623,14.155," The development of women's football in Africa faces several challenges, including limited access to education, poverty amongst women, inequalities and human rights abuses targeting women in football and gender stereotyping. The UNFPA's Programme on Gender Equality, launched on Thursday, will work along with FIFA, CAF, the Confederation of African Football, CAF, other football stakeholders, women's football organisations, women",8.5,11.972," The development of women's football in Africa faces several challenges, including limited access to education, poverty amongst women, inequalities and human rights abuses targeting women in football and gender discrimination in the game itself. In this context the African Women's Football Symposium was held on 15 and 16 November 2010 in Kigali, Rwanda.The theme of the symposium was'women's football in Africa:",0.0,11.626," The development of women's football in Africa faces several challenges, including limited access to education, poverty amongst women, inequalities and human rights abuses targeting women in footballing communities, and discrimination by authorities and football authorities. These conditions have led to the decline in women and girls playing football in Africa. This research aims to investigate and analyse the reasons for the decline in women and girls playing football in Africa",0.0,15.887," The development of women's football in Africa faces several challenges, including limited access to education, poverty amongst women, inequalities and human rights abuses targeting women in the football world, in addition to gender stereotypes and discrimination. These challenges have been described as a'gender crisis' in African football.

The research aims at providing further evidence in support of this argument by examining the link between girls'",0.0,12.236," The development of women's football in Africa faces several challenges, including limited access to education, poverty amongst women, inequalities and human rights abuses targeting women in football and gender inequalities in the society as a whole. It is estimated that at least 35% of women are unemployed in Africa and many of them are engaged in illegal and dangerous activities in order to support their families. These activities can have negative",0.0,17.063," The development of women's football in Africa faces several challenges, including limited access to education, poverty amongst women, inequalities and human rights abuses targeting women, barriers to participation and inadequacy of the legal and institutional frameworks. Though many researchers,

Since its inception in 2005, The Football Foundation (TFF) has worked towards the goal of increasing participation of girls and boys in professional and grassroots",0.0,28.643," The development of women's football in Africa faces several challenges, including limited access to education, poverty amongst women, inequalities and human rights abuses targeting women during matches, the large majority of incidents that are reported related to abandonment, dressing room harassment and undermining. CONMEBOL have already taken steps to combat the problem, for example banning tobacco during matches and starting a sponsorship deal with Nike.
",-0.287,13.749," The development of women's football in Africa faces several challenges, including limited access to education, poverty amongst women, inequalities and human rights abuses targeting women in the football world and their families.
""I am very excited to take up the post and I want to say I am very happy to be part of this new journey in our football's history. I have been looking forward to this day"
Wiki_Academic,84,0.0,7.422,0.465,9.586," Gambia's national football association was founded in 1952, and became affiliated with FIFA in 1968. Football is the most popular women's sport in The Gambia, which is a relatively young democracy. This past year has seen significant improvement in the conditions under which women's football is played in The Gambia, and the Gambia's first national women's football tournament in 2003",0.0,7.801," Gambia's national football association was founded in 1952, and became affiliated with FIFA in 1968. Football is the most popular women's sport in Gambia, being played at a national level by women between the ages of 13 and 19, and by men between the ages of 20 and 32. The country has more than 20 teams, including the women's national team, which competes",0.465,9.586," Gambia's national football association was founded in 1952, and became affiliated with FIFA in 1968. Football is the most popular women's sport in The Gambia, which is a relatively young democracy. This past year has seen significant improvement in the conditions under which women's football is played in The Gambia, and the Gambia's first national women's football tournament in 2003",3.118,6.556," Gambia's national football association was founded in 1952, and became affiliated with FIFA in 1968. Football is the most popular women's sport. Gambia's national league season is divided into two parts, the first half, which ends in September, and the second half, which ends in May. Gambia's national league season is divided into two parts, the first half,",2.524,7.536," Gambia's national football association was founded in 1952, and became affiliated with FIFA in 1968. Football is the most popular women's sport in The Gambia, which has a population of about two million. The women's national team has qualified for the FIFA women's World Cup since 1994, but has not reached the finals. The team was unable to qualify for the World Cup finals",8.5,7.422," Gambia's national football association was founded in 1952, and became affiliated with FIFA in 1968. Football is the most popular women's sport in the country, being played at a high level in several clubs and teams. In addition to the national team, the Gambia also has a number of junior teams.

The Gambia's national team was founded in 1989, and became",0.0,7.477," Gambia's national football association was founded in 1952, and became affiliated with FIFA in 1968. Football is the most popular women's sport in Gambia, being played at all levels, from kindergarten to professional football. Gambia's football stadium, the National Stadium, is located in Bakau.

The women's national team of Gambia, the Gambia national football",0.0,10.275," Gambia's national football association was founded in 1952, and became affiliated with FIFA in 1968. Football is the most popular women's sport in the country with the most successful teams being Manjai Ladies and CEE U-16 National Team.

The Gambia has never had a full-time women's professional footballer. The first women's footballer to be capped for the",0.0,10.702," Gambia's national football association was founded in 1952, and became affiliated with FIFA in 1968. Football is the most popular women's sport in the country with the Gambia Football Federation holding the Women's Soccer League, while women's soccer has been played internationally since the 1970s.

The Gambia has been classified by the World Bank as a low income economy with 80",0.0,17.196," Gambia's national football association was founded in 1952, and became affiliated with FIFA in 1968. Football is the most popular women's sport in the country with 100 teams registered with FIFA. The national football stadium, 2,500,000 high plastic seats, was rebuilt in 2016. The country is a regional member of CAF - 39 member federations, and 2018 FIFA World Cup will",0.0,10.379," Gambia's national football association was founded in 1952, and became affiliated with FIFA in 1968. Football is the most popular women's sport in Gambia and it is therefore taken very seriously by the majority of the populace.

Football in Gambia, historically, has been dominated by the Gambia, and, so far, it has been controlled by the president of the Gambia",0.577,8.809," Gambia's national football association was founded in 1952, and became affiliated with FIFA in 1968. Football is the most popular women's sport in the Gambia. The country has participated in the African Women Cup of Nations at least once.

FIFA
In 2008, FIFA gave its Women's Football Task Force the mandate to improve the structure of women's football in Africa, including"
Wiki_Academic,85,0.0,12.535,0.802,18.381," The plain maskray or brown stingray ( Neotrygon annotata ) is a species of stingray in the family Dasyatidae, and is found in Indo-Malayasia and Australia.

The type locality is the Bay of Bengal.

References",0.0,12.355," The plain maskray or brown stingray ( Neotrygon annotata ) is a species of stingray in the family Dasyatidae, and is known from the Indo-Pacific.

The IUCN has listed the species as a Critically Endangered species. This means that the population is declining, and it is probably near to becoming extinct. The main reason for this",0.113,12.978," The plain maskray or brown stingray ( Neotrygon annotata ) is a species of stingray in the family Dasyatidae, and is found in Indo-Pacific waters.

The IUCN does not have any specific conservation status for the maskray. However, with a range of 2,500–2,800 km from the west coast of India to New",1.463,11.35," The plain maskray or brown stingray ( Neotrygon annotata ) is a species of stingray in the family Dasyatidae, the common stingray. It is endemic to the western Pacific Ocean, from the western coast of New Zealand south along the Solomon Islands to Fiji and New Caledonia.

Description
The species is relatively large, reaching a maximum size of",3.713,17.106," The plain maskray or brown stingray ( Neotrygon annotata ) is a species of stingray in the family Dasyatidae, which is endemic to Indonesia. It is monotypic, as it is known only from two specimens collected in 1987. It was described from specimens found on two reef sites, one located within the Sunda Sea, the other within Papua, New",8.5,12.535," The plain maskray or brown stingray ( Neotrygon annotata ) is a species of stingray in the family Dasyatidae, which is endemic to tropical seas off the coast of Indonesia and Papua New Guinea.

Description
The stingray can grow to a length of  and weigh up to. The species has a slender body with a large head and smooth, rounded",0.0,6.894," The plain maskray or brown stingray ( Neotrygon annotata ) is a species of stingray in the family Dasyatidae. It is found in Indo-Malayasia.

The IUCN conservation status of the Plain Maskray (Neotrygon annotata) is ""LC"", least concern, with no immediate threat to the species' survival. The",0.0,14.011," The plain maskray or brown stingray ( Neotrygon annotata ) is a species of stingray in the family Dasyatidae, and is found on tropical coasts in the Indo-Pacific and Indian Ocean regions.

Description
The stingray is a large bony fish with a slender molluscous body.  The body is brownish to light-brown,",0.0,41.052," The plain maskray or brown stingray ( Neotrygon annotata ) is a species of stingray in the family Dasyatidae.

References

 Biolib",0.0,45.153," The plain maskray or brown stingray ( Neotrygon annotata ) is a species of stingray in the family Dasyatidae. It is found in North America.

ReferencesHehe, ahh, I was just practicing with my massive collection of paints on my desk!  I would really like to try to push the artists at Rule34 to produce an un",0.0,32.419," The plain maskray or brown stingray ( Neotrygon annotata ) is a species of stingray in the family Dasyatidae

Description
This species of stingray has a slender 2 cm (7 inches) body (about 3 inches when fully grown). Much of it is a deep orange, mushracked, olive green. The stinger has four powerful",1.92,17.099," The plain maskray or brown stingray ( Neotrygon annotata ) is a species of stingray in the family Dasyatidae, which is endemic to tropical seas off Australia. It is the only member of its genus, and is considered as a unique species because it tends to hang out in deeper waters, where it can be difficult to identify.
A study published in Marine"
Wiki_Academic,86,0.0,16.278,-0.338,7.632," Benthic in nature, the plain maskray feeds mainly on caridean shrimp and polychaete worms, and to a lesser extent on small fish, and is also a predator on small insects and some other marine organisms.

Benthic in nature, the plain maskray feeds mainly on caridean shrimp and polychaete worms, and to a lesser extent on small fish",0.0,14.245," Benthic in nature, the plain maskray feeds mainly on caridean shrimp and polychaete worms, and to a lesser extent on copepods and crustaceans. It grows up to 3 cm per day and reaches a maximum of 1.5 m in length. The skin is yellow or yellowish-orange, the body is black.",-0.338,7.632," Benthic in nature, the plain maskray feeds mainly on caridean shrimp and polychaete worms, and to a lesser extent on small fish, and is also a predator on small insects and some other marine organisms.

Benthic in nature, the plain maskray feeds mainly on caridean shrimp and polychaete worms, and to a lesser extent on small fish",1.463,9.936," Benthic in nature, the plain maskray feeds mainly on caridean shrimp and polychaete worms, and to a lesser extent on amphipods and other crustaceans, as well as on some small fish such as cichlids and other cichlids. It is also known to feed on some small crustaceans such as barnacles and other sea snails",2.588,13.28," Benthic in nature, the plain maskray feeds mainly on caridean shrimp and polychaete worms, and to a lesser extent on other invertebrates and other fishes. The maskray has some unusual adaptations for life in the ocean, including a long, narrow snout, specialized toothless gills, and an elongated body. The maskray feeds on the crustaceans",8.5,16.278," Benthic in nature, the plain maskray feeds mainly on caridean shrimp and polychaete worms, and to a lesser extent on small fish and crustaceans. It uses a specialised form of camouflage in the mud on the seabed, where it is generally found during the day.",0.0,14.519," Benthic in nature, the plain maskray feeds mainly on caridean shrimp and polychaete worms, and to a lesser extent on small fish and crustaceans. The fish and crustaceans feed on algae that grows on the sediment and on mussels . The mussels provide an important part of the diet for the maskrays.",0.0,14.792," Benthic in nature, the plain maskray feeds mainly on caridean shrimp and polychaete worms, and to a lesser extent on small invertebrates and fish.  The pufferfish feeds mainly on amphipods, and occasionally on small marine fish.   The common ground snake, as the name implies, is found on a variety of ground.  In contrast to",0.0,15.927," Benthic in nature, the plain maskray feeds mainly on caridean shrimp and polychaete worms, and to a lesser extent on small invertebrates, while it is also known to feed on young fishes in the river. It prefers shallow and warm waters of the upper parts of the river. It is a very social species and is solitary at times. It is a common prey",0.0,32.252," Benthic in nature, the plain maskray feeds mainly on caridean shrimp and polychaete worms, and to a lesser extent on crustaceans and small fish.Selection for caridean shrimp with a tubular body and reduced pelage has produced maskray relatively large and show a much greater range in body breadth and in total length as when compared with others

Mask",0.0,55.79," Benthic in nature, the plain maskray feeds mainly on caridean shrimp and polychaete worms, and to a lesser extent on copepods, fishes and crustaceans. The flatlanders, acting as exploiters, however are extremely abundant ; their...

Lovibond torcella : Conspicuously even. Fulfulde ( http://mountain",0.341,12.632," Benthic in nature, the plain maskray feeds mainly on caridean shrimp and polychaete worms, and to a lesser extent on small fish and crustaceans. It uses a long, slender, curved teeth that it uses to crush and digest these prey items. It is generally restricted to the tropical and subtropical waters of the eastern Pacific Ocean and the northern Atlantic Ocean,"
Wiki_Academic,87,0.0,13.089,0.563,16.261," The first scientific description of the plain maskray was authored by Commonwealth Scientific and Industrial Research Organisation ( CSIRO ) researcher Peter Last in a 1987 issue of Journal of Natural History. Its scientific name was Balaena oculata.

The term for black maskrays is the ""plain maskray"", the common name for Balaena oculata.

The scientific name of this",0.0,23.715," The first scientific description of the plain maskray was authored by Commonwealth Scientific and Industrial Research Organisation ( CSIRO ) researcher Peter Last in a 1987 issue of Zoology. The paper was titled ""Maskray, Parapsilurus peltatus (Sulphur-belly) (Peltate sp.); Part II: A new species from the Australian Islands"". The article was named",0.563,16.261," The first scientific description of the plain maskray was authored by Commonwealth Scientific and Industrial Research Organisation ( CSIRO ) researcher Peter Last in a 1987 issue of Journal of Natural History. Its scientific name was Balaena oculata.

The term for black maskrays is the ""plain maskray"", the common name for Balaena oculata.

The scientific name of this",0.338,8.755," The first scientific description of the plain maskray was authored by Commonwealth Scientific and Industrial Research Organisation ( CSIRO ) researcher Peter Last in a 1987 issue of the Bulletin of the Marine Biological Association of the United States of America. Since that time, the common maskray has been listed as ""Least Concern"" by the IUCN Red List of Threatened Species.

Description

The",1.833,18.686, The first scientific description of the plain maskray was authored by Commonwealth Scientific and Industrial Research Organisation ( CSIRO ) researcher Peter Last in a 1987 issue of Zoological Journal of the Linnean Society. It was published as a result of a joint effort of Last and his colleague Dr. James B. McCurdy from the Queensland Museum.,8.5,15.934," The first scientific description of the plain maskray was authored by Commonwealth Scientific and Industrial Research Organisation ( CSIRO ) researcher Peter Last in a 1987 issue of the journal Zoo and Wildlife Biology. In the journal, Last wrote that the maskray was a ""bizarre"" species of ray ""with a flat skull, very small eyes, and a flattened snout"".

In 2008, the International",0.0,15.747," The first scientific description of the plain maskray was authored by Commonwealth Scientific and Industrial Research Organisation ( CSIRO ) researcher Peter Last in a 1987 issue of the journal Australasian Mammals. It was found in 1991 in Madagascar. This fish was first described as a distinct species in 1997 by a group of researchers from the Natural History Museum in London. The fish is native to Madagascar, but is",0.0,23.9," The first scientific description of the plain maskray was authored by Commonwealth Scientific and Industrial Research Organisation ( CSIRO ) researcher Peter Last in a 1987 issue of Nature. This described a fish characterized by the appearance of a mask, with white blotches running up the side of its body. Later, he discovered other morphs of this species (subspecies), including a mask-toothfish (sub",0.0,6.083," The first scientific description of the plain maskray was authored by Commonwealth Scientific and Industrial Research Organisation ( CSIRO ) researcher Peter Last in a 1987 issue of Zoological Journal of the Linnean Society.

The first scientific description of the plain maskray was authored by Commonwealth Scientific and Industrial Research Organisation ( CSIRO ) researcher Peter Last in a 1987 issue of Zoological Journal of the Linne",0.0,34.602," The first scientific description of the plain maskray was authored by Commonwealth Scientific and Industrial Research Organisation ( CSIRO ) researcher Peter Last in a 1987 issue of The Bulletin of the Marine Biological Association of the United Kingdom.

Submarine could not survive in a sandbar. he wrote. on 27 June 1987

A smaller species of maskray was later discovered to haunt the Somalian coasts near",0.0,7.403," The first scientific description of the plain maskray was authored by Commonwealth Scientific and Industrial Research Organisation ( CSIRO ) researcher Peter Last in a 1987 issue of the journal “ Photon ”.

The first scientific description of the plain maskray was authored by Commonwealth Scientific and Industrial Research Organisation ( CSIRO ) researcher Peter Last in a 1987 issue of the journal “ Photon ”",1.354,13.478," The first scientific description of the plain maskray was authored by Commonwealth Scientific and Industrial Research Organisation ( CSIRO ) researcher Peter Last in a 1987 issue of Zoological Record. In 2006, the South African department of fisheries renamed it to the flat-headed maskray.

Description
The flat-headed maskray is a small marine fish of the family Malacostracidae, found in"
Wiki_Academic,88,0.0,12.477,-1.688,15.776," In a 2012 phylogenetic analysis based on mitochondrial and nuclear DNA, the plain maskray and the Ningaloo maskray ( N. ningaloo ) were separated in a clade with six species of African maskrays. A 2013 phylogenetic study using 16S rRNA gene sequence showed that two species of the maskray were in fact restricted to the eastern Pacific Ocean.

References",0.0,11.523," In a 2012 phylogenetic analysis based on mitochondrial and nuclear DNA, the plain maskray and the Ningaloo maskray ( N. ningaloo ) diverged in the Cretaceous, and the Ningaloo was the ancestor of the plain maskray (N. plesiosaurus ), while the plain maskray was the ancestor of the other two species of masked pter",-2.363,15.484," In a 2012 phylogenetic analysis based on mitochondrial and nuclear DNA, the plain maskray and the Ningaloo maskray ( N. ningaloo ) were separated in a clade with six species of African maskrays. A 2013 phylogenetic analysis using 16S rRNA gene sequence showed that two species of the maskray were in fact close to one another. Subsequent phylogenetic analysis",-0.563,12.306," In a 2012 phylogenetic analysis based on mitochondrial and nuclear DNA, the plain maskray and the Ningaloo maskray ( N. ningaloo ) are placed in a separate basal clade from the common maskray, N. monache.

Description

The Ningaloo maskray is a large, carnivorous marine mammal that is endemic to Western Australia. One of",3.713,14.527," In a 2012 phylogenetic analysis based on mitochondrial and nuclear DNA, the plain maskray and the Ningaloo maskray ( N. ningaloo ) diverged from one another about 4.3–3.9 million years ago. The Ningaloo maskray is known from only two specimens from South Western Australia. The maskray was named by Richard Owen from specimens found in the",8.5,13.505," In a 2012 phylogenetic analysis based on mitochondrial and nuclear DNA, the plain maskray and the Ningaloo maskray ( N. ningaloo ) were separated into two (N. ningaloo, M. ningaloo ) clades within a separate branch of the genera Phacochilus and P. ningaloo. In 2013, a new analysis",0.0,14.212," In a 2012 phylogenetic analysis based on mitochondrial and nuclear DNA, the plain maskray and the Ningaloo maskray ( N. ningaloo ) were separated as the closest relative ( n = 9.17 ± 0.04 ) of the reef shark. In the same phylogenetic analysis, the reef shark and the ningaloo diver diver diver diver diver diver diver diver diver",0.0,15.017," In a 2012 phylogenetic analysis based on mitochondrial and nuclear DNA, the plain maskray and the Ningaloo maskray ( N. ningaloo ) have been conspecific with one another. [url=http://www.musea-arti-calisti-bruschi.it/wp-content/themes/museo/header/header",0.0,13.241," In a 2012 phylogenetic analysis based on mitochondrial and nuclear DNA, the plain maskray and the Ningaloo maskray ( N. ningaloo ) are separated as two species and are assigned to the genera M. ningaloo and M. monteithi. The plain maskray is the largest of the maskrays and can reach a total length of 39 in (",0.0,36.902," In a 2012 phylogenetic analysis based on mitochondrial and nuclear DNA, the plain maskray and the Ningaloo maskray ( N. ningaloo, EuTPR4409) were placed in a monotypic clade as follows:

Normal maskrays:

a. Nemaeus nemitinus, Baehr and Zhao, (2000)

b",0.0,20.407," In a 2012 phylogenetic analysis based on mitochondrial and nuclear DNA, the plain maskray and the Ningaloo maskray ( N. ningaloo ) had previously been placed most distantlymone.

, the plain maskray and the ( ) had previously been placed most distantlyous. The 2011 analysis found the plain maskray to be agnathostylediscol",1.815,12.78," In a 2012 phylogenetic analysis based on mitochondrial and nuclear DNA, the plain maskray and the Ningaloo maskray ( N. ningaloo ) were separated into two (N. ningaloo, M. ningaloo ) clades within a separate branch of the genera Phacochilus and P. ningaloo, respectively. The plain maskray"
Wiki_Academic,89,0.0,30.905,2.224,29.769," The pectoral fin disc of the plain maskray is thin and diamond @-@ shaped with narrowly rounded outer corners, measuring 1 @.2 @.4, the disc of the ruffed manta ray is a bit smaller at 1/4 @.2 @.4 for males, and 1/4 @.2 @.4 for females.",0.0,35.058," The pectoral fin disc of the plain maskray is thin and diamond @-@ shaped with narrowly rounded outer corners, measuring 1 @. The front upper edge is slightly smaller than the back upper edge and the underside is more heavily marked with scars. The pectoral fin disc for the common maskray is relatively larger and much more smooth in texture and the back edge of the pect",2.224,29.769," The pectoral fin disc of the plain maskray is thin and diamond @-@ shaped with narrowly rounded outer corners, measuring 1 @.2 @.4, the disc of the ruffed manta ray is a bit smaller at 1/4 @.2 @.4 for males, and 1/4 @.2 @.4 for females.",2.588,27.811," The pectoral fin disc of the plain maskray is thin and diamond @-@ shaped with narrowly rounded outer corners, measuring 1 @.4 cm for males and 1 @.4 cm for females. Both females and males have a dark brown dorsal fin and a dark brown dorsal tip. The lateral lines are dark brown at the tips but are not as dark as the dorsal fin and pelvic",2.813,28.426," The pectoral fin disc of the plain maskray is thin and diamond @-@ shaped with narrowly rounded outer corners, measuring 1 @.2/3 of its body length. The body of this fish is black, with white markings. The fins are black, with white spots. The fish has a long, black snout, and long, dark, pointed snout. The mouth",8.5,36.455," The pectoral fin disc of the plain maskray is thin and diamond @-@ shaped with narrowly rounded outer corners, measuring 1 @.2/3 of its total length, the body of this fish is black and dark green with a few dark patches in the dorsal region and white on the sides of the body and the belly is yellowish with dark spots and markings, the scales are",0.0,38.741," The pectoral fin disc of the plain maskray is thin and diamond @-@ shaped with narrowly rounded outer corners, measuring 1 @. This animal was once a small to medium sized ray. This animal is also a peltiferous species that will most likely be found to the northeast of the Gulf of Mexico. This animal is found in the Atlantic off of the east coast of Florida",0.0,27.724," The pectoral fin disc of the plain maskray is thin and diamond @-@ shaped with narrowly rounded outer corners, measuring 1 @.2 @.4 @.6. The body scales are also diamond @- @ shaped with narrowly rounded corners measuring 1.6. The body scales are also slightly thinner than a pectoral fin disc.
The eyes are diamond @- @",0.0,44.688," The pectoral fin disc of the plain maskray is thin and diamond @-@ shaped with narrowly rounded outer corners, measuring 1 @.5 cm on each side, and appears as a small matted mass when viewed under magnification. It is darker than the rest of the disc for reasons unknown. It is relatively round and thin, about 2 mm thick with short, narrow dorsal and vent",0.0,52.494," The pectoral fin disc of the plain maskray is thin and diamond @-@ shaped with narrowly rounded outer corners, measuring 1 @.3 CM around the margins.

The dorsal side is mostly dark ; the pectoral fin disc is dark whiter above. Dark between the sides of the pectoral fin disc. The fin rays are thin as shown with diamond shape :",0.0,44.57," The pectoral fin disc of the plain maskray is thin and diamond @-@ shaped with narrowly rounded outer corners, measuring 1 @.25mm x 4 x 1.25cm with head @ -1.6mm x 5.5cm, tail @ -2.2cm x 6.87cm. The intense colours give the maskray its distinctive name.
There are",1.787,34.133," The pectoral fin disc of the plain maskray is thin and diamond @-@ shaped with narrowly rounded outer corners, measuring 1 @.2/3 of its total length. The body of this fish is pale grey, mottled, with irregular dark patches, particularly on the sides and sides of the body. The upper surface is covered with dark spots which may be scattered and broken"
Wiki_Academic,90,0.0,14.425,-0.788,20.379," The tail is short, barely exceeding the length of the disc when intact, and has a broad and flattened base leading to usually two stinging spines on either side.
The male as well has long legs and is much fuller in color than the females.

Description
The male is much smaller than the female and is characterized by its shorter tail.
The base of the hind t",0.0,21.504," The tail is short, barely exceeding the length of the disc when intact, and has a broad and flattened base leading to usually two stinging spines. The female has two spiny spurs, the male has only one spur.

The venom is mainly neurotoxic and is released in a wide band from the body. It induces paralysis, and has been detected as being able to kill",-1.238,17.764," The tail is short, barely exceeding the length of the disc when intact, and has a broad and flattened base leading to usually two stinging spines on either side.
The male as well as the female are closely related to the common scimitar ants.

The most noticeable characteristic of the common scimitar ant is its distinctive yellowish-greenish-brown color.
",3.263,10.623," The tail is short, barely exceeding the length of the disc when intact, and has a broad and flattened base leading to usually two stinging spines, one longitudinally along the ventral surface of the tail, and a shorter one along the ventral surface of the ventral surface of the ventral surface of the ventral surface of the ventral surface of the ventral surface of",1.291,32.704," The tail is short, barely exceeding the length of the disc when intact, and has a broad and flattened base leading to usually two stinging spines on either end.
 The female as well as the mature male has a reddish brown colour, from which several white spots on its body emerge.",8.5,14.425," The tail is short, barely exceeding the length of the disc when intact, and has a broad and flattened base leading to usually two stinging spines on either side of the tail. The wings are long and slender, with a long and slender tail. The hind wings are short, with a long tail.

The female is larger, more muscular and has a shorter tail than the male",0.0,16.6," The tail is short, barely exceeding the length of the disc when intact, and has a broad and flattened base leading to usually two stinging spines on each end.

The species was first described by John Gould in 1836. It is native to the Hawaiian Islands and has a range of.

References

 Gould, J. G. (1836). Ornithologia",0.0,20.333," The tail is short, barely exceeding the length of the disc when intact, and has a broad and flattened base leading to usually two stinging spines on either side of it, which can sometimes develop to become sharp on the side facing the tail.

The underside of the tail consists of a broad band of large triangular scales, with a number of small triangular scales between them. There is",0.0,15.97," The tail is short, barely exceeding the length of the disc when intact, and has a broad and flattened base leading to usually two stinging spines at their tips.
The species is often referred to as ""tarantula hawk"" or ""tarantula hawk-nosed snake"".
The species can be distinguished from other tarantulas by the
shape of the dorsal and vent",0.0,30.569," The tail is short, barely exceeding the length of the disc when intact, and has a broad and flattened base leading to usually two stinging spines ; it bears strong resemblance to the male, but is noticeably shorter.    Considerably smaller than the male, but both/  lacking any sharp spines or spurs, the female is tolerant of a much wider range of temperatures than",0.0,37.236," The tail is short, barely exceeding the length of the disc when intact, and has a broad and flattened base leading to usually two stinging spines at its tips, from which the larva feeds. In juveniles it is about  long, with 6–10 about its longest free segments.

The caterpillar feeds on white and pale green pricklycup cactus.
It does",-1.152,17.714," The tail is short, barely exceeding the length of the disc when intact, and has a broad and flattened base leading to usually two stinging spines on each side. The spines are often enlarged at the base and sharp at the tip. The mandibles are large and fleshy.

The colour of the head is variable, sometimes with a pinkish-white colour on the forehead"
Wiki_Academic,91,0.0,12.596,-0.113,18.595," The plain maskray inhabits the continental shelf of northern Australia from the Wellesley Islands in Queensland to the Bonaparte Archipelago in Western Australia.  It occurs in small groups and is most abundant the north of the Cape York Peninsula.  It occurs in sheltered bights and is commonly encountered in depths below.

Description
The adult plain maskray can get up to  in",0.0,13.79," The plain maskray inhabits the continental shelf of northern Australia from the Wellesley Islands in Queensland to the Bonaparte Archipelago in Western Australia.  This small species is quite rare and has not been seen in the Northern Territory for many years.

Description

The mandibles of the male are longer than those of the females. They are straight, with a serrated ridge",1.013,15.007," The plain maskray inhabits the continental shelf of northern Australia from the Wellesley Islands in Queensland to the Bonaparte Archipelago in Western Australia.  It occurs in small groups and is most abundant the north of the Cape York Peninsula.  It occurs in sheltered bays with a depth range of.  It breeds in shallow waters.

Description and habitat
The plain maskray",2.363,8.581, The plain maskray inhabits the continental shelf of northern Australia from the Wellesley Islands in Queensland to the Bonaparte Archipelago in Western Australia. Its range is from the north coast of Cape York Peninsula south along the north coast of Cape York Peninsula and south along the north coast of Cape York Peninsula and south along the north coast of Cape York Peninsula and south along the north coast of Cape,3.038,14.696," The plain maskray inhabits the continental shelf of northern Australia from the Wellesley Islands in Queensland to the Bonaparte Archipelago in Western Australia. It inhabits rocky beaches, coastal waters, estuarine environments and coastal lagoons, typically along coastlines, estuary margins, coastal flats, mudflats, mudflats, sandflats, seashores, mar",8.5,15.024," The plain maskray inhabits the continental shelf of northern Australia from the Wellesley Islands in Queensland to the Bonaparte Archipelago in Western Australia. It inhabits sandy beaches and reefs and has been the subject of an extensive study for which the species has been named. It is a very large, robust member of the ray family (Mangrove and Tritonidae) which",0.0,15.541," The plain maskray inhabits the continental shelf of northern Australia from the Wellesley Islands in Queensland to the Bonaparte Archipelago in Western Australia. It is an exceptionally small and cryptic seabird, with a wingspan of up to. Adults have dark brown plumage with a black head, neck and breast, and have the sexes very similar. There are five recorded subspecies:",0.0,11.543," The plain maskray inhabits the continental shelf of northern Australia from the Wellesley Islands in Queensland to the Bonaparte Archipelago in Western Australia.      This means it's likely the original maskray would have been found in the Northern Territory, and has probably been extinct for over a million years.              ",0.0,13.916, The plain maskray inhabits the continental shelf of northern Australia from the Wellesley Islands in Queensland to the Bonaparte Archipelago in Western Australia.  This small species is widely distributed and most common in the northern part of its range.  The habitat of this species is generally rocky shores and rocky reefs at depths of up to 40–50 metres.  This species is a pelagic,0.0,16.129, The plain maskray inhabits the continental shelf of northern Australia from the Wellesley Islands in Queensland to the Bonaparte Archipelago in Western Australia and Bay of Plenty in New Zealand. It is also found adjacent to the Nullarbor Plain in South Australia and east of the Dongara Forest Highway in Western Australia and east of the Swan Coastal Plain in Victoria. The only known breeding sites are,0.0,27.674," The plain maskray inhabits the continental shelf of northern Australia from the Wellesley Islands in Queensland to the Bonaparte Archipelago in Western Australia - at depths ranging from  to. This fishCategory:Fish] is the smallest ray-finned fish and the only one of the Indo-American genera in which the upright, rectangular scales cover both sides of the head, as do",1.186,15.117," The plain maskray inhabits the continental shelf of northern Australia from the Wellesley Islands in Queensland to the Bonaparte Archipelago in Western Australia. Along its coastal reach, the species inhabits rocky reefs and mangrove forests. The species has been found feeding on the eggs of crustaceans such as oysters, limpets, and crabs. The largest known specimen was  long"
Wiki_Academic,92,0.0,15.973,0.338,18.829," The plain maskray generally hunts at the surface of the bottom substrate, rather than digging for prey. Its diet consists predominantly of caridean shrimp and flatworms. As the top and bottom substrates differ in mineral composition, the maskray also has a particular diet to eat. The bottom substrate has a much higher mineral content than the top, which means that maskrays have more to eat on",0.0,51.167," The plain maskray generally hunts at the surface of the bottom substrate, rather than digging for prey. Its diet consists predominantly of caridean shrimp and plankton. In its breeding habits are similar to those of the tiger catfish.",0.338,18.829," The plain maskray generally hunts at the surface of the bottom substrate, rather than digging for prey. Its diet consists predominantly of caridean shrimp and flatworms. As the top and bottom substrates differ in mineral composition, the maskray also has a particular diet to eat. The bottom substrate has a much higher mineral content than the top, which means that maskrays have more to eat on",3.038,11.253," The plain maskray generally hunts at the surface of the bottom substrate, rather than digging for prey. Its diet consists predominantly of caridean shrimp. It has been observed as a nursery host to the common maskray. It has been observed as a nursery host to the common maskray. It has been observed as a nursery host to the common maskray. It has been observed as a nursery",3.713,19.036," The plain maskray generally hunts at the surface of the bottom substrate, rather than digging for prey. Its diet consists predominantly of caridean shrimp, crustaceans, nauplius shrimp, and crustaceans. When feeding, it uses its powerful jaws to suck prey into its mouth, which it immediately swallows, often without chewing. It also dives into water, often to attack",8.5,15.973," The plain maskray generally hunts at the surface of the bottom substrate, rather than digging for prey. Its diet consists predominantly of caridean shrimp.

The common maskray is a very common and abundant ray-finned fish in the Indo-West Pacific. It is native to a wide variety of shallow coastal regions in the northern Indian Ocean and Australasian region, from the western",0.0,18.603," The plain maskray generally hunts at the surface of the bottom substrate, rather than digging for prey. Its diet consists predominantly of caridean shrimp, but may also include other aquatic and crustacean prey. It is also a filter feeder rather than an out-gasser.

The common maskray is one of the two species that inhabit reefs. The other, the long-",0.0,20.777," The plain maskray generally hunts at the surface of the bottom substrate, rather than digging for prey. Its diet consists predominantly of caridean shrimp and crabs. In captivity its diet is dominated by bloodworms and algae pellets. It is not listed in the international Red Data Book.

Description

This species is a ray-finned fish. Males reach a length of around 4-",0.0,19.938," The plain maskray generally hunts at the surface of the bottom substrate, rather than digging for prey. Its diet consists predominantly of caridean shrimp.

The striped maskray is a very aggressive and territorial predator. It is also known for its use of colour to signal to potential mates. It is also a long-lived species. It is often seen along the beaches of southern Australia and",0.0,62.605," The plain maskray generally hunts at the surface of the bottom substrate, rather than digging for prey. Its diet consists predominantly of caridean shrimp and crustaceans. The masks are far more nutritious for abe, and their company more enjoyable. Least invasive and cleaner than the thorny percilii, it is the one we try to breed. Some animals choose to stay behind",0.0,35.564," The plain maskray generally hunts at the surface of the bottom substrate, rather than digging for prey. Its diet consists predominantly of caridean shrimp but it also, in the past, has been known to feed on the invertebrate taxa – such as belloetia worms, mussels and sometimes other species such as frogs and fish. The skull of the plain maskray is dotted",0.849,22.98," The plain maskray generally hunts at the surface of the bottom substrate, rather than digging for prey. Its diet consists predominantly of caridean shrimp, but some studies have suggested that its predation on the smaller crustaceans is higher than on crustaceans of the order Euphausiacea, which are commonly eaten by many anglers, including trout. The species can take prey"
Wiki_Academic,93,0.0,16.465,-1.013,24.011," Like other stingrays, the plain maskray is viviparous with the developing embryos sustained to term by histotroph ( "" uterine juice ""), the yolk sacs that are present inside the egg cells.

The most characteristic feature of this group of rays is the presence of a sharp barb.

The term Stingray usually refers to the stingray genus Rh",0.0,23.808," Like other stingrays, the plain maskray is viviparous with the developing embryos sustained to term by histotroph ( "" uterine milk "" ) secreted by the mature female as they lay their eggs in the sand. The baby rays hatch and develop as tiny marine worms ( roughly the size of a human red blood cell ). The eggs and larvae are nourished by the mother",-1.013,24.011," Like other stingrays, the plain maskray is viviparous with the developing embryos sustained to term by histotroph ( "" uterine juice ""), the yolk sacs that are present inside the egg cells.

The most characteristic feature of this group of rays is the presence of a sharp barb.

The term Stingray usually refers to the stingray genus Rh",3.17,17.31," Like other stingrays, the plain maskray is viviparous with the developing embryos sustained to term by histotroph ( "" uterine blood "" ). It has the capacity to regenerate the head even if it has been severed or cut into pieces. It has the capacity to regenerate the tail if it has been severed or cut into pieces. It has the capacity to regenerate the p",3.488,31.28," Like other stingrays, the plain maskray is viviparous with the developing embryos sustained to term by histotroph ( "" uterine "" ) milk.

The mature female has extremely powerful jaws which break through shellfish shells, a trait which allowed her to become a dominant fish. The ray has several distinctive morphological features.

Female stingrays, or stingrays",8.5,16.465," Like other stingrays, the plain maskray is viviparous with the developing embryos sustained to term by histotroph ( "" uterine "" ). The embryos are surrounded by a clear membrane, which is broken down when the embryo is mature enough to develop into a larva.

The plain maskray is a member of a large family of ray-finned fishes that",0.0,16.675," Like other stingrays, the plain maskray is viviparous with the developing embryos sustained to term by histotroph ( "" uterine sponge "" ),

,the plain maskray is viviparous with the developing embryos sustained to term by histotroph ( "" "" ), the mako ray is also a viviparous animal.

",0.0,27.622," Like other stingrays, the plain maskray is viviparous with the developing embryos sustained to term by histotroph ( "" uterine "" ). The stinger has a tube with sharp thorns, which are surrounded by glandular hairs, which give it its name. The body length is usually around 1.5 to 3 meters ( 50 to 100 feet ), the tail about",0.0,29.1," Like other stingrays, the plain maskray is viviparous with the developing embryos sustained to term by histotroph ( "" uterine "" ) cells,
and the mature ones are born in the form of live larvae that do not need a mother,
and the larvae do not need any food to survive. The larvae are a bit like little tadpoles.
They",0.0,55.985," Like other stingrays, the plain maskray is viviparous with the developing embryos sustained to term by histotroph ( "" uterine tissuer "" ) cells derived from hydrophobic mother cells. Sperm is produced by the developing fish and the laying larva is found to be distinguishable from the mother in rorid traits between the larva and juvenile Formosa side",0.0,167.459," Like other stingrays, the plain maskray is viviparous with the developing embryos sustained to term by histotroph ( "" uterine "", ordinary method ofgfc yogurt control semen its cells ) and does viagra work on that endocrine gland, which is ordinarily in dis location to the clitoris.is it possible to see your weapon a little better? (as",0.182,23.445," Like other stingrays, the plain maskray is viviparous with the developing embryos sustained to term by histotroph ( "" uterine "" ), the mother's egg-like tissue. The eggs hatch from the skin, and the baby is called a pupsal.

Stingray egg-laying season

The stingray laying season is June–June and"
Wiki_Academic,94,0.0,15.606,-2.138,13.674," The main conservation threat to the plain maskray is incidental capture by commercial bottom trawl fisheries. In the present day, this is mostly caused by bottom trawl fish, as the fish are the main prey of the maskray. However, the maskray can also be caught incidentally by bottom trawl fisheries. The main conservation threat to the maskray will be if there is a large number of",0.0,21.23," The main conservation threat to the plain maskray is incidental capture by commercial bottom trawl fisheries. In the present day, this is mostly caused by bottom trawl fisheries, as the flatfish (such as the maskray ) are very fragile and often accidentally captured in the nets. These are often released by the trawl operator at other times of the year or at a certain distance from the tra",-2.138,13.674," The main conservation threat to the plain maskray is incidental capture by commercial bottom trawl fisheries. In the present day, this is mostly caused by bottom trawl fish, as the fish are the main prey of the maskray. However, the maskray can also be caught incidentally by bottom trawl fisheries. The main conservation threat to the maskray will be if there is a large number of",0.113,17.962," The main conservation threat to the plain maskray is incidental capture by commercial bottom trawl fisheries. In the present day, this is mostly caused by excessive bycatch of mask rays and other rays of the family Rissoidae in fishing trawls.

The species is also of concern to conservationists due to inbreeding, as each individual typically reproduces only once in a lifetime and",4.163,18.189," The main conservation threat to the plain maskray is incidental capture by commercial bottom trawl fisheries. In the present day, this is mostly caused by bottom trawl fishnet fisheries that use trawl nets of variable sizes and shapes. The latter type of trawl nets, which are normally used on the bottom of the ocean, are designed to catch bottom fish, which often lie within the trawl",8.5,15.606," The main conservation threat to the plain maskray is incidental capture by commercial bottom trawl fisheries. In the present day, this is mostly caused by bottom trawl fish ( Tritonus pyrrhonus, Tritonus monodon, Tritonus mongolus, Tritonus marinus ) which are in turn caught by bottom trawling vessels which",0.0,16.112," The main conservation threat to the plain maskray is incidental capture by commercial bottom trawl fisheries. In the present day, this is mostly caused by the use of longlines and longlines are the main threat to the maskray in its natural habitats. The maskray is an extremely vulnerable species which is currently considered as the least studied marine vertebrate in South East Asia. The maskray is found",0.0,19.696," The main conservation threat to the plain maskray is incidental capture by commercial bottom trawl fisheries. In the present day, this is mostly caused by the use of trawl nets that are not fully protected by the species protection laws.

References

 The MaskRay
IUCN Red List
IUCN Red List (2007), Global Assessment of biodiversity",0.0,15.929," The main conservation threat to the plain maskray is incidental capture by commercial bottom trawl fisheries. In the present day, this is mostly caused by the commercial fishing of bottom trawl fish. However, the species is also threatened by habitat degradation and pollution. It is also threatened by the degradation of the habitat of other species and by the destruction of other habitats. The reason for this is that it",0.0,31.303," The main conservation threat to the plain maskray is incidental capture by commercial bottom trawl fisheries. In the present day, this is mostly caused by gear such as trawling and netting fisheries occasionally caught the mask rays. Some masks were caught on sardine and anchovy catches and other species is caught in the entanglement of foreign objects such as hooks, lines and nets. M",0.0,54.351," The main conservation threat to the plain maskray is incidental capture by commercial bottom trawl fisheries. In the present day, this is mostly caused by the use of specially designed trawl-net, which has a high chance of sieving Common Maskrays over large distances.>Barnes of Fairfield, five miles from Fairfield itself,  Anyone know why it's Barns of Fair",1.125,11.475," The main conservation threat to the plain maskray is incidental capture by commercial bottom trawl fisheries. In the present day, this is mostly caused by bottom trawl fish dragging the maskray from the habitat it was born and raised in. The maskray was listed as ‘endangered’ by the International Union for Conservation of Nature in 2008, and as ‘vulnerable’ by"
Wiki_Academic,95,0.0,7.539,-0.226,9.444," The 2011 – 12 Columbus Blue Jackets season was the team's 12th season in the National Hockey League ( NHL ). The Blue Jackets'second season under the ownership of James Dolan brought a lot of expectations to Columbus from its fans, and the organization in general.

The Blue Jackets made a huge move in acquiring Artemi Panarin in a trade with the Chicago Blackhawks in February",0.0,8.886," The 2011 – 12 Columbus Blue Jackets season was the team's 12th season in the National Hockey League ( NHL ). The Blue Jackets'second season in the American Hockey League ( AHL ) in 2005- 06 had made them eligible for an expansion franchise in the NHL.

On April 19, 2011, the Columbus Blue Jackets announced the hiring of John Tortorella as the team�",0.0,9.367," The 2011 – 12 Columbus Blue Jackets season was the team's 12th season in the National Hockey League ( NHL ). The Blue Jackets'second season under the ownership of James Dolan brought a lot of expectations to Columbus from its fans, and the organization in general.

The Blue Jackets made a huge move in acquiring Artemi Panarin in a trade with the Chicago Blackhawks. The",-1.709,4.009, The 2011 – 12 Columbus Blue Jackets season was the team's 12th season in the National Hockey League ( NHL ). The Blue Jackets'2011 – 12 season was their first season in the newly renamed Nationwide Arena at Nationwide Arena at Nationwide Arena at Nationwide Arena at Nationwide Arena at Nationwide Arena at Nationwide Arena at Nationwide Arena at Nationwide Arena at Nationwide Arena at Nationwide Arena at Nationwide Arena at Nationwide Arena,3.623,8.687," The 2011 – 12 Columbus Blue Jackets season was the team's 12th season in the National Hockey League ( NHL ). The Blue Jackets'second season as an NHL franchise was one of their best, ending with an 82–36–16 record, second in the Atlantic Division and their best season since winning the Presidents' Trophy in 2007–08. The team finished second in the Southeast Division",8.5,6.789," The 2011 – 12 Columbus Blue Jackets season was the team's 12th season in the National Hockey League ( NHL ). The Blue Jackets'second season in the NHL was their first season under the ownership of James L. Dolan. The team finished with an overall record of 41–40–11, finishing in third place in the Eastern Conference. The Blue Jackets reached the Eastern Conference Finals",0.0,6.515," The 2011 – 12 Columbus Blue Jackets season was the team's 12th season in the National Hockey League ( NHL ). The Blue Jackets'season began on September 28, 2011, when they hosted the Minnesota Wild at Nationwide Arena. The Blue Jackets finished the season with a record of 51–31–12, finishing third in the Eastern Conference (behind the Pittsburgh Penguins and Detroit Red Wings)",0.0,8.497," The 2011 – 12 Columbus Blue Jackets season was the team's 12th season in the National Hockey League ( NHL ). The Blue Jackets'second season as the Columbus Blue Jackets and their fourth season at Nationwide Arena. The Blue Jackets qualified for postseason play for the first time since 2002, and advanced to their first-postseason since 2000. They did so by defeating the Detroit Red Wings in",0.0,8.332," The 2011 – 12 Columbus Blue Jackets season was the team's 12th season in the National Hockey League ( NHL ). The Blue Jackets'second consecutive playoff appearance marked the longest postseason stay by the club since the 2005-06 NHL season, and it represented the longest postseason stay in franchise history. It also marked the longest postseason stay by the Blue Jackets since the 2006-07 season, and",0.0,10.852, The 2011 – 12 Columbus Blue Jackets season was the team's 12th season in the National Hockey League ( NHL ). The Blue Jackets'2011 – 12 campaign saw the team post its worst-ever record of 21–71 ( a 17–85–4 record overall and a 10–92–2 record in the Central Division ) and participate in the 2012 Stanley Cup playoffs for the fifth,0.0,16.539," The 2011 – 12 Columbus Blue Jackets season was the team's 12th season in the National Hockey League ( NHL ). The Blue Jackets'affiliation with the American Hockey League (AHL) affiliate, the Springfield Falcons was their longest-standing and 2nd continuous affiliation in the franchise. This season, the team was touted as the contenders, especially on the Blueshirt bastion of the fan",0.488,9.271," The 2011 – 12 Columbus Blue Jackets season was the team's 12th season in the National Hockey League ( NHL ). The Blue Jackets'second season in the NHL as an expansion team. In 2011-12, they finished the season at 40-35-9, tying the franchise's best mark in franchise history. This was the team's first postseason appearance since 2006, and the first"
Wiki_Academic,96,0.0,7.286,-2.363,8.874," The Blue Jackets began the year with the worst start in franchise history and the worst by any team in an NHL season in 19 years. After an uneventful first month, they started to turn their season around in February, finishing with a 28–30–8 record, and made it to the Conference Finals where they lost to the Washington Capitals. They ended the season by winning the first round",0.0,8.679," The Blue Jackets began the year with the worst start in franchise history and the worst by any team in an NHL season in 19 years. After an uninspired 1-7 start that saw them win just one game in the month of November, it appeared that the team might be headed for a second consecutive season in the lottery.

After a win over the Dallas Stars on December 28, however",-1.99,8.591," The Blue Jackets began the year with the worst start in franchise history and the worst by any team in an NHL season in 19 years. After an uneventful first month, they started to turn things around in February, finishing with a record of 24-17-6, and made it to the Conference Finals where they lost to the eventual Stanley Cup Champion Penguins.",0.788,8.296," The Blue Jackets began the year with the worst start in franchise history and the worst by any team in an NHL season in 19 years. After an up and down season, the Jackets have found a new level of consistency and have put together the best home record (14-1-1) in the league. They are 4-1-1 in their last 6 home games and have scored at",3.713,10.599," The Blue Jackets began the year with the worst start in franchise history and the worst by any team in an NHL season in 19 years. After an uninspired effort in their 3-1 win over the New Jersey Devils, Columbus has now allowed the most shots on goal and second most shots against in the NHL, trailing only the Buffalo Sabres' record of 833. They're also allowing an average",8.5,7.286," The Blue Jackets began the year with the worst start in franchise history and the worst by any team in an NHL season in 19 years. After an uneventful first month, they started to turn things around in February, finishing the month in third place in the Atlantic Division, and earning a spot in the postseason for the first time since the lockout. They lost in the first round to the Washington",0.0,13.671," The Blue Jackets began the year with the worst start in franchise history and the worst by any team in an NHL season in 19 years. After an early January surge, Columbus has had nothing to show for the past month. The Blue Jackets don't have the benefit of tanking and their players aren't even trying anymore; their fans are getting sick of being treated like a joke.

And",0.0,9.927," The Blue Jackets began the year with the worst start in franchise history and the worst by any team in an NHL season in 19 years. After an abysmal December and a late-season surge, the ""Blue Jackets"" ended up in the playoffs for the first time since 2006. In a season that saw the team change their name and logo, the team also underwent an ownership change.
",0.0,7.753," The Blue Jackets began the year with the worst start in franchise history and the worst by any team in an NHL season in 19 years. After an 0–3–0 start, the Jackets managed to turn their season around, winning seven of their last 11 games, and finishing the year with a respectable 29–33–8 record.

The Blue Jackets also had a healthy season, as",0.0,14.089," The Blue Jackets began the year with the worst start in franchise history and the worst by any team in an NHL season in 19 years. After an ugly start they have slowly began to get their momentum and may be a sleeper in this years playoff.

Player to Watch: Josh Anderson

Josh Anderson was the one bright spot for Columbus last year seeing an increase in production by 9 points.",0.0,24.264," The Blue Jackets began the year with the worst start in franchise history and the worst by any team in an NHL season in 19 years. After an early-season slide that saw many go through the XII Coach of the Year debate, John Tortorella has traded for three goaltenders over the last week and started dressing Hammond, while Craig Ellingson shuffles back to the American Hockey League after",0.756,8.043," The Blue Jackets began the year with the worst start in franchise history and the worst by any team in an NHL season in 19 years. After an 0-4-1 start, they went 11-4-1, finishing 19-21-5 for 41 points and missing the playoffs for a fifth consecutive season.

""We have to be better,"" interim coach John Tortorella said"
Wiki_Academic,97,0.0,14.069,0.788,17.867," The team was involved in a controversial loss to the Los Angeles Kings, when the Staples Center clock appeared to freeze at 1 @.@ 8 seconds left in overtime.

Then, the clock stopped again and a second time at 2.2.

The Kings were leading 3-2 and the Devils had a 2.2.

""To have that happen twice, and then",0.0,13.242," The team was involved in a controversial loss to the Los Angeles Kings, when the Staples Center clock appeared to freeze at 1 @.@ 8 seconds left in overtime, during which time the Kings held a 1-0 lead. The Kings were eventually awarded a goal and a win, despite the fact that the clock had frozen.

Later the same night, goaltender Semyon Varlamov",-1.013,19.274," The team was involved in a controversial loss to the Los Angeles Kings, when the Staples Center clock appeared to freeze at 1 @.@ 8 seconds left in overtime.

Then, the clock stopped again and a second time at 2.2 seconds. The NHL ruled in favor of the Kings, but that didn't stop the protests.

""To have the two teams' players so",1.913,10.84," The team was involved in a controversial loss to the Los Angeles Kings, when the Staples Center clock appeared to freeze at 1 @.@ 8 seconds and Los Angeles scored the game-winning goal.

The NHL will investigate the incident, a league source told ESPN.

The NHL will investigate the incident, a league source told ESPN. One of the players, Jaromir Jagr",3.263,20.521," The team was involved in a controversial loss to the Los Angeles Kings, when the Staples Center clock appeared to freeze at 1 @.@ 8 seconds remaining, sending the game into overtime. The clock froze again on a penalty against the team.

I think we just want to win"", said Eller. ""We didn't, so we want to win"". ""We want to win so",8.5,11.958," The team was involved in a controversial loss to the Los Angeles Kings, when the Staples Center clock appeared to freeze at 1 @.@ 8 seconds left in overtime.

After the game, Flyers captain Claude Giroux said he thought the clock had stopped for a second at the last second, but the league said that didn't happen.

""To be honest, I didn't even",0.0,19.055," The team was involved in a controversial loss to the Los Angeles Kings, when the Staples Center clock appeared to freeze at 1 @.@ 8 seconds remaining in overtime.

Afterward, the Flyers were heard on a radio station saying that the NHL had used the footage in an on-ice interview session. The Flyers didn't want to respond, but the league did.

""The",0.0,13.64," The team was involved in a controversial loss to the Los Angeles Kings, when the Staples Center clock appeared to freeze at 1 @.@ 8 seconds left in the third period. The officials changed the call to a goal, allowing the Kings to rally for a 3-2 win.

The problem: The clock is actually stopped, not counting, and there's nothing the NHL can do about",0.0,19.172," The team was involved in a controversial loss to the Los Angeles Kings, when the Staples Center clock appeared to freeze at 1 @.@ 8 seconds remaining but an official review determined the time remaining on the clock was a 1 second violation.

This is a true team sport, and it is a shame that teams lose due to human error.

To be honest, I’m",0.0,51.012," The team was involved in a controversial loss to the Los Angeles Kings, when the Staples Center clock appeared to freeze at 1 @.@ 8 seconds remaining of the third _ [more] than six minutes after the conclusion of play. The league I believe did a pretty decent job finally could well end up an example of their own brand of hockey should be available when free agency comes.

R",0.0,38.399," The team was involved in a controversial loss to the Los Angeles Kings, when the Staples Center clock appeared to freeze at 1 @.@ 8 seconds left and the Kings won the game with a shootout scored by Dustin Brown to cancel the 2nd PK awarded to the Fenwick Corsi HIT. With talk about the replay controversy, the league office will now be reviewing all situations where a penalty is awarded",0.714,13.122," The team was involved in a controversial loss to the Los Angeles Kings, when the Staples Center clock appeared to freeze at 1 @.@ 8 seconds left in the game, after the Kings had scored the tying goal.

It was the second time the Kings had pulled off a controversial come-from-behind victory after winning a game on a disputed goal in the final seconds, and many fans"
Wiki_Academic,98,0.0,15.237,1.118,19.789," In the off @-@ season the Blue Jackets'approach to building their team changed, moving from a team of young developing players into one with a more veteran cast and a more established top line.

The Jackets made a series of moves this offseason that were all designed around the idea of adding more veteran presence to their team.

In a series of moves this offseason (most notably",0.0,14.865," In the off @-@ season the Blue Jackets'approach to building their team changed, moving from a team of young developing players into one with a strong core that should be able to contend for several years. If you are not familiar with the Blue Jackets, let me give you a quick recap.

The Blue Jackets have not had a winning season since 2005 and the last time they made",-0.224,20.564," In the off @-@ season the Blue Jackets'approach to building their team changed, moving from a team of young developing players into one with a more veteran cast and a more established top line.

The Jackets made a series of moves this offseason that were all designed to bring back veteran scoring and help the younger, developing players improve their overall game.

The goal was to get",2.683,12.938," In the off @-@ season the Blue Jackets'approach to building their team changed, moving from a team of young developing players into one with older veterans. One of the players that was moved around in this move was former Blue Jacket and current Chicago Blackhawk Artem Anisimov. One of the players that was moved around in this move was former Blue Jacket and current Chicago Blackhawk Art",3.354,24.373," In the off @-@ season the Blue Jackets'approach to building their team changed, moving from a team of young developing players into one with veteran top six talent and some defense. That change has led to them not having many assets on their roster. Columbus has been pretty active on the trade market over the past few years, they've traded many high draft picks, they've traded some big",8.5,15.237," In the off @-@ season the Blue Jackets'approach to building their team changed, moving from a team of young developing players into one with a more veteran group and a more aggressive style of play.

Columbus Blue Jackets general manager Jarmo Kekalainen has made it known that he's looking to make moves to make his team a more competitive one (he's",0.0,23.592," In the off @-@ season the Blue Jackets'approach to building their team changed, moving from a team of young developing players into one with a strong core group and some veterans (and even some draft picks) a...

It is what it is.. I'm sure the season will go by in a flash, but the season will go by in a flash. It is what it",0.0,21.381," In the off @-@ season the Blue Jackets'approach to building their team changed, moving from a team of young developing players into one with veterans and proven talent and a higher salary cap. This would allow the team to retain the talent it has and still be able to add more players without having to break into the mid-rounds of the draft, and not be forced to rely on",0.0,19.395," In the off @-@ season the Blue Jackets'approach to building their team changed, moving from a team of young developing players into one with veterans who are ready for a playoff push. Here are a few thoughts about how they got here, and what they should do going forward :

The Blue Jackets have had a really good approach to building their team since the trade deadline ( when they",0.584,54.541," In the off @-@ season the Blue Jackets'approach to building their team changed, moving from a team of young developing players into one with big guys who didn't have a lot of career options able to puck the puck top shelf... But, could a young developing team be more effective with a team of 2-3 young guys with potential added at the same skill level, all-round",2.142,32.263," In the off @-@ season the Blue Jackets'approach to building their team changed, moving from a team of young developing players into one with more proven and veteran players and not much slim youth to speak of.

As you can probably see the goal is to be a playoff team a year ago they just needed a push to get in. This year maybe a little more pressure because they",-0.981,21.236," In the off @-@ season the Blue Jackets'approach to building their team changed, moving from a team of young developing players into one with a strong core of veterans. This team took shape a year ago when the Blue Jackets' moved to the Metropolitan Division, and became a regular playoff team.

In that same season, Blue Jackets' GM Scott Howson, not wanting to lose"
Wiki_Academic,99,0.0,11.216,-0.124,17.075," Columbus also traded former first round draft pick Nikita Filatov to the Ottawa Senators for a third @-@ round pick in the 2011 Draft, in a deal of equal or greater value, in exchange for future considerations.
Funny that Filatov is a former first round pick now.
He certainly is not",0.0,16.669," Columbus also traded former first round draft pick Nikita Filatov to the Ottawa Senators for a third @-@ round pick in the 2011 Draft.
That makes up for the fact that they traded away our first round pick to the Canucks this year.
But... that's a different year!
No.  We traded that first rounder for Anders Lee.  Not that that's",-0.124,17.075," Columbus also traded former first round draft pick Nikita Filatov to the Ottawa Senators for a third @-@ round pick in the 2011 Draft, in a deal of equal or greater value, in exchange for future considerations.
Funny that Filatov is a former first round pick now.
He certainly is not",0.563,7.511, Columbus also traded former first round draft pick Nikita Filatov to the Ottawa Senators for a third @-@ round pick in the 2011 Draft.  They got a 6th round pick for Filatov.  They traded a 6th round pick for Ference.  They traded a 6th round pick for Ference.  They traded a 6th round pick for Ference.,2.79,12.079," Columbus also traded former first round draft pick Nikita Filatov to the Ottawa Senators for a third @-@ round pick in the 2011 Draft. That's one of the worst trades of the decade so far.
I mean Filatov was only 19 when we traded him, so just imagine what he could've been if we didn't decide to trade him.",8.5,11.216," Columbus also traded former first round draft pick Nikita Filatov to the Ottawa Senators for a third @-@ round pick in the 2011 Draft.
That was a big trade for us, Filatov was the #1 pick that year and we were in the midst of a rebuild.
I remember being so happy when he was traded.
He was my favourite player when I was",0.0,7.746," Columbus also traded former first round draft pick Nikita Filatov to the Ottawa Senators for a third @-@ round pick in the 2011 Draft, in addition to a conditional fourth-round draft pick in 2012 (if the Senators make the playoffs that year, Columbus gets it), a second-round draft pick in 2013 (if the Senators make the playoffs that year, Columbus gets it), and",0.0,15.804," Columbus also traded former first round draft pick Nikita Filatov to the Ottawa Senators for a third @-@ round pick in the 2011 Draft.
Not a horrible trade. Columbus gave Ottawa some more salary cap room.  Filatov has been pretty solid in the KHL
I agree.  Filatov has been decent.  Not spectacular but solid.  There's definitely",0.0,14.904," Columbus also traded former first round draft pick Nikita Filatov to the Ottawa Senators for a third @-@ round pick in the 2011 Draft, in addition to receiving a conditional third pick in the 2012 Draft (if Ottawa reaches the playoffs this year).

The Blue Jackets are a team of potential at the moment. I'd like to think that this deal is a signal that management is",0.0,47.242," Columbus also traded former first round draft pick Nikita Filatov to the Ottawa Senators for a third @-@ round pick in the 2011 Draft for #51.
sounds about rightThere's were some in asia. Seoulstar, something like that. You wouldn't be able to live/play seriously in one I don't think.
They don't sound fun.
",0.0,28.587," Columbus also traded former first round draft pick Nikita Filatov to the Ottawa Senators for a third @-@ round pick in the 2011 Draft,   Bobby Ryan.  Dustin Penner also went from Edmonton to the Edmonton Oilers, for thus [captain] Eric Belanger.
Pens traded Belanger (I remember that but can't remember which year) to a eastern conference",1.98,15.742," Columbus also traded former first round draft pick Nikita Filatov to the Ottawa Senators for a third @-@ round pick in the 2011 Draft.

While I have the Columbus Blue Jackets getting a little bit too much flak, this is probably the right call for them. Filatov has struggled with injuries and overall inconsistency and is unlikely to be the kind of player that will help"
Wiki_Academic,100,0.0,11.868,1.238,12.742," After the first five games, all losses, Jeff Carter suffered a broken foot that kept him out of the line @-@ up for 10 games and still looking to get playing time on the second line.
>and still looking to get playing time on the second line.   That's a bit of a stretch.
He's played on our 2nd line the past couple games and",0.0,22.608," After the first five games, all losses, Jeff Carter suffered a broken foot that kept him out of the line @-@ up for 10 games and now it looks like he will be returning soon.  Why the hell would you guys draft one of my favourite players ever, only to break his foot???
yeah but he's also coming back from a broken leg... I imagine this is why",1.688,12.862," After the first five games, all losses, Jeff Carter suffered a broken foot that kept him out of the line @-@ up for 10 games and still looking to get playing time on the second line.
>and still looking to get playing time on the second line.   That's a bit of an understatement.
He's played on our third line for the past couple weeks.",5.288,15.505," After the first five games, all losses, Jeff Carter suffered a broken foot that kept him out of the line @-@ up for 10 games and only got out of his walking boot last week. I was hoping he could comeback from that to be somewhat productive. I was wrong. I was very wrong. I was very very wrong. I was very very very very very very very very very",3.263,18.448," After the first five games, all losses, Jeff Carter suffered a broken foot that kept him out of the line @-@ up for 10 games, the Flyers now enter their bye week having played 5 games, they sit in 13th place of the Eastern Conference. Jeff Carter has played just five games since his injury, as has defenseman Kimmo Timonen. The Flyers will not host any games",8.5,18.562," After the first five games, all losses, Jeff Carter suffered a broken foot that kept him out of the line @-@ up for 10 games and the Flyers have now had their first winning streak since Dec 23rd.

Flyers are just 8-22-3 in February so far. They lost in a shootout to the Nashville Predators on Thursday. The Flyers will be in San Jose",0.0,24.043," After the first five games, all losses, Jeff Carter suffered a broken foot that kept him out of the line @-@ up for 10 games before being activated. Carter had some good times when he came back, but the Flyers lost a lot with his absence. So, in 10 games he only had 8 goals and 13 points. The Flyers playoff chances with him are very bleak.

",0.0,15.615," After the first five games, all losses, Jeff Carter suffered a broken foot that kept him out of the line @-@ up for 10 games and still looking for his first goal
I hate when someone breaks an ankle, I hope he is able to recover fully from it.   Also I hope he is able to get back on the ice soon, I miss the dude.
I",0.0,14.809," After the first five games, all losses, Jeff Carter suffered a broken foot that kept him out of the line @-@ up for 10 games, the Flyers have finally started to put things together and have won four of their last five.

The Flyers have gained some confidence over their last five games, and seem to be playing with more energy and heart.

The Rangers, as",0.0,31.564," After the first five games, all losses, Jeff Carter suffered a broken foot that kept him out of the line @-@ up for 10 games and didn't pick up a single point.
That sucks… I was actually super excited about that acquisition
and technically Carter didn't have his last 5 games until the Kings got him dealt twice.
He played 5 games with the Preds before",0.0,61.306," After the first five games, all losses, Jeff Carter suffered a broken foot that kept him out of the line @-@ up for 10 games. Looking forward to a full season of Jeff Carter. And he has 5 legit goals that would have made it a 7 or 7 game. Countdown laughs this off cause it wont 1LE. #countdowns laughs lol #feelsbadman
Jeff",1.481,19.756," After the first five games, all losses, Jeff Carter suffered a broken foot that kept him out of the line @-@ up for 10 games, the team was 4-2–0 and their confidence looked good. When Carter came back, they went 6-3 – a streak of success that ended when they lost to the Islanders 5-2.

The next year, following another"
Wiki_Academic,101,0.0,10.406,-0.563,8.152," During the same time frame as the Hitchcock rumors, goaltender Curtis Sanford returned from his groin injury on November 13. He made his first start of the 2006–07 season on December 20, and played in his 100th NHL game on January 7, 2007, against the Flyers.

, goaltender Curtis Sanford returned from his groin injury on November 13. He made his first start of the 2006–",0.0,9.479," During the same time frame as the Hitchcock rumors, goaltender Curtis Sanford returned from his groin injury on November 13. He made his first start of the season, on November 18, away against the San Jose Sharks. In the game, he allowed five goals on 26 shots in the first period, but settled in and made 23 saves in a 5–4 overtime loss. On December 9, he was",-2.813,6.156," During the same time frame as the Hitchcock rumors, goaltender Curtis Sanford returned from his groin injury on November 13. He made his first start of the season on November 19 against the Vancouver Canucks and recorded his first career NHL win with a 1-0 shutout victory.

, goaltender Curtis Sanford returned from his groin injury on November 13. He made his first start of the season on November 19",0.563,9.042," During the same time frame as the Hitchcock rumors, goaltender Curtis Sanford returned from his groin injury on November 13. He made his first start of the season on November 15 against the Washington Capitals, a game in which he allowed six goals on 31 shots. He would not play again that season.

On December 15, the team announced that they were recalling goaltender Kevin Weekes from the team's",2.813,9.656," During the same time frame as the Hitchcock rumors, goaltender Curtis Sanford returned from his groin injury on November 13. He made his first start of the season on December 4 against the Vancouver Canucks and recorded his first career NHL win. On December 19, it was announced that Sanford would be rejoining the club on a conditioning stint. He started his second stint on December 30 against the San Jose Sharks.",8.5,10.406," During the same time frame as the Hitchcock rumors, goaltender Curtis Sanford returned from his groin injury on November 13. He made his first start of the season on November 20 against the Vancouver Canucks and recorded his first career NHL win with a 34-save performance. Sanford scored his first career goal on November 23 against the St. Louis Blues.


During the off-season, Sanford had his",0.0,11.931," During the same time frame as the Hitchcock rumors, goaltender Curtis Sanford returned from his groin injury on November 13. He made his first start of the season on November 20 at the Vancouver Canucks and recorded his first career NHL win with a 34-save effort. Sanford's previous NHL appearance was on April 11, 2006 against the Philadelphia Flyers, as the Wild lost 5-2. Sanford's first NHL",0.0,10.677," During the same time frame as the Hitchcock rumors, goaltender Curtis Sanford returned from his groin injury on November 13. He made his first start of the season on November 20 at home against the Detroit Red Wings. He faced only eight shots on goal and lost 3–1. Sanford made 35 saves in his first career NHL victory against the Los Angeles Kings on November 23. On December 5, the Lightning",0.0,13.121," During the same time frame as the Hitchcock rumors, goaltender Curtis Sanford returned from his groin injury on November 13. He made his first start of the 2006–07 season on December 1, and recorded his first career NHL win on December 7 at Nashville and recorded his second career NHL loss on December 9 against the Toronto Maple Leafs. He appeared in only 12 games, and recorded a.885 save percentage",-0.298,12.658," During the same time frame as the Hitchcock rumors, goaltender Curtis Sanford returned from his groin injury on November 13. He made his first start of the season on November 18 against the Pirates, drawing the start against Rob Blake and playing a respectable game, posting a 2-1-1 record and a 2.11 goals against average.

Sanford was a participant in the American Hockey League All",-0.703,19.745," During the same time frame as the Hitchcock rumors, goaltender Curtis Sanford returned from his groin injury on November 13. He made his first start of the year the following night the home game. "" He played a solid game and came out relieved at the end. ""Sanford played well and was relieved at the end. He has a sore groin but he is expected to be ready for next Wednesday 3",1.012,12.234," During the same time frame as the Hitchcock rumors, goaltender Curtis Sanford returned from his groin injury on November 13. He made his first start of the season on November 14th in a 3–1 victory over the Carolina Hurricanes.

Sanford was replaced by Tim Thomas for the remainder of the season on January 1, 2013. In six games in which he played, he had an.896"
Wiki_Academic,102,0.0,11.313,-2.138,13.625," With the losing continuing, more rumors began to surface. Unlike before, the rumors were about player moves rather than coaching changes. The majority of rumors were that the Cubs would not be making any moves this offseason due to their spending spree last offseason. However, there did seem to be more than the normal trickle of reports that indicated that the Cubs might be making some moves.

The main rumor",0.0,12.818," With the losing continuing, more rumors began to surface. Unlike before, the rumors were about player moves rather than coaching changes. The majority of rumors have been about players.

Rumors about players

Rumors of players wanting to leave or wanting to join other teams in the NBA.

1. Dennis Rodman

A couple of weeks ago there was a big rumor that",-2.138,13.625," With the losing continuing, more rumors began to surface. Unlike before, the rumors were about player moves rather than coaching changes. The majority of rumors were that the Cubs would not be making any moves this offseason due to their spending spree last offseason. However, there did seem to be more than the normal trickle of reports that indicated that the Cubs might be making some moves.

The main rumor",-0.338,10.47," With the losing continuing, more rumors began to surface. Unlike before, the rumors were about player moves rather than coaching changes. The majority of rumors suggest that the team will be trading Jose Reyes and Carlos Beltran.

The reason for these rumors is that the team is currently sitting in a three-way tie for last place in the NL East with the Washington Nationals and Atlanta Braves. It",2.363,12.237," With the losing continuing, more rumors began to surface. Unlike before, the rumors were about player moves rather than coaching changes. The majority of rumors were about players, including some of the top players on certain teams. One of the most talked about was the possible trades of Kevin Durant, Chris Paul, and Blake Griffin. Many people believe that one or more of these players would be traded before the",8.5,11.957," With the losing continuing, more rumors began to surface. Unlike before, the rumors were about player moves rather than coaching changes. The majority of rumors were centered around the Philadelphia Phillies and how they could use a starting caliber pitcher.

The general consensus is that the Phillies are in the market for a starting pitcher. The Phillies have a surplus of starting pitchers and they can easily afford to add another",0.0,14.488," With the losing continuing, more rumors began to surface. Unlike before, the rumors were about player moves rather than coaching changes. The majority of rumors were centered on players, with two players in particular having their fair share. The first rumor was that the Minnesota Vikings were looking for a new quarterback after their starting quarterback Adrian Peterson was arrested on July 8th for child abuse, spousal abuse,",0.0,12.469," With the losing continuing, more rumors began to surface. Unlike before, the rumors were about player moves rather than coaching changes. The majority of rumors were centered around free agent big man Rudy Gay. Gay was rumored to be interested in playing for the Sacramento Kings. The Kings have been linked to Gay for months and reports surfaced as early as February that the team had a meeting set up with him.",0.0,15.435," With the losing continuing, more rumors began to surface. Unlike before, the rumors were about player moves rather than coaching changes. The majority of rumors that have surfaced over the past few weeks have been on players rather than coaches.

The general consensus on the matter is that in the past the front office has been reluctant to trade players in the winter or whenever they can. Instead, the front",0.0,21.717," With the losing continuing, more rumors began to surface. Unlike before, the rumors were about player moves rather than coaching changes. The majority of rumors mentioned players moving to other teams. Some players were rumored to leave their old teams to join their new teams. Some players also commented on the rumors.

Reports that Coach Deng Ngo Van ( Director of Football Department ) would be moving to a",0.0,55.913," With the losing continuing, more rumors began to surface. Unlike before, the rumors were about player moves rather than coaching changes. The majority of rumors were centered around players to have been traded to win some more games,Alison Mosshart trying with her new album to make grunge girl prettier than it has been made in recent years. ""The kind where mouth looks like is was run",0.493,10.753," With the losing continuing, more rumors began to surface. Unlike before, the rumors were about player moves rather than coaching changes. The majority of rumors were that the Knicks would be looking to trade Carmelo Anthony, who would most likely be moved to the Dallas Mavericks to replace All-Star forward Dirk Nowitzki.

At the All-Star break, the Knicks seemed poised to complete a"
Wiki_Academic,103,0.0,11.588,1.238,11.796," At the halfway point of the season, with the Blue Jackets barely into double digit wins with an 11 – 25 – 5 record, worst in the Metro and only.500 in the Atlantic, it’s time to revisit the topic of whether the Jackets should be trading for a star.

There’s no doubt that David Savard, Sergei Bobrovsky’s",0.0,13.466," At the halfway point of the season, with the Blue Jackets barely into double digit wins with an 11 – 25 – 5 record, worst in the NHL, this is probably the most depressing season to begin to a Blue Jackets career since the team moved from Columbus, Ohio, in 1993 as a expansion team. And, to make matters worse, the Blue Jackets are in the middle of a six week",1.238,11.955," At the halfway point of the season, with the Blue Jackets barely into double digit wins with an 11 – 25 – 5 record, worst in the Metro and only.500 in the Atlantic, it’s time to revisit the topic of whether the Jackets should be trading for a star.

There’s no doubt that David Savard, Sergei Bobrovsky, and Josh",3.038,16.258," At the halfway point of the season, with the Blue Jackets barely into double digit wins with an 11 – 25 – 5 record, worst in the league, the team is suddenly trending upward. They are winning games and have hope. One thing is certain, the team is not going to let this momentum die from an injury. One player has been instrumental in this sudden turnaround. One player has been",4.388,10.553," At the halfway point of the season, with the Blue Jackets barely into double digit wins with an 11 – 25 – 5 record, worst in the NHL, one would think that they would be making some changes. However, so far, it seems as if the team has no intention of making any changes. They did not make any trades, they did not add any high end talent, and they",8.5,10.633," At the halfway point of the season, with the Blue Jackets barely into double digit wins with an 11 – 25 – 5 record, worst in the Metro and tied with the Leafs for the worst record in the Eastern Conference. The Blue Jackets are looking up at the Senators, who are sitting in the second wild card, having posted the same record as the Blue Jackets but a better goal differential.
",0.0,11.863," At the halfway point of the season, with the Blue Jackets barely into double digit wins with an 11 – 25 – 5 record, worst in the league, the question arises as to whether the season will be a trainwreck or another one of those seasons where you are looking for the silver lining.

The silver lining is that Columbus is currently the only team in the NHL without a single point",0.0,14.39," At the halfway point of the season, with the Blue Jackets barely into double digit wins with an 11 – 25 – 5 record, worst in the Metro, this team needs to go back to their drawing board and start over with this rebuild plan, as the team’s core has not produced the numbers on the scoreboard that the team’s fans have been hoping for.

At",0.0,12.44," At the halfway point of the season, with the Blue Jackets barely into double digit wins with an 11 – 25 – 5 record, worst in the Metro, this article is a must read.

The Blue Jackets are a team that does not see themselves as a bad team. Since their first game of the year, the Jackets have said that they will not lose more than 7 games, and",0.0,29.543," At the halfway point of the season, with the Blue Jackets barely into double digit wins with an 11 – 25 – 5 record, worst in the league or...

In winning the Stanley Cup in 1994, the Red Wings were 12 – 21 – 7 in March, and as a result missed the playoffs by seven point...

The 1991 Canadiens know the way to the Double...

",0.0,27.037," At the halfway point of the season, with the Blue Jackets barely into double digit wins with an 11 – 25 – 5 record, worst in the NHL, the fans and the players alike are looking around, concerned with the bottom end.. They were needing to snap out of their slow start and reflect mid-season changes leading up to the trade deadline. New ownership with Scott Howson taking over",-0.327,12.798," At the halfway point of the season, with the Blue Jackets barely into double digit wins with an 11 – 25 – 5 record, worst in the Metro Division, and with the team out of the playoffs, some media are pushing for GM Jarmo Kekalainen to make changes now. Not only did the Blue Jackets manage to lose their season opener in a shootout to the Los Angeles"
Wiki_Academic,104,0.0,8.776,2.236,9.636," Following the break, the Blue Jackets were on the road playing the Los Angeles Kings, and with the score tied late in the game, Kings'goalie Jonathan Quick came off the bench for an extra attacker, and with a few seconds left, the Blue Jackets won the game - 1-0.

A lot has happened in the 2 years since the Blue Jackets won their first playoff game,",0.0,10.77," Following the break, the Blue Jackets were on the road playing the Los Angeles Kings, and with the score tied late in the game, Kings'goaltender Jonathan Quick got beat to the far post by a shot from Columbus'Rick Nash, the puck deflected up and into the air for Nash to put the game-winner into the net.",2.236,10.025," Following the break, the Blue Jackets were on the road playing the Los Angeles Kings, and with the score tied late in the game, Kings'goalie Jonathan Quick came off the bench for an extra attacker, and with a few seconds left, the Blue Jackets won the game - 1 - 0.

A lot of other things were going on in the game, and so it is hard to",1.889,6.925," Following the break, the Blue Jackets were on the road playing the Los Angeles Kings, and with the score tied late in the game, Kings'defenseman Alec Martinez was called for goaltender interference.

The Blue Jackets were able to tie the game and force overtime.

The Blue Jackets were able to tie the game and force overtime.

The Blue Jackets were able to tie the game",1.342,9.6," Following the break, the Blue Jackets were on the road playing the Los Angeles Kings, and with the score tied late in the game, Kings'goalie Jonathan Quick was called on to make a save. The goalie kicked the puck into the air, which hit the post and bounced up into the air. The puck hit the back boards, which bounced back into Quick's body. The goalie looked to",8.5,9.722," Following the break, the Blue Jackets were on the road playing the Los Angeles Kings, and with the score tied late in the game, Kings'goalie Jonathan Quick came off the bench to replace his injured teammate Jonathan Bernier in net. Quick didn't have the great night - he allowed four goals on the game, and the Kings were defeated by a score of 6-3.

Quick",0.0,9.247," Following the break, the Blue Jackets were on the road playing the Los Angeles Kings, and with the score tied late in the game, Kings'goalie Jonathan Quick came off his line to defend, leaving the goalie door open in net for the Blue Jackets to score the game - winning goal.

After the game, Blue Jackets head coach Todd Richards, said, ""We had a great opportunity",0.0,8.662," Following the break, the Blue Jackets were on the road playing the Los Angeles Kings, and with the score tied late in the game, Kings'goalie Jonathan Quick got a little bit cocky and decided to take a shot in the slot. The Blue Jackets' Ryan Johansen was there waiting for the shot and got his stick on the puck, deflecting the shot and scoring the winning goal",0.0,9.555," Following the break, the Blue Jackets were on the road playing the Los Angeles Kings, and with the score tied late in the game, Kings'forward Ryan Kesler was called for a hooking penalty, sending Jarmo Kekalainen to the penalty kill - The ""big"" penalty kill, as he called it.
Start the conversation, or Read more at Blue Line Station",0.0,19.483," Following the break, the Blue Jackets were on the road playing the Los Angeles Kings, and with the score tied late in the game, Kings'center Anze Kopitar came home to his home arena and threw it out to center Ice at. The teams played into a double overtime, in which the Kings prevailed to steal the chance to play in the final on February 25. For his efforts,",0.0,20.329," Following the break, the Blue Jackets were on the road playing the Los Angeles Kings, and with the score tied late in the game, Kings'forward Jeff Carter sent a pass possession. That lead Blue Jackets defenseman Seth Jones, who had a little help from goaltender Joonas Korpisalo, watching closely until the puck was recovered by a charging Peyton Krebs, not giving up the opportunity",1.816,8.09," Following the break, the Blue Jackets were on the road playing the Los Angeles Kings, and with the score tied late in the game, Kings'goalie Jonathan Quick made a spectacular save on defenseman Seth Jones, and he was able to get the puck up the ice.

The Kings were able to attack up the ice and were able to get a shot by Columbus goaltender Sergei Bobrovsky"
Wiki_Academic,105,0.0,9.234,0.338,10.63," Two weeks prior to the NHL trade deadline, Columbus announced that unlike earlier in the season, they would listen to trade proposals involving Rick Nash, though they would not ""close the door"" on trading Nash.

Tampa Bay beat the Dallas Stars 2-0 on two goal from Nikita Kucherov and a power play goal from Barclay Goodrow.

The Lightning are",0.0,10.696," Two weeks prior to the NHL trade deadline, Columbus announced that unlike earlier in the season, they would listen to trade proposals involving Rick Nash, though they were not actively shopping him and did not plan on trading him.

Nash, 35, scored 10 points in two games with the Columbus Blue Jackets before returning to the New York Rangers for their game against the Boston Bruins. He was activated",-1.238,11.886," Two weeks prior to the NHL trade deadline, Columbus announced that unlike earlier in the season, they would listen to trade proposals involving Rick Nash, though they would not ""close the door"" on trading Nash.

Tampa Bay beat the Dallas Stars 2-1 on two goal from Nikita Kucherov, and a third-period empty net goal by Steven Stamkos, which earned",1.238,7.162," Two weeks prior to the NHL trade deadline, Columbus announced that unlike earlier in the season, they would listen to trade proposals involving Rick Nash, though they were not offering him away.

The Blue Jackets have not received any offers for Nash since then.

The Blue Jackets have not received any offers for Nash since then.

The Blue Jackets have not received any offers for Nash since",3.938,13.022," Two weeks prior to the NHL trade deadline, Columbus announced that unlike earlier in the season, they would listen to trade proposals involving Rick Nash, though they would not entertain any deal involving their best player.This did not sit well with many fans or even with club management, as they were under no obligation to listen. The team was stuck in an unenviable situation, as they desperately needed a",8.5,9.234," Two weeks prior to the NHL trade deadline, Columbus announced that unlike earlier in the season, they would listen to trade proposals involving Rick Nash, though they would not be offering him up for sale.

The Blue Jackets have already made a handful of trades since the start of the season, including the acquisition of Ryan Murray and the trade of Brandon Dubinsky to the New York Rangers.

",0.0,12.929," Two weeks prior to the NHL trade deadline, Columbus announced that unlike earlier in the season, they would listen to trade proposals involving Rick Nash, though they ultimately declined to trade him. This led to speculation that the club had given up on Richards, with the club's official response on February 26 stating that Columbus was not shopping Richards.

As the month of March approached, Columbus continued to field",0.0,13.524," Two weeks prior to the NHL trade deadline, Columbus announced that unlike earlier in the season, they would listen to trade proposals involving Rick Nash, though they have not yet received any offers. Columbus now finds themselves in the unique position of being a contender with two of its top two centers injured, the first time this franchise has experienced such a situation – perhaps even the first time in the history of the",0.0,10.945," Two weeks prior to the NHL trade deadline, Columbus announced that unlike earlier in the season, they would listen to trade proposals involving Rick Nash, though they would only consider offers that included draft picks. As it turned out, the Blue Jackets were not interested in parting ways with two key members of their blue line – Sergei Gonchar and Scott Hartnell. At the time, Nash was still a solid",0.0,20.879," Two weeks prior to the NHL trade deadline, Columbus announced that unlike earlier in the season, they would listen to trade proposals involving Rick Nash, though Mitch Korn said they had no intention of trading the experienced forward.Igor Shesterkin made his Rangers debut this morning in a 3-2 loss to the New York IslandersWhy would you delete this?? I need to hear it!!
",0.0,30.394," Two weeks prior to the NHL trade deadline, Columbus announced that unlike earlier in the season, they would listen to trade proposals involving Rick Nash, though they later scrapped their plans earlier in the season. Nash is now firmly entrenched as the team captain and they are winning. The conversation is about how he has to be dealt. With that in mind, at what market value would a club…»Read",0.006,11.993," Two weeks prior to the NHL trade deadline, Columbus announced that unlike earlier in the season, they would listen to trade proposals involving Rick Nash, though they ultimately did not deal the captain before the deadline.

During a March 21 game against the Pittsburgh Penguins, Nash was injured during a play that involved Phil Kessel. Nash exited the game and did not return. The injury required the Columbus medical"
Wiki_Academic,106,0.0,5.684,-0.788,6.028," Columbus started March with a 2 – 0 shutout against the Colorado Avalanche. They proceeded to win their next game against the Phoenix Coyotes 5 – 2.

The month of March concluded with a 1 – 0 shutout victory against the Colorado Avalanche.

The Jackets started April with a 1 – 0 shutout victory against the Buffalo Sabres.

The month ended with a 2 – 0",0.0,7.968," Columbus started March with a 2 – 0 shutout against the Colorado Avalanche. They proceeded to win their next game against the Phoenix Coyotes 5 – 2. On March 4 they played their first game in the franchise history against the Detroit Red Wings. Columbus lost to the Wings 1 – 0. After their loss to the Wings, they won five games in a row before losing to the St. Louis Blues",-0.788,5.943," Columbus started March with a 2 – 0 shutout against the Colorado Avalanche. They proceeded to win their next game against the Phoenix Coyotes 5 – 2.

The month of March concluded with a 1 – 0 shutout victory against the Colorado Avalanche.

The Jackets started April with a 1 – 0 shutout victory against the Buffalo Sabres.

The month ended with a 2 – 1",2.588,6.906," Columbus started March with a 2 – 0 shutout against the Colorado Avalanche. They proceeded to win their next game against the Phoenix Coyotes 5 – 2. Columbus has won two in a row overall and five in a row at home.

The Blue Jackets have scored a total of 31 goals in their first nine games. They have scored a total of 31 goals in their first nine games. Columbus",4.163,7.721," Columbus started March with a 2 – 0 shutout against the Colorado Avalanche. They proceeded to win their next game against the Phoenix Coyotes 5 – 2. On March 4, 2015, they played against the Vancouver Canucks. This was the second game of a back to back game. This would be their second win of the season. The following day, the team played against the Dallas Stars. This would",8.5,5.684," Columbus started March with a 2 – 0 shutout against the Colorado Avalanche. They proceeded to win their next game against the Phoenix Coyotes 5 – 2. On March 6, the Blue Jackets were on the road against the New York Islanders. Columbus won 4 – 3. On March 7, the Blue Jackets visited the Tampa Bay Lightning. Columbus won 4 – 3. On March 8, the Blue Jackets",0.0,12.122," Columbus started March with a 2 – 0 shutout against the Colorado Avalanche. They proceeded to win their next game against the Phoenix Coyotes 5 – 2, allowing them to break the streak of two-game losing streaks. This victory propelled Columbus to 11 points in 16 games played, with a record of 9 – 6 – 3. The Blue Jackets continued to have some tough losses and have dropped five straight",0.0,6.081, Columbus started March with a 2 – 0 shutout against the Colorado Avalanche. They proceeded to win their next game against the Phoenix Coyotes 5 – 2. On March 10 they took on the Vegas Golden Knights and lost 3 – 1. On March 11 they took on the Winnipeg Jets and lost 6 – 1. On March 16 they took on the Calgary Flames and lost 4 – 1. On March 18,0.0,8.229," Columbus started March with a 2 – 0 shutout against the Colorado Avalanche. They proceeded to win their next game against the Phoenix Coyotes 5 – 2 and win 3 of their next 4 games. Columbus is currently sitting on the 5th spot in the Eastern Conference with a record of 19-13-3.

The Blue Jackets started the season with some high expectations and have shown signs of being",0.0,29.91," Columbus started March with a 2 – 0 shutout against the Colorado Avalanche. They proceeded to win their next game against the Phoenix Coyotes 5 – 2, fought a physical game with the Montreal Canadiens and defeated Tampa Bay like a kid at Christmas, not to mention that they are 2 – 5 in games with Corey Perry, before the Lightning next grabbed them with a 5 – 10 win. Although it lacks",0.0,12.878, Columbus started March with a 2 – 0 shutout against the Colorado Avalanche. They proceeded to win their next game against the Phoenix Coyotes 5 – 2 thanks to Max Domi and Brandon Saad who both scored two goals in the second period. Columbus picked up their first win in Flint in February beating the IceHogs 4-1 after a six-game win streak. Columbus won its third game,1.772,7.391," Columbus started March with a 2 – 0 shutout against the Colorado Avalanche. They proceeded to win their next game against the Phoenix Coyotes 5 – 2. On March 23, 2015, they were defeated by the Washington Capitals 4 – 3. On April 4, 2015, the Blue Jackets would defeat the Pittsburgh Penguins 6 – 3. The Blue Jackets would then win their next game against the Nashville Predators 7"
Wiki_Academic,107,0.0,5.093,-2.138,8.774," Three days later, on March 28, goaltender Steve Mason was injured in the morning skate when a shot from Colton Gillies hit him in the mask.

, on, goaltender Steve Mason was injured in the morning skate when a shot from Colton Gillies hit him in the mask. A new backup goaltending prospect had not yet been acquired.

The Penguins, who were missing",0.0,9.797," Three days later, on March 28, goaltender Steve Mason was injured in the morning skate when a shot from Colton Gillies hit him in the mask. The team's medical staff took him to the hospital after the game and he was diagnosed with a fractured nose and lost a tooth. The concussion was confirmed during a follow-up examination the next morning in New Jersey.

After two days",-2.138,8.774," Three days later, on March 28, goaltender Steve Mason was injured in the morning skate when a shot from Colton Gillies hit him in the mask.

, on, goaltender Steve Mason was injured in the morning skate when a shot from Colton Gillies hit him in the mask. A new backup goaltending prospect had not yet been acquired.

The Penguins, who were missing",1.688,7.001," Three days later, on March 28, goaltender Steve Mason was injured in the morning skate when a shot from Colton Gillies hit him in the head. He was hospitalized and diagnosed with a concussion. He was discharged the same day and returned to practice on March 31. He was re-assigned to the Wilkes-Barre/Scranton Penguins on April 4, and again assigned",2.813,11.212," Three days later, on March 28, goaltender Steve Mason was injured in the morning skate when a shot from Colton Gillies hit him in the mask. The injury would not become known until about an hour before the game. The team immediately called him into the locker room, and was told he could not continue. The team said it was an emergency, and gave him the day off.
",8.5,4.859," Three days later, on March 28, goaltender Steve Mason was injured in the morning skate when a shot from Colton Gillies hit him in the mask. The injury would require surgery and end Mason’s season.

, on March 28, goaltender Steve Mason was injured in the morning skate when a shot from Colton Gillies hit him in the mask. The injury would require surgery",0.0,9.479," Three days later, on March 28, goaltender Steve Mason was injured in the morning skate when a shot from Colton Gillies hit him in the mask. The Flyers would eventually sign John Vanbiesbrouck, but the season was officially over.

The Flyers would win the Stanley Cup that spring; a season in which the Flyers would finish in first place in the Eastern Conference for the",0.0,11.119," Three days later, on March 28, goaltender Steve Mason was injured in the morning skate when a shot from Colton Gillies hit him in the mask and his backside. Mason  and backup Brian Elliot were sent to injured reserve and replaced by former San Jose Shark Antti Niemi and rookie Matthew Peca, respectively. Peca, who had not appeared in an NHL game, played the",0.0,6.578," Three days later, on March 28, goaltender Steve Mason was injured in the morning skate when a shot from Colton Gillies hit him in the mask.

The injury caused Mason to miss the remainder of the regular season and playoffs, and he was replaced by former Washington Capitals goaltender Tomas Vokoun.

The Capitals were defeated by the Pittsburgh Penguins in the Eastern Conference Final.
",0.0,10.717," Three days later, on March 28, goaltender Steve Mason was injured in the morning skate when a shot from Colton Gillies hit him in the shoulder and penetrated his chest. Brassard was injured on March 30, when a shot from David Broll went off his left leg and into his kidney.

On March 31, after practice, head coach Todd Richards said that both players had suffered",0.0,10.764," Three days later, on March 28, goaltender Steve Mason was injured in the morning skate when a shot from Colton Gillies hit him in the mask and dislodged a tooth. Mason missed the rest of the season and the playoffs. He now has 26 goals and 79 points in 145 games, and has won 11 of his last 16 start

, on March 28, goaltender Steve Mason",-0.51,7.558," Three days later, on March 28, goaltender Steve Mason was injured in the morning skate when a shot from Colton Gillies hit him in the mask. The Flyers recalled goaltender Jeff Zatkoff from the Hershey Bears and he made his debut in place of Mason, but was unable to secure a win, losing 3–2 on the road to the New Jersey Devils.

On"
Wiki_Academic,108,0.0,13.12,0.113,15.942," The Blue Jackets struggled in shorthanded situations, allowing the most power @-@ play goals in the League, with 64, and having the lowest short term % in the NHL too.

The Blue Jackets defense struggled in shorthanded situations, and the offense was abysmal at home.

The Blue Jackets defense struggled with scoring chances on the power play, and struggled with scoring chances",0.0,23.087," The Blue Jackets struggled in shorthanded situations, allowing the most power @-@ play goals in the League, with 64, and having the lowest face off % in the NHL too.  I don't think it's just a defense issue.
Hesco is a beast on the point. I wouldn't be surprised if that helps",-0.113,12.184," The Blue Jackets struggled in shorthanded situations, allowing the most power @-@ play goals in the League, with 64, and having the lowest short term % in the NHL too.

The Blue Jackets defense struggled in shorthanded situations, and the offense was abysmal at home.

The Blue Jackets defense struggled in shorthanded situations, and the offense was abysmal at",1.812,16.832," The Blue Jackets struggled in shorthanded situations, allowing the most power @-@ play goals in the League, with 64, and having the lowest penalty kill %, at 81.4%, among the 30 NHL teams.

The Blue Jackets have a few things to address to try and improve their penalty killing, and their power play will likely be their biggest challenge. One thing is certain",3.038,16.945," The Blue Jackets struggled in shorthanded situations, allowing the most power @-@ play goals in the League, with 64, and having the lowest penalty kill. The bottom six forwards for Columbus are now averaging less than 4 minutes of ice time per game, down from 5.5 minutes per game earlier this season. The lack of quality ice time on the top six has led to an uptick in",8.5,14.0," The Blue Jackets struggled in shorthanded situations, allowing the most power @-@ play goals in the League, with 64, and having the lowest PK% of all teams in the League @-@.

The Blue Jackets have a few things going for them to help solve their penalty kill problem, but the biggest problem is that they simply do not have a good enough penalty killing unit.",0.0,19.81," The Blue Jackets struggled in shorthanded situations, allowing the most power @-@ play goals in the League, with 64, and having the lowest faceoff % in the NHL too. There are some reasons for that though, but the penalty kill has to be a focus for the team. They need to at least get back to even for the season in this area and possibly improve it as they",0.0,14.952," The Blue Jackets struggled in shorthanded situations, allowing the most power @-@ play goals in the League, with 64, and having the lowest short term goal percentage at 5.31% ( last season they had a 5.53% short term goal percentage ).

The Blue Jackets have been one of the worst teams in the NHL, allowing the third most high-danger scoring chances and",0.0,20.641," The Blue Jackets struggled in shorthanded situations, allowing the most power @-@ play goals in the League, with 64, and having the lowest PK% at just.870
The Blue Jackets have won five straight and have won 15 of their last 20 games, but this week they had to put up with some injuries to key players, and they’ve been getting a lot of help",-0.78,25.86," The Blue Jackets struggled in shorthanded situations, allowing the most power @-@ play goals in the League, with 64, and having the lowest powerplay @-@ goal differential at 41%, with, although, the Penguins were also short handed for the majority of the season and gave up fewer shorthanded goal than the Blue Jackets
The Pens penalty kill late in the season was fantastic.",0.818,59.636," The Blue Jackets struggled in shorthanded situations, allowing the most power @-@ play goals in the League, with 64, and having the lowest IDO rated PK at 62.5 %. Yet, thanks to newly employed associate head coach Jim Montgomery and his unit of three- and four-man units ( off units ), Team Canada alive in the tournament thanks to primarily the two top score",0.915,17.151," The Blue Jackets struggled in shorthanded situations, allowing the most power @-@ play goals in the League, with 64, and having the lowest face-off winning % on the PK, with 40.5%. This could easily be fixed by the addition of a decent penalty killer to the blueline.

This is where the Blue Jackets could truly thrive. If you think about it"
Wiki_Academic,109,0.0,8.195,2.138,7.637," Finishing with the worst record in the NHL, Columbus had the best chance of receiving the first overall pick in the 2012 draft. With the NHL Draft less than a week away, the Blue Jackets have done nothing to improve their team in preparation for the event.

The Blue Jackets began the 2012 NHL Draft with a solid start. After the first round of the 2012 Draft, Columbus had three",0.0,8.731," Finishing with the worst record in the NHL, Columbus had the best chance of receiving the first overall pick in the 2012 draft. With the NHL’s worst record, and with most of the Eastern Conference teams not playing well at this point in the season, the Blue Jackets held the second pick. The two NHL teams with the worst records, the Ottawa Senators and Arizona Coyotes, were slated",2.138,7.35," Finishing with the worst record in the NHL, Columbus had the best chance of receiving the first overall pick in the 2012 draft. With the NHL Draft less than a week away, the Blue Jackets have done nothing to improve their team in preparation for the event.

The Blue Jackets began the 2012 NHL Draft with a solid start. After the first round of the draft, Columbus had the best",3.038,7.993," Finishing with the worst record in the NHL, Columbus had the best chance of receiving the first overall pick in the 2012 draft. With the NHL draft set to take place on June 29th, the Jackets organization will have to wait until then to find out how they will select. One thing is certain, the Jackets organization will select the best player available regardless of who is available to them at the",3.263,12.377," Finishing with the worst record in the NHL, Columbus had the best chance of receiving the first overall pick in the 2012 draft. With the NHL Draft only two days away, many of Columbus' fans, as well as NHL fans throughout the nation, were shocked. But on April 13th, 2012, Columbus received their top pick.

Mark Stone was chosen one pick before Vancouver's Sed",8.5,8.195," Finishing with the worst record in the NHL, Columbus had the best chance of receiving the first overall pick in the 2012 draft. With the NHL’s worst record, the Blue Jackets were the only team to not receive a top-five selection.The Blue Jackets have not been as bad as their record. They have won 10 of the last 20 games, and they have had some of",0.0,9.06," Finishing with the worst record in the NHL, Columbus had the best chance of receiving the first overall pick in the 2012 draft. With the NHL’s expanded draft lottery system, the worst team of the season not only had the worst odds, they also had the worst chances to get the top spot.

It makes sense. The first draft pick in 2012 has a chance to turn",0.0,7.438," Finishing with the worst record in the NHL, Columbus had the best chance of receiving the first overall pick in the 2012 draft. With the NHL Draft almost over, it is time to take a look at the top prospects, and see what they have left.

1) Alexander Ovechkin

Ovechkin is the obvious choice as the best prospect. He has proven",0.0,11.233," Finishing with the worst record in the NHL, Columbus had the best chance of receiving the first overall pick in the 2012 draft. With the NHL draft only about a month before the regular season, the Blue Jackets made sure that it wasn't an issue when they got it on the board in the 2012 NHL entry draft.

The Blue Jackets started the draft by selecting defenseman Brandon Harrild",0.0,13.694," Finishing with the worst record in the NHL, Columbus had the best chance of receiving the first overall pick in the 2012 draft. With the NHL beginning negotiations for a new collective bargaining agreement set to conclude in 2012, several rumblings began in early November that Columbus would be the last team to...

Should the Columbus Blue Jackets ever return to the New York Metropolitan Conference for a full-",0.0,24.656," Finishing with the worst record in the NHL, Columbus had the best chance of receiving the first overall pick in the 2012 draft. With the NHL's rivalry between Montreal and Toronto, their fans want to see Montreal lose and Toronto win.

Weird line about Visnovsky. That there beard makes him look like an albino sasquatch. Montreal dropping 11 in St.",0.44,8.987," Finishing with the worst record in the NHL, Columbus had the best chance of receiving the first overall pick in the 2012 draft. With the NHL’s expansion draft set for June 26th, the Blue Jackets would have to decide on a player to protect, which meant choosing between a player who could leave as a free agent and a player who was protected and who would stay and likely play"
Wiki_Academic,110,0.0,14.487,-0.563,10.573," A month later, on May 14, the Blue Jackets announced that Richards would remain as head coach and signed him to a two @-@ year contract extension.

In his first full season at the helm, Richards led the Blue Jackets to their first playoff appearance in franchise history.

The Blue Jackets made a dramatic turnaround after the 2012-13 season, finishing with a 33-34",0.0,15.907," A month later, on May 14, the Blue Jackets announced that Richards would remain as head coach and signed him to a two @-@ year contract.

""I know I'll have an impact,"" he said. ""I'm not going to come in and not allow what this franchise has done in the past to be known in the future. ""I'm not going to come in",-0.788,11.604," A month later, on May 14, the Blue Jackets announced that Richards would remain as head coach and signed him to a two @-@ year contract extension.

In his first full season at the helm, Richards led the team to its third winning season in four years and a trip to the second round of the playoffs. In the process, he notched his third coaching victory against the",1.688,10.81," A month later, on May 14, the Blue Jackets announced that Richards would remain as head coach and signed him to a two @-@ year contract.

On December 21, the Blue Jackets announced that they were promoting Richards to assistant coach and reassigning Jeff Reese to the team's American Hockey League affiliate, the Springfield Falcons.

On March 31, the Blue Jackets announced that they",1.688,20.533," A month later, on May 14, the Blue Jackets announced that Richards would remain as head coach and signed him to a two @-@ year contract.

""I'm pretty happy, "" said Richards. ""I've been talking to several teams, about possibly coming back. But it was important to work for Mike, or at least work for him as a teacher. I want to",8.5,11.611," A month later, on May 14, the Blue Jackets announced that Richards would remain as head coach and signed him to a two @-@ year contract.

""I'm looking forward to getting back to work with the guys on the ice,"" said Richards, who was also the team's general manager from 2002 to 2004. ""My job is to develop players, and that's what I",0.0,22.981," A month later, on May 14, the Blue Jackets announced that Richards would remain as head coach and signed him to a two @-@ year contract

The Flyers lost a lot of key veterans this summer, but the depth on defense is very strong. It’s unfortunate that Richards resigned after only a month on the bench, in addition to giving up his job with the Flyers.",0.0,14.7," A month later, on May 14, the Blue Jackets announced that Richards would remain as head coach and signed him to a two @-@ year contract.

""I felt I did a pretty good job during the season and that I deserved a chance to coach the team,"" said Richards afterward. ""I think I have the players, I have the coaching material, and I have the respect",0.0,10.768," A month later, on May 14, the Blue Jackets announced that Richards would remain as head coach and signed him to a two @-@ year contract

The Blue Jackets have signed Blue Jackets’ head coach Todd Richards to a 2-year contract extension, the team announced Friday.

The deal is for a salary-cap hit of $950,000 this season, and $",0.0,20.394," A month later, on May 14, the Blue Jackets announced that Richards would remain as head coach and signed him to a two @-@ year extension.
Say what you want about the guy but he seems like he'd be a nice person to have around the locker room and bring a spark.
He has been around the games before and has even been assistant coach.  I thought he",0.0,23.729," A month later, on May 14, the Blue Jackets announced that Richards would remain as head coach and signed him to a two @-@ year contract.

” Richard is a great coach and a great man too!” Lasertag told hockeyhope.com. ” He completely resonates with our players and fits in brilliantly with our organization. He’s",-0.251,13.232," A month later, on May 14, the Blue Jackets announced that Richards would remain as head coach and signed him to a two @-@ year contract.

Columbus Blue Jackets

Richards made his coaching debut with the Cleveland Monsters, named after the city where the Blue Jackets originally played, the Cleveland Barons. He was named head coach on April 27, 2009. During his"
Wiki_Academic,111,0.0,7.47,-0.113,8.09," Since being founded as an expansion team, the Blue Jackets have played in the Central Division of the Western Conference. Division rivals Chicago Blackhawks, Detroit Red Wings and Nashville Predators have also been in the conference for several years.

The Blues, who were a Central Division rival of the Blue Jackets, have also been in the conference since the 2006-07 season.

The Blue Jackets traded defenseman",0.0,9.19," Since being founded as an expansion team, the Blue Jackets have played in the Central Division of the Western Conference. Division rivals Chicago Blackhawks, Detroit Red Wings and Nashville Predators have represented the Central for the last several years. They were on their way to the Western Conference in the early 1990s. In 2002, with the addition of the Colorado Avalanche, the Blue Jackets became the only team in the NHL",-0.113,8.09," Since being founded as an expansion team, the Blue Jackets have played in the Central Division of the Western Conference. Division rivals Chicago Blackhawks, Detroit Red Wings and Nashville Predators have also been in the conference for several years.

The Blues, who were a Central Division rival of the Blue Jackets, have also been in the conference since the 2006-07 season.

The Blue Jackets traded defenseman",1.913,6.648," Since being founded as an expansion team, the Blue Jackets have played in the Central Division of the Western Conference. Division rivals Chicago Blackhawks, Detroit Red Wings, Minnesota Wild, Nashville Predators and Winnipeg Jets share the same geographic area.

The Blue Jackets have not had a winning season since 2005-2006, and have not had a winning season in a decade.

The Blue Jackets have not",2.813,10.973," Since being founded as an expansion team, the Blue Jackets have played in the Central Division of the Western Conference. Division rivals Chicago Blackhawks, Detroit Red Wings and Dallas Stars. The Blue Jackets, who move into their second season of existence, took over the second Central Division from the defending Stanley Cup Champion Blackhawks. However, they won just one playoff series, losing in five games to the Red Wings in",8.5,7.453," Since being founded as an expansion team, the Blue Jackets have played in the Central Division of the Western Conference. Division rivals Chicago Blackhawks, Detroit Red Wings and Nashville Predators have also been in the conference.

The Blue Jackets have made the playoffs in three of the last four seasons, going 39–33–12 over the last three years and placing second in the Central Division in 2014–15",0.0,9.029," Since being founded as an expansion team, the Blue Jackets have played in the Central Division of the Western Conference. Division rivals Chicago Blackhawks, Detroit Red Wings and Nashville Predators have all played in the Eastern Conference and will continue to do so until the NHL realigns in 2012. The Blue Jackets have never played with any of the Central Division playoff teams ( Minnesota, Chicago and Detroit).

After",0.0,7.665," Since being founded as an expansion team, the Blue Jackets have played in the Central Division of the Western Conference. Division rivals Chicago Blackhawks, Detroit Red Wings, Nashville Predators, Minnesota Wild, Colorado Avalanche, and St. Louis Blues, among others, make up the West’s top-tier teams. However, the Jackets also faced some tough competition in the Metro Division.

The Capitals",0.0,8.528," Since being founded as an expansion team, the Blue Jackets have played in the Central Division of the Western Conference. Division rivals Chicago Blackhawks, Detroit Red Wings, Dallas Stars, Minnesota Wild and Nashville Predators have combined for a record of 5,394 wins in the Central Division. The Blue Jackets have played those five teams 12 times in the past five seasons. The Blue Jackets have only beaten Detroit once in",0.0,13.916," Since being founded as an expansion team, the Blue Jackets have played in the Central Division of the Western Conference. Division rivals Chicago Blackhawks, Detroit Red Wings, Minnesota Wild, and St. Louis Blues have long been part of the Conference, and the Columbus Blue Jackets typically play Tampa Bay or Carolina when off nights crop up. During the period in between seasons, the Blue Jackets have always owned a division",0.0,11.383," Since being founded as an expansion team, the Blue Jackets have played in the Central Division of the Western Conference. Division rivals Chicago Blackhawks, Detroit Red Wings, Minnesota Wild and St. Louis Blues, along with the Central division led division leaders Nashville Predators and Edmonton Oilers, in 2009. The Blue Jackets have picked up 2nd place in the Central Division, every season theyve been in the central division",0.263,7.777," Since being founded as an expansion team, the Blue Jackets have played in the Central Division of the Western Conference. Division rivals Chicago Blackhawks, Detroit Red Wings and Nashville Predators form the Central Division, while Columbus is matched up with the Minnesota Wild, Colorado Avalanche and St. Louis Blues.

Achievements
The Blue Jackets' first playoff appearance was in 2009, and they have qualified for the"
Wiki_Academic,112,0.0,7.903,-1.026,7.412," In ice hockey, a combination of a player's goals and assists are collectively called points. Penalty minutes are the total number of minutes assigned to players for infractions of the league's rules. A single penalty minute results in a five-minute major penalty (one game misconduct) and a five-minute game suspension.

In association football, a single penalty minute results in a yellow",0.0,10.461," In ice hockey, a combination of a player's goals and assists are collectively called points. Penalty minutes are the total number of minutes assigned to a player on penalty for an infraction committed during a game, as opposed to a minor penalty, which is a violation of the rules, is not counted as an infraction.

If you are going to use a term in a sentence,",-1.147,6.192," In ice hockey, a combination of a player's goals and assists are collectively called points. Penalty minutes are the total number of minutes assigned to players for infractions of the league's rules. A single penalty minute results in a five-minute major and a game misconduct.

+

In ice hockey, a combination of a player's goals and assists are collectively called points",1.359,7.647," In ice hockey, a combination of a player's goals and assists are collectively called points. Penalty minutes are the total number of minutes assigned to a player for an infraction of the rules during a game.

A penalty is a violation of the rules during a hockey game involving an infraction of the rules by an opponent. It can include infractions such as holding, boarding, rough",1.697,16.069," In ice hockey, a combination of a player's goals and assists are collectively called points. Penalty minutes are the total number of minutes assigned to a player on his team during his team's penalty minutes for an offence during an NHL or International League game.",8.5,6.866," In ice hockey, a combination of a player's goals and assists are collectively called points. Penalty minutes are the total number of minutes assigned to a player on a penalty kill or power play.

Penalty minutes: The total number of minutes a player has been assessed a penalty on the ice (penalty kill or power play)

Power play: A power play is a set",0.0,9.946," In ice hockey, a combination of a player's goals and assists are collectively called points. Penalty minutes are the total number of minutes assigned to penalties, and game misconducts are the penalty calls resulting in ejections.

In American football, a penalty is any infraction during a football game that is penalized by a penalty official. Penalties are either punts in a punt return",0.0,7.669," In ice hockey, a combination of a player's goals and assists are collectively called points. Penalty minutes are the total number of minutes assigned to a player on a penalty kill unit, when a penalty is committed, the player on the kill unit receives a minor penalty for delay of game, the player on the kill unit receives a penalty for boarding, the player on the kill unit receives a penalty",0.0,10.002," In ice hockey, a combination of a player's goals and assists are collectively called points. Penalty minutes are the total number of minutes assigned to a player on the ice for any given infraction.
I use points as well.  A goal is worth a point, a shot is worth a shot, and so on.  The reason is because it is more descriptive.
This is",0.0,24.521," In ice hockey, a combination of a player's goals and assists are collectively called points. Penalty minutes are the total number of minutes assigned to possession of the puck in the offensive zone.
It's called ""sow"" not points. Source: England.
Well thx for education mate. It's a shambles of its old self in europe (almost all languages).",0.0,14.018," In ice hockey, a combination of a player's goals and assists are collectively called points. Penalty minutes are the total number of minutes assigned to offending players. To determine a game's overtime rules, the time added from the end of the 3rd period onwards is the overtime period. If the overtime period is still tied, the team who has scored the losing goal in sudden-death overtime",0.555,9.053," In ice hockey, a combination of a player's goals and assists are collectively called points. Penalty minutes are the total number of minutes assigned to a player for a specific infraction or misconduct, such as fighting, a fight, excessive roughness, or unsportsmanlike conduct. Penalty minutes are counted in a player's total minutes until he exhausts them. For example, a player with"
Wiki_Academic,113,0.0,12.961,-0.788,9.954," † Denotes player spent time with another team before joining Blue Jackets. Stats reflect time with the Blue Jackets only. ‡ Traded mid-season to Toronto for Steve Mason

Erik Gustafsson is a Swedish defensemen who was signed as a free agent on July 1, 2012.
He is 6’4”, 205 lbs tall and played his junior career",0.0,8.468," † Denotes player spent time with another team before joining Blue Jackets. Stats reflect time with the Blue Jackets only. ‡ Traded mid-season with Colorado for Chris Stewart, signed with Tampa Bay as a free agent on July 1, 2011. † Signed 1-year contract with Blue Jackets before the start of the 2010-11 season. ‡ Traded with Tampa Bay on",-1.013,8.614," † Denotes player spent time with another team before joining Blue Jackets. Stats reflect time with the Blue Jackets only. ‡ Traded mid-season to Toronto for Steve Mason

Erik Gustafsson is a Swedish defensemen who was signed as a free agent on July 1, 2012.

Career

Erik Gustafsson played for the Montreal Canadiens from 2007",2.363,4.852," † Denotes player spent time with another team before joining Blue Jackets. Stats reflect time with the Blue Jackets only. ‡ Traded mid-season.

Early years

Early years

Early years

Early years

Early years

Early years

Early years

Early years

Early years

Early years

Early years

Early",-1.238,5.403, † Denotes player spent time with another team before joining Blue Jackets. Stats reflect time with the Blue Jackets only. ‡ Traded mid-season. *Denotes player spent time with other team before joining Blue Jackets. Stats reflect time with the Blue Jackets only. *Denotes player spent time with other team before joining Blue Jackets. Stats reflect time with the Blue Jackets only. �,8.5,8.508," † Denotes player spent time with another team before joining Blue Jackets. Stats reflect time with the Blue Jackets only. ‡ Traded mid-season to Colorado for Scott Hartnell

The Columbus Blue Jackets are a team that seems destined for playoff contention for most of the season. It’s just a matter of how long it takes them to get there.

The Blue",0.0,7.647," † Denotes player spent time with another team before joining Blue Jackets. Stats reflect time with the Blue Jackets only. ‡ Traded mid-season to Colorado. ‡

Markus Hannikainen

Position: Right Defense

Born: Feb. 8, 1983 (35 years old)

Height: 6’3” (2.06 m",0.0,7.535, † Denotes player spent time with another team before joining Blue Jackets. Stats reflect time with the Blue Jackets only. ‡ Traded mid-season to Atlanta for Chris Campoli. † Traded mid-season to Atlanta for Matt Fraser. ‡ Signed free agent mid-season. ‡ Signed free agent mid-season. ‡ Signed free agent mid-season. �,0.0,9.625," † Denotes player spent time with another team before joining Blue Jackets. Stats reflect time with the Blue Jackets only. ‡ Traded midseason. Avg = average of 4 games with team.

The Columbus Blue Jackets acquired right winger Artem Anisimov from the Chicago Blackhawks on Tuesday for a fourth-round draft pick in the 2018 draft, a seventh round pick in the 2019",0.0,11.625," † Denotes player spent time with another team before joining Blue Jackets. Stats reflect time with the Blue Jackets only. ‡ Traded mid-season to Edmonton during the 2015-16 season

Shawn Horcoff was 18 when he joined the Blue Jackets in 1997-98 the same year he was drafted third overall.

Horcoff blossomed over his first seven years",0.0,15.006," † Denotes player spent time with another team before joining Blue Jackets. Stats reflect time with the Blue Jackets only. ‡ Traded mid-season. Stats reflect time with the Chicago Blackhawks only. ‡ Traded mid-season. Stats reflect time with the Atlanta Gladiators only and its second United Hockey League team.No, you don't get it walked out. You",0.768,8.9," † Denotes player spent time with another team before joining Blue Jackets. Stats reflect time with the Blue Jackets only. ‡ Traded mid-season with Colorado for Scott Hartnell

Awards and honors

References

External links

Player stats at Hockey-Reference.com

Columbus Blue Jackets"
Wiki_Academic,114,0.0,20.969,0.113,25.456," When Mason was injured in warm @-@ ups late in the year, Columbus was without an active goaltender on their roster. To remedy the situation they acquired a goaltender from Pittsburgh in a deal. The deal involved the unloading of two very good players. I don’t know if they got the goalie that Pittsburgh wanted or what happened, but if they did, that’s a",0.0,29.817," When Mason was injured in warm @-@ ups late in the year, Columbus was without an active goaltender on their roster. To remedy the situation they acquired a former Devil goaltender from the @-@ Devils, Mike Smith.

@-@

How Smith was traded to Columbus is a mystery to me, as is the reason for their move. After the end of the ’",0.563,29.891," When Mason was injured in warm @-@ ups late in the year, Columbus was without an active goaltender on their roster. To remedy the situation they acquired a goaltender from Pittsburgh in a deal. The deal involved the unloading of two very good players. I don't know how I feel about this. Shouldn't a very good goalie get traded if they are the backup? IMO it",3.263,21.108," When Mason was injured in warm @-@ ups late in the year, Columbus was without an active goaltender on their roster. To remedy the situation Carter moved up from the farm and played in a few games. He was pretty solid for a few games but as time went on he started to let in a few weak goals that could have been avoided if he wasn’t injured. He was",4.388,28.253," When Mason was injured in warm @-@ ups late in the year, Columbus was without an active goaltender on their roster. To remedy the situation they sent down their goalie prospect from last year, Anthony Stolarz. It was pretty much the only thing I could think of.
I think you mean Scott Morgan. He played 3 games for them. Nothing last year, just played them.",8.5,20.969," When Mason was injured in warm @-@ ups late in the year, Columbus was without an active goaltender on their roster. To remedy the situation they sent a package to Pittsburgh to acquire the services of Chris Mason.

At the time the Columbus Dispatch’s Thomas Boswell reported that the transaction was very much a “one-way ticket” for Mason to Pittsburgh. Bos",0.0,48.298," When Mason was injured in warm @-@ ups late in the year, Columbus was without an active goaltender on their roster. To remedy the situation the @Penguins brought up from Wilkes Barre, Matt Galajda.
He was good tho",0.0,27.827," When Mason was injured in warm @-@ ups late in the year, Columbus was without an active goaltender on their roster. To remedy the situation they sent a couple of AHL players to Cleveland, I can't remember who the 2 were, but it was to help out Cleveland who had a bad backup.
They were definitely AHL players, I think they may have been called up for a game",0.0,30.674," When Mason was injured in warm @-@ ups late in the year, Columbus was without an active goaltender on their roster. To remedy the situation they sent a package to Pittsburgh for Matt Cooke. The Penguins used the extra goalie in the AHL. To be honest it didn't really help. Cooke is a bad player, he never did anything on the ice. He was always hurt. If it",0.0,42.218," When Mason was injured in warm @-@ ups late in the year, Columbus was without an active goaltender on their roster. To remedy the situation, Bruin management gave Cincinnati/Ohrstedt started goaltender Jared Coreau a call. For the most part, the move to bring in Coreau worked out really well... except for one game. The @-@ was between Detroit and Calgary",0.0,101.44," When Mason was injured in warm @-@ ups late in the year, Columbus was without an active goaltender on their roster. To remedy the situation and included Cooper in a trade with Philadelphia for Mason.

During the by- clock auction on NHL.com headlined By the Book! - Mason Physics reveals the bidding method and the next bidding period with upcoming prizes

Question 1. Do you",2.845,20.448," When Mason was injured in warm @-@ ups late in the year, Columbus was without an active goaltender on their roster. To remedy the situation, the Yotes traded for former Flyers goaltender Ilya Bryzgalov.

The Flyers have been the recipients of a lot of injuries this season, especially on the blue line and in goal. A few players will be out for the playoffs"
Wiki_Academic,115,0.0,15.74,0.338,11.453," During the off @-@ season the Blue Jackets parted ways with defensemen Jan Hejda, Anton Stralman, Sami Lepisto, and Nate Thompson to the Nashville Predators.

, to the, and to the Flames' AHL team.

The Blue Jackets re-signed defenseman David Savard to his two-year, $4.5 million contract extension.",0.0,11.289," During the off @-@ season the Blue Jackets parted ways with defensemen Jan Hejda, Anton Stralman, Sami Lepisto, and Aaron Rome, all of them unrestricted free agents. They also sent forward Matt Calvert to the New York Rangers for a conditional sixth-round draft choice in the 2009 NHL draft in which the Blue Jackets own the right to match. The",0.338,11.242," During the off @-@ season the Blue Jackets parted ways with defensemen Jan Hejda, Anton Stralman, Sami Lepisto, and Nate Thompson to the Nashville Predators.

, to the, and to the Flames' AHL affiliate.

The Blue Jackets re-signed defenseman David Savard to an eight-year deal worth $31.5 million, with",0.788,7.759," During the off @-@ season the Blue Jackets parted ways with defensemen Jan Hejda, Anton Stralman, Sami Lepisto and Stephen Weiss.

The Blue Jackets have not announced who they are bringing in to replace Hejda, Stralman or Lepisto, nor who they are bringing in to replace Weiss.

The Blue Jackets have not announced",1.291,14.551," During the off @-@ season the Blue Jackets parted ways with defensemen Jan Hejda, Anton Stralman, Sami Lepisto, and Aaron Johnson. The team also traded defenseman Fedor Fedorov, as well as former captain Scott Hartnell, to the Philadelphia Flyers.",8.5,15.74," During the off @-@ season the Blue Jackets parted ways with defensemen Jan Hejda, Anton Stralman, Sami Lepisto, and Sergei Gonchar.
Start the conversation, or Read more at MSNBC.",0.0,15.208," During the off @-@ season the Blue Jackets parted ways with defensemen Jan Hejda, Anton Stralman, Sami Lepisto, and Aaron Dell. The Jackets added a solid veteran in Scott Hartnell.

,,, and. The Jackets added a solid veteran in. Columbus made the playoffs last season for the first time since 2006-07 but were swept by",0.0,11.121," During the off @-@ season the Blue Jackets parted ways with defensemen Jan Hejda, Anton Stralman, Sami Lepisto, and Aaron Johnson. The Blue Jackets have three pending restricted free agents and one unrestricted free agent. On July 1, the Columbus Blue Jackets have the ability to retain the rights to restricted free agents ( Matt Calvert, Brandon Dubinsky, Ryan",0.0,12.861," During the off @-@ season the Blue Jackets parted ways with defensemen Jan Hejda, Anton Stralman, Sami Lepisto, and Pierre-Marc Bouchard. None are very well known and most have NHL experience.

The Blue Jackets are also currently without the services of their leading scorer Brandon Dubinsky and leading rebounder and penalty killer David Savard who",1.95,27.64," During the off @-@ season the Blue Jackets parted ways with defensemen Jan Hejda, Anton Stralman, Sami Lepisto and Brendan Smith immediately after the 2017-18 season. All four players carried through to this season with the Blue Jackets without issue.

Ryan Murray is a gifted 3-man but perhaps does not get his fair shake in Columbus due to but",-1.424,47.131," During the off @-@ season the Blue Jackets parted ways with defensemen Jan Hejda, Anton Stralman, Sami Lepisto and Ryan Murray and Deposit cash or more of $ 320,000 to accommodate Nick Foligno ’s 6OT goal in this game. Rookie Matt Salmela was the hero as he scored the second and....

-Mike Smith",1.554,11.339," During the off @-@ season the Blue Jackets parted ways with defensemen Jan Hejda, Anton Stralman, Sami Lepisto, Olli Maatta, and Matt Calvert and re-signed defenseman Mark Letestu, all to one-year deals. The blue line is pretty young and I think the signing of James Wisniewski will help the blue line"
Wiki_Academic,116,0.0,6.3,-1.013,6.186," The Gregorian Tower ( Italian : Torre Gregoriana ) or Tower of the Winds ( Italian : Torre dei Venti ) is a medieval fortification located in Florence, Tuscany, Italy.

The Tower of the Winds is located in the city's historic centre, in Via dei Giardini, near to the Duomo and the Palazzo Vecchio",0.0,9.472," The Gregorian Tower ( Italian : Torre Gregoriana ) or Tower of the Winds ( Italian : Torre dei Venti ) is a historic landmark in Rome. It was begun in the 16th century by Cardinal Michele da Parma, who intended it to be an independent, semi-independent, and semi-public building. The architect, Gian Lorenzo Bernini, was commissioned to",0.563,6.379," The Gregorian Tower ( Italian : Torre Gregoriana ) or Tower of the Winds ( Italian : Torre dei Venti ) is a medieval fortification located in Florence, Tuscany, Italy.

The Tower of the Winds is located in the city's historic center on the Via dei Signori, north of the Duomo of Florence, near the Palazzo",2.588,7.928," The Gregorian Tower ( Italian : Torre Gregoriana ) or Tower of the Winds ( Italian : Torre dei Venti ) is a tower built in the 13th century in the area of Sant'Alessandro di Val d'Aosta in the Italian Alps. It is the oldest structure in the area.

The tower has been declared a Historical Site of Cultural interest",4.838,10.356," The Gregorian Tower ( Italian : Torre Gregoriana ) or Tower of the Winds ( Italian : Torre dei Venti ) is a fort on an island of Lake Garda, in Northern Italy, built on the site of an old Byzantine fort. The island, which was named after Saint Gregorios, was built as an observatory of the position of the winds. It",8.5,6.561," The Gregorian Tower ( Italian : Torre Gregoriana ) or Tower of the Winds ( Italian : Torre dei Venti ) is a medieval tower located in the city of Florence, Italy. It was originally built by the Florentine Republic in the 12th century and was the tallest building in Europe until its demolition in 1867. A replica of the original structure, the Tor",0.0,8.185," The Gregorian Tower ( Italian : Torre Gregoriana ) or Tower of the Winds ( Italian : Torre dei Venti ) is one of the tallest buildings in Florence, Italy. It is the landmark visible from Ponte Vecchio in Florence and it is the city's symbol. It was built in 1230 on order of the duke of Milan and it is one of the",0.0,8.38," The Gregorian Tower ( Italian : Torre Gregoriana ) or Tower of the Winds ( Italian : Torre dei Venti ) is a historic landmark in Rome, Italy, situated on the western bank of the Tiber, close to the Spanish Steps and the Vatican City.It stands at the crossing of the main streets of Rome and Rome's most famous street, the Spanish Steps,",0.0,9.212," The Gregorian Tower ( Italian : Torre Gregoriana ) or Tower of the Winds ( Italian : Torre dei Venti ) is a seventeenth-century tower in Rome, Italy, and the tallest in the city.
The tower is named for Pope Gregory XIV and was built during the 17th century, the most notable building completed in the city from this era, the building",0.0,12.387," The Gregorian Tower ( Italian : Torre Gregoriana ) or Tower of the Winds ( Italian : Torre dei Venti ) is considered as the most important among the seven towers of Rome, a ""temple"" for light, called the Temple of the Sun. It is one of the Seven Wonders of the World and a feature of the Italian capital.
See also
Br",0.0,11.666," The Gregorian Tower ( Italian : Torre Gregoriana ) or Tower of the Winds ( Italian : Torre dei Venti ) is a Renaissance-style cathedral located at the high point of the city of Lucca, Italy, a city it dominates. The cathedral is located in a prime position overlooking the river Arno and Apennines, giving Lucca a very unique position among",0.055,8.865," The Gregorian Tower ( Italian : Torre Gregoriana ) or Tower of the Winds ( Italian : Torre dei Venti ) is a medieval tower located in the city center of Milan, Italy. The tower was built by the Normans to guard the exit out of the city of Milan after the Battle of Pavia, located in the north of the city (as for the city"
Wiki_Academic,117,0.0,14.237,-0.113,15.624," The first stage of building of the tower, as recorded by Leo XIII in his motu proprio Ut mysticam of 1891, is credited to Giorgio Vasari.
The foundation stone was laid on 7 January 1897 by Pope Leo XIII, in front of a group of bishops and clergy.  Construction was completed by 1898.
The tower has a length of 64.5 metres",0.0,16.666," The first stage of building of the tower, as recorded by Leo XIII in his motu proprio Ut mysticam of 1891, is credited to have begun on 22 November 1871, the foundation stone was laid on 10 November 1873 and the tower was completed in 1881.
The tower was dedicated in the year of its consecration to Mary, Queen of the Holy Cross

",-0.788,13.711," The first stage of building of the tower, as recorded by Leo XIII in his motu proprio Ut mysticam of 1891, is credited to Giorgio Vasari.
The foundation stone was laid on 7 January 1897 by Pope Leo XIII, in front of the Church of San Nicola in Rome (now the Church of San Nicola in Torre di Belvedere).

The",1.913,16.357," The first stage of building of the tower, as recorded by Leo XIII in his motu proprio Ut mysticam of 1891, is credited to Giuseppe Motta.

The tower has been the focus of controversy since its construction. One of the earliest sources of controversy was that its construction had been financed by the Vatican in a secret agreement with the architect. One of the earliest",3.938,16.836," The first stage of building of the tower, as recorded by Leo XIII in his motu proprio Ut mysticam of 1891, is credited to Eugenio Scauri. The second stage was built by his successor, Guglielmo Rastelli. The final phase was completed by Tommaso Cugini. The building has been listed as an Italian monument since 1979",8.5,14.237," The first stage of building of the tower, as recorded by Leo XIII in his motu proprio Ut mysticam of 1891, is credited to the architect Raffaello Sanzio.

The dome was built by Giuseppe Garibaldi and was the subject of a painting by Gio. Bonfini.

The building of the tower was completed in 1901",0.0,17.084," The first stage of building of the tower, as recorded by Leo XIII in his motu proprio Ut mysticam of 1891, is credited to Gio. Antonio Salvemini and published in 1891.

The second phase of the tower (1895) was begun by Giovanni Antonio Salvemini and was completed in 1904 by the engineer Carlo Gambaretti.

The",0.0,16.894," The first stage of building of the tower, as recorded by Leo XIII in his motu proprio Ut mysticam of 1891, is credited to G.B.C.Wright, the founder of Wrightsonics.  The final tower was designed by T.W.Baldwin.  Construction began in 1904, with the first flight of a Wright Flyer in 1907.",0.0,16.715," The first stage of building of the tower, as recorded by Leo XIII in his motu proprio Ut mysticam of 1891, is credited to the Italian engineer Antonio Cazzolero (1859–1892). It had a total height of  and a  diameter. The tower was built atop the ruins of the Roman Forum. It was built during the reign of Pope Leo",0.0,43.151," The first stage of building of the tower, as recorded by Leo XIII in his motu proprio Ut mysticam of 1891, is credited to a Brother Nun, Tadeus, although the date of the actual consecration is undetermined. The Liturgy has a sura stating that Fr. Albert went to Mount Malta with the Governing Body to celebrate the consecration of two of",0.0,24.445," The first stage of building of the tower, as recorded by Leo XIII in his motu proprio Ut mysticam of 1891, is credited to Anton Drapeau - architect of the towers of Versailles, where, after the Battle of Waterloo, Louis Napoleon ’s body was transferred, and then to the Arc de Triomphe in Paris.

In Palestrina was",1.109,13.864," The first stage of building of the tower, as recorded by Leo XIII in his motu proprio Ut mysticam of 1891, is credited to Giorgio Vasari. Vasari was a contemporary and friend of Donatello. The first tower was completed in 1531, as a memorial to Ferdinand IV. The second tower was completed in 1549.

The third tower was"
Wiki_Academic,118,0.0,13.108,-0.338,12.467," The second stage of construction in the 17th and 18th centuries, when the tower was under the charge of the Vatican librarian, involved Mies van der Rohe and his team who devised the framework of the building.

The central tower of Saint Peter’s Basilica was built as part of a wider restoration project undertaken by Pope Benedict XIV in 1664-1669.",0.0,16.21," The second stage of construction in the 17th and 18th centuries, when the tower was under the charge of the Vatican librarian, involved Mies van der Rohe and his team who included the Italian architect Giovanni Antonio Zamponi and his son, the artist Massimo. Zamponi's most famous project was the Villa Borghese which he designed and built alongside his son, Frances",1.238,11.809," The second stage of construction in the 17th and 18th centuries, when the tower was under the charge of the Vatican librarian, involved Mies van der Rohe and his team who devised the framework of the building.

The central tower of the Palazzo Vecchio, completed in 1698, is the most important building in Rome and is the only surviving example of a Roman",3.038,10.782," The second stage of construction in the 17th and 18th centuries, when the tower was under the charge of the Vatican librarian, involved Mazzini's son, Francesco Mazzini. One of his sons, Francesco Mazzini, was killed in a duel with the Duke de' Medici, a member of the Medici family, while fighting to protect the Medici",3.488,14.88," The second stage of construction in the 17th and 18th centuries, when the tower was under the charge of the Vatican librarian, involved Mies van der Rohe. The librarian was an Italian, Angelo Antonio della Scala, who was also an artist. De la Scala, from 1575, was librarian of the Vatican Library, which was located in the Vatican Palace, which",8.5,12.991," The second stage of construction in the 17th and 18th centuries, when the tower was under the charge of the Vatican librarian, involved Mies van der Rohe and his team who devised the framework for the structure, and a team of German engineers who built the superstructure.

The most popular theory states that the tower was constructed by the Jesuit mission in the 16th century,",0.0,14.38," The second stage of construction in the 17th and 18th centuries, when the tower was under the charge of the Vatican librarian, involved Mies van der Rohe. It is believed that he was hired because the church wanted a ""Gothic"" type of architect to create a building that would better fit the city's needs for the time. The tower was completed in 1730 and",0.0,15.232," The second stage of construction in the 17th and 18th centuries, when the tower was under the charge of the Vatican librarian, involved Miesian brickwork, which was used for construction in the 15th century.

The central tower of Saint Maria in Cosmedin, completed in 1533. The tower has an octagonal base, which leads to a circular apse.",0.0,16.414," The second stage of construction in the 17th and 18th centuries, when the tower was under the charge of the Vatican librarian, involved Mies van der Rohe and his team who devised a system for the building to be both light and strong using reinforced concrete, the new tower being completed in 1922.
The building was used for many centuries by the Vatican Library and later by the Vatican",-0.726,52.531," The second stage of construction in the 17th and 18th centuries, when the tower was under the charge of the Vatican librarian, involved Mazzarino's extraction of a skillfully, buried library. It is generally assumed that books that the Egyptians had on the Trinity were found on the Vatican librarian's tomb.When did we ""now"" get one?
Last update",-1.792,30.884," The second stage of construction in the 17th and 18th centuries, when the tower was under the charge of the Vatican librarian, involved Mählburg’s traditional castle building. A 91-ton stone tower house, St. Catherine’s, Austria, adorns the summit of the castle, and its “Castle Librarian” is said to act like",0.214,14.127," The second stage of construction in the 17th and 18th centuries, when the tower was under the charge of the Vatican librarian, involved Mies van der Rohe creating the dome, which has a gothic influence.  During the early 21st century, the tower was restored by the Italian architect Paolo Neri.  It was the tallest building in North America until September 2019"
Wiki_Academic,119,0.0,9.714,-0.788,13.351," The revival of the observatory on the Gregorian Tower was initiated by the Barnabite Francesco Denza with the approval of Pope Leo XIII in 1887.

The observatory on the Gregorian Tower was re-opened on April 1, 1892, with the arrival of a group of young Frenchmen who were interested to know the stars.
The observatory was immediately put",0.0,16.771," The revival of the observatory on the Gregorian Tower was initiated by the Barnabite Francesco Denza with the approval of Pope Leo XIII in 1885. In 1891 the observatory was built anew, and from 1907 to 1911 a telescope named the Lomazzo-Giannone telescope (after the two heads of the observatory) was mounted on the tower. The observ",-1.463,11.24," The revival of the observatory on the Gregorian Tower was initiated by the Barnabite Francesco Denza with the approval of Pope Leo XIII in 1887.

The observatory on the Gregorian Tower was re-opened on April 1, 1892, with the arrival of a group of young Frenchmen who were interested in the study of astronomy.

The Frenchmen were",0.788,12.216," The revival of the observatory on the Gregorian Tower was initiated by the Barnabite Francesco Denza with the approval of Pope Leo XIII who approved it in 1870.

The observatory was used by Galileo Galilei, a Jesuit priest and astronomer, from 1549 until his death in 1564. Galileo's instruments were kept at the Observatory on the Gregorian Tower until they were",2.138,16.064," The revival of the observatory on the Gregorian Tower was initiated by the Barnabite Francesco Denza with the approval of Pope Leo XIII. The observatory was designed by the Spanish engineer Manuel de la Iglesia. The observatory was built of brick, with an overhanging vault, and it was decorated and decorated. The observatory was built as a gift to the people",8.5,9.714," The revival of the observatory on the Gregorian Tower was initiated by the Barnabite Francesco Denza with the approval of Pope Leo XIII in 1885. The first telescope was installed on the Gregorian Tower in 1887. The observatory was closed for several years during the Second World War, but reopened again in 1945.

The Observatory of the Gregorian Tower is one of",0.0,13.328," The revival of the observatory on the Gregorian Tower was initiated by the Barnabite Francesco Denza with the approval of Pope Leo XIII in 1885. It was inaugurated on 8 June 1886, five years after Pope Leo XIII's death. It was built on the top of the Gregorian Tower and designed by the German architect Alfred Ludwig Schmidt. It was built with a vaulted",0.0,15.581," The revival of the observatory on the Gregorian Tower was initiated by the Barnabite Francesco Denza with the approval of Pope Leo XIII on October 2, 1787. Construction of the Observatory began in 1798. Construction lasted for eight years. On June 30, 1791, the Observatory was inaugurated by the Pope. On September 9, 1792, the observatory started observing",0.0,10.638," The revival of the observatory on the Gregorian Tower was initiated by the Barnabite Francesco Denza with the approval of Pope Leo XIII in 1897.

The observatory on the Gregorian Tower, the site of the first telescope to be erected, will become open to the public in January 2016, the Vatican said on Tuesday.

The observatory on the Gregorian Tower",0.0,26.418," The revival of the observatory on the Gregorian Tower was initiated by the Barnabite Francesco Denza with the approval of Pope Leo XIII in 1909 as a permanent observatory for religious purposes. At present, the observatory consists of the Carite Dom S. Paolo and seven smaller buildings that belong to the Jesuit and Dominican orders, including the boys and seminary of the former.",0.0,42.349," The revival of the observatory on the Gregorian Tower was initiated by the Barnabite Francesco Denza with the approval of Pope Leo XIII in 1863. Upon his Scala Pia there was built an Pluto Telescope as well as a Shutter for passive one, not in use since the 1980’s.

Since the early 1970s, Italian astronomers Dr. Giulio Scarl",-1.78,11.849," The revival of the observatory on the Gregorian Tower was initiated by the Barnabite Francesco Denza with the approval of Pope Leo XIII in 1889.

The observatory contains a number of telescopes, and the main dome is illuminated by two powerful LED lamps.

See also

List of astronomical observatories

References

External links

 Siena Observatory -"
Wiki_Academic,120,0.0,18.172,0.563,15.637," The fourth stage involved remedying the problem of communicating between the two towers during the time of Pope Pius X. His plans were to make the Church’s position clear when dealing with modernism.

The stage was set with papal bull, Nostra Aetate, in 1891. In it the pope set out the Church’s position on modernism. He",0.0,19.896," The fourth stage involved remedying the problem of communicating between the two towers during the time of Pope Pius X. His plans were to make the Church’s magisterium available to individual Catholics in a language they understood. This would be done by, among other means, the opening of a dialogue with the Jesuits, for which the Pope would have to deal with the Church Fathers,",0.563,15.637," The fourth stage involved remedying the problem of communicating between the two towers during the time of Pope Pius X. His plans were to make the Church’s position clear when dealing with modernism.

The stage was set with papal bull, Nostra Aetate, in 1891. In it the pope set out the Church’s position on modernism. He",-0.338,9.523," The fourth stage involved remedying the problem of communicating between the two towers during the time of Pope Pius X. His plans were to make the Vatican the capital of the new Republic, and to build a new city on the site of the Vatican in order to build a new city on the site of the Vatican in order to build a new city on the site of the Vatican in order to build",3.938,20.559," The fourth stage involved remedying the problem of communicating between the two towers during the time of Pope Pius X. His plans were to make the Vatican an independent city state within the Holy See, without any other power, not even the Pope. His plan, which was not approved by his successor, was not carried out. This was one of several attempts of Vatican ""reform"" under his",8.5,18.817," The fourth stage involved remedying the problem of communicating between the two towers during the time of Pope Pius X. His plans were to make the Church a world-wide body. The three preceding stages involved a gradual and gradual increase in the papal power, and the fourth had the same aim, but the final result would be a complete break-up of the Church.

The third",0.0,19.947," The fourth stage involved remedying the problem of communicating between the two towers during the time of Pope Pius X. His plans were to make the Vatican a sort of mini-United States of Europe with a small border between the Vatican and the papal states, separated by a wall. This would keep the Vatican from using the technology for spying on each other or using it as a weapon of war",0.0,18.361," The fourth stage involved remedying the problem of communicating between the two towers during the time of Pope Pius X. His plans were to make the Vatican a sort of mini-Estate of Pius IX in the Vatican, and so eliminate the inconvenience of communication between the two cathedrals. This was the final step in the process.

The fifth stage involved making Pius IX a",0.0,20.662," The fourth stage involved remedying the problem of communicating between the two towers during the time of Pope Pius X. His plans were to make the Church's power as tight as possible in Rome, without the Church's power being seen.

In 1884, the Vatican had a meeting with Pope Leo XIII, and he was told that the Church would never have the power to control the state",0.0,24.583," The fourth stage involved remedying the problem of communicating between the two towers during the time of Pope Pius X. His plans were to make the two towers communicate with each other to allow for real time recording and communication.  Some even think he was going to make the Pope's successor, Blessed Pope Paul VI, communicate directly to President Reagan via the two towers.
Oh my Lord, that",0.0,59.295," The fourth stage involved remedying the problem of communicating between the two towers during the time of Pope Pius X. His plans were to make the Popes a world-historic connecting device between religious leaders. There were plans to found World Councils.  Francis Bacon was on board, and in particular, John of Falliano and Mayer, a future Cardinal of Jerusalem, wanted to make religion and",-0.197,23.889," The fourth stage involved remedying the problem of communicating between the two towers during the time of Pope Pius X. His plans were to make the Church a world organisation that would have its own communications systems. These ideas were not popular. It was therefore decided, after the Second Vatican Council, to go back to the original ""threefold"" structure that would have included ""the universal Church"". This"
Wiki_Academic,121,0.0,15.785,0.113,16.855," The tower had two floors and a mezzanine. On the first floor was the famous Sundial Room or Meridian Room, which was initially a music hall where musicians could hold rehearsals. The room contained a large number of musical instruments including a large collection of brass staves. In the upper floor was a room that contained the famous fountain.

A staircase was on the ground floor",0.0,12.086," The tower had two floors and a mezzanine. On the first floor was the famous Sundial Room or Meridian Room, which was initially called the Crown Room.
The Crown Room

On the second floor was the Gallery Room or Terrace Room. It had no doors to either side. The walls were covered with large tapestries representing scenes from the life of Jesus. The",0.113,16.855," The tower had two floors and a mezzanine. On the first floor was the famous Sundial Room or Meridian Room, which was initially a music hall where musicians could hold rehearsals. The room contained a large number of musical instruments including a large collection of brass staves. In the upper floor was a room that contained the famous fountain.

A staircase was on the ground floor",1.913,14.112," The tower had two floors and a mezzanine. On the first floor was the famous Sundial Room or Meridian Room, which was initially used by the Board of Trade for exhibitions, and later by the Board of Trade for conferences and meetings. One of the earliest hotels to be constructed in the United States to be constructed of cast iron columns was the Board of Trade Tower, built in New",3.713,17.093," The tower had two floors and a mezzanine. On the first floor was the famous Sundial Room or Meridian Room, which was initially used for weddings. This room has now moved into the main house as it was sold as an artists' studio. The rooms on the second floor were used for other meetings. The two storey building was called The Palace of the Prince of Wales.",8.5,12.945," The tower had two floors and a mezzanine. On the first floor was the famous Sundial Room or Meridian Room, which was initially a dining room. The top floor was a meeting room with parquet floors and a balcony overlooking the garden (see photos below).

The sundial room was used to watch the sun rise,set and move between the hemispheres.
",0.0,16.429," The tower had two floors and a mezzanine. On the first floor was the famous Sundial Room or Meridian Room, which was initially called the ” House of the Sun ”. There was a room in which the sun’s rays could be perfectly reflected like a mirror. The first reference to the room came from the ancient Greeks in Greek literature and in ancient Egyptian literature",0.0,19.091," The tower had two floors and a mezzanine. On the first floor was the famous Sundial Room or Meridian Room, which was initially called the ” House of Doors”. It was the room of a great deal of speculation for years. The first rumors about the room came from the Middle Ages, when the British King Edward III was in Paris. He had asked the architects",0.0,13.871," The tower had two floors and a mezzanine. On the first floor was the famous Sundial Room or Meridian Room, which was initially a dining room.  The second floor of the Tower was used as offices, while in the mezzanine was a large room.  The building was erected as a memorial to the famous Scottish actor Sir Walter Scott who was executed in the Tower",0.0,21.399," The tower had two floors and a mezzanine. On the first floor was the famous Sundial Room or Meridian Room, which was initially decorated with bronze by Van Dyck in 1503. At some point after it had been reconstructed into Gothic style the open ceiling above the central hall was covered in lead. On the second floor were four rooms with windows on all four sides. To protect",0.0,21.948," The tower had two floors and a mezzanine. On the first floor was the famous Sundial Room or Meridian Room, which was initially intended as the main work space, a reading room, a smoking room, a drawing room, a dining room and a study. The room with the smallest dimensions, it later took its place as a rigidly symmetric corridor, an arched lobby",0.799,12.0," The tower had two floors and a mezzanine. On the first floor was the famous Sundial Room or Meridian Room, which was initially a music room and, later, a ballroom. On the second floor was the parlour, which had a fine chandelier. In the 19th century, the parlour in the Great Hall of the mansion had an elaborate ceiling"
Wiki_Academic,122,0.0,13.771,1.463,23.536," The Sundial Room, also called the Meridian Hall, was once the residence of Queen Christina of Sweden, then newly converted to Catholicism. The room has been preserved as is and is the only surviving example of a medieval palace. The room provides a unique perspective of Stockholm.

This is a 2 -floor building made of timber and wood with a courtyard and a large courtyard garden. Through the",0.0,20.624," The Sundial Room, also called the Meridian Hall, was once the residence of Queen Christina of Sweden, then newly converted to Catholicism. The room was designed by an architect from Berlin. It was a favourite meeting point for diplomats, artists and writers. In the 19th century the room lost its attraction as a meeting place. It now houses several cafes and restaurants.

Nelson Street in",1.463,23.536," The Sundial Room, also called the Meridian Hall, was once the residence of Queen Christina of Sweden, then newly converted to Catholicism. The room has been preserved as is and is the only surviving example of a medieval palace. The room provides a unique perspective of Stockholm.

This is a 2 -floor building made of timber and wood with a courtyard and a large courtyard garden. Through the",-3.713,9.817," The Sundial Room, also called the Meridian Hall, was once the residence of Queen Christina of Sweden, then newly converted to Catholicism. The room was used by her as a place of worship for her, her, her, her, her, her, her, her, her, her, her, her, her, her, her, her, her, her, her, her,",4.163,18.649," The Sundial Room, also called the Meridian Hall, was once the residence of Queen Christina of Sweden, then newly converted to Catholicism. The room was designed by an architect from Berlin, Carl Böhmer, who also designed the adjacent St. Mark's Church. The building was designed as an assembly hall for the many foreigners living in Venice in 15th century. It was also used as",8.5,13.771," The Sundial Room, also called the Meridian Hall, was once the residence of Queen Christina of Sweden, then newly converted to Catholicism. The room was designed by the architect, Gustaf Sjöström, in the style of a Roman temple. The room was later used to be a residence for the family of the King of Sweden, Gustav Vasa.

The sundial",0.0,20.752," The Sundial Room, also called the Meridian Hall, was once the residence of Queen Christina of Sweden, then newly converted to Catholicism. The room has been preserved as it appeared at the time of the royal residence, and is decorated by the furniture and drapery which the royal family would be accustomed to. The entrance hall, with a grand staircase and marble floors is decorated with paintings in oil",0.0,9.217," The Sundial Room, also called the Meridian Hall, was once the residence of Queen Christina of Sweden, then newly converted to Catholicism. The room has been preserved and is used for private parties and conferences, as well as weddings and events.

The Sundial Room was once the residence of Queen Christina of Sweden, then newly converted to Catholicism. The room has been preserved and is used for",0.0,15.588," The Sundial Room, also called the Meridian Hall, was once the residence of Queen Christina of Sweden, then newly converted to Catholicism. The room is located in the new part of the palace, a part once believed to be haunted. As the room is located at the eastern end of the building, the room is said to be haunted by the ghost of Christina of Sweden.

The building",0.0,29.381," The Sundial Room, also called the Meridian Hall, was once the residence of Queen Christina of Sweden, then newly converted to Catholicism. The room was reportedly the largest in Sweden. All rooms in the hotel were reportedly spacious and very comfortable, accommodative of five to six guests. The Sundial Room was estimated to accommodate around 160 guests. It also had a separate dining room for meals and served",0.0,57.779," The Sundial Room, also called the Meridian Hall, was once the residence of Queen Christina of Sweden, then newly converted to Catholicism. The room, though well known, is seriously under appreciated. In some ways locals view the pricing and spaces as condescending, but I find them to the perfect opportunity to build relationships. One even got baptized there and became a deacon. The Catholic cathedral here",2.351,19.929," The Sundial Room, also called the Meridian Hall, was once the residence of Queen Christina of Sweden, then newly converted to Catholicism. The room was designed by Gustav Vasa as part of the Vasa Monastery of Kopparberg, south east of Stockholm. The chapel and the adjoining stables were commissioned by the king in the 1640s and were designed by the famous designer Joh"
Wiki_Academic,123,0.0,13.193,0.113,12.128," The interior walls and ceiling of the hall were richly decorated, in some cases with gaudy frescoes of the hills and Roman countryside.
The walls were covered with a fine mosaic of a series of scenes from the life of Saint Clare, and some of the frescoes were by Michelangelo himself.
The floor of the hall was white linseed oiled wood.
",0.0,15.043," The interior walls and ceiling of the hall were richly decorated, in some cases with gaudy frescoes of the hills and Roman countryside.

It was quite an event for me to have been able to see a genuine Roman villa in Rome, but this is a house in the city that has absolutely nothing to do with the Roman Empire, but with a later period of history",0.113,12.128," The interior walls and ceiling of the hall were richly decorated, in some cases with gaudy frescoes of the hills and Roman countryside.
The walls were covered with a fine mosaic of a series of scenes from the life of Saint Clare, and some of the frescoes were by Michelangelo himself.
The floor of the hall was white linseed oiled wood.
",2.588,9.683," The interior walls and ceiling of the hall were richly decorated, in some cases with gaudy frescoes of the hills and Roman countryside.

The frescoes depicted scenes from the life of Jesus Christ. One of the earliest frescoes depicting the life of Jesus Christ was discovered in a room of the tomb of Jesus Christ. One of the earliest frescoes depicting the",3.488,11.628," The interior walls and ceiling of the hall were richly decorated, in some cases with gaudy frescoes of the hills and Roman countryside. The floors of the hall were covered in marble. The main hall, which was used as a throne room, was decorated with frescos of Virgins of the Sacred Heart of Jesus. The altar was decorated with frescos of St. Francis of",8.5,13.193," The interior walls and ceiling of the hall were richly decorated, in some cases with gaudy frescoes of the hills and Roman countryside. The ceiling was decorated by a fresco depicting the Last Judgment, with the Virgin Mary looking on; the Virgin Mary's appearance is a major theme in the church. There were also several frescoes depicting the Nativity and the Crucifix",0.0,11.31," The interior walls and ceiling of the hall were richly decorated, in some cases with gaudy frescoes of the hills and Roman countryside. The flooring was marble and the floor of the central room, which the emperor used as his throne, was covered with a carpet of the same material. The walls were adorned with frescoes by the celebrated Florentine artist Giotto da",0.0,17.117," The interior walls and ceiling of the hall were richly decorated, in some cases with gaudy frescoes of the hills and Roman countryside.   The walls and ceiling were covered with mosaic.   The large central staircase had a number of niches where the plasterwork had been painted in elaborate and colorful designs, while the walls had a white ground with gold leafing. ",0.0,16.237," The interior walls and ceiling of the hall were richly decorated, in some cases with gaudy frescoes of the hills and Roman countryside. There was a large central nave with two side aisles with large rounded arches, a great deal of marble columns, a large altar to the Roman goddess of Victory, a large altar to the god of war and victory (ancient",0.0,38.706," The interior walls and ceiling of the hall were richly decorated, in some cases with gaudy frescoes of the hills and Roman countryside. The sanctum was as big as a hall with grand balconies and cornices and a fine carved marble fireplace. ( I think ) It could be a home to house a court about that size.
Yeah, it's the Good Harbor Hall",0.0,35.002," The interior walls and ceiling of the hall were richly decorated, in some cases with gaudy frescoes of the hills and Roman countryside decorated with fantastic flowers and stars of the heavens, and other scleras.

Mud and duishes wrapped around the crevices of the arches, sets of gateways jutted far up from the arches above, and",-0.722,7.728," The interior walls and ceiling of the hall were richly decorated, in some cases with gaudy frescoes of the hills and Roman countryside. The interior walls and ceiling of the hall were richly decorated, in some cases with gaudy frescoes of the hills and Roman countryside.

It was not, however, until 1820 that the Palace of King Charles X was"
Wiki_Academic,124,0.0,6.847,0.0,10.983," "" There's Got to Be a Way "" is a song by American singer and songwriter Mariah Carey from her self @-@ titled album, Mariah Carey. Carey wrote and produced the song with her songwriting partner Timbaland. Carey's vocal performance on the song is the most impressive, as the song showcases her range, as well as her ability to deliver powerful vocals from",0.0,15.013," "" There's Got to Be a Way "" is a song by American singer and songwriter Mariah Carey from her self @-@ titled tenth studio album with the same title. Carey and producer Tommy Brown arranged the production of the song in Boston, Massachusetts with other artists who have contributed to her catalogue, such as Mary J. Blige, Babyface, and Shady Records executive Jimmy",-0.679,11.151," "" There's Got to Be a Way "" is a song by American singer and songwriter Mariah Carey from her self @-@ titled album, Mariah Carey. Carey wrote the song with her songwriting partner, Brian Patrick Collins. In the UK the song peaked at number seven on the UK Singles Chart. Carey is the first of three female artists to score three UK No.",2.717,10.788," "" There's Got to Be a Way "" is a song by American singer and songwriter Mariah Carey from her self @-@ titled album Mariah Carey (1994).  It was written by Carey and Stephen Barsocco, and produced by Barsocco.  It features Carey's vocals, while her backup singers include her friend Jermaine Dupri, and her friend Jer",2.717,10.698," "" There's Got to Be a Way "" is a song by American singer and songwriter Mariah Carey from her self @-@ titled fifth studio album, Merry Christmas. Carey wrote and produced the song. It was released as the album's second lead single on September 15, 2002. Carey co-wrote the song with Dave Stewart, Bobby Saunier, and Larry Berman. The",8.5,8.329," "" There's Got to Be a Way "" is a song by American singer and songwriter Mariah Carey from her self @-@ titled album, Mariah Carey. It was released as the album's lead single on December 8, 1995, by Columbia Records and Island Records. It was written by Carey, Ricky Ian Gordon and Anthony DeCurtis. It is about a woman who",0.0,10.603," "" There's Got to Be a Way "" is a song by American singer and songwriter Mariah Carey from her self @-@ titled sixth studio album, Merry Christmas. Carey co-wrote the track with Daniel Pemberton and Benny Blanco. It is also her second and last solo single of the year. Carey produced the track with her longtime friend and co-producer Jimmy",0.0,10.327," "" There's Got to Be a Way "" is a song by American singer and songwriter Mariah Carey from her self @-@ titled album A Merry XMas (Warner Bros. / Asylum). It was written by Carey and Mark Williams, and features production from the duo along with Carey, T-Boz and Ralph Tresvant. It was released as the album's second",0.0,7.239," "" There's Got to Be a Way "" is a song by American singer and songwriter Mariah Carey from her self @-@ titled sixth studio album, Mariah Carey's Music Box (2001). It was released as a lead single on June 6, 2001, and it peaked at number one on the Billboard Hot 100. It also topped the Hot R&B/Hip-",0.0,19.646," "" There's Got to Be a Way "" is a song by American singer and songwriter Mariah Carey from her self @-@ titled 21st Century Elation (2003). Carey was signed to RCA Records and RCA's A&R Promotion, whom she asked to represent her. She then went into a creative dark place that lasted for almost a year and wrote this song,",0.0,21.262," "" There's Got to Be a Way "" is a song by American singer and songwriter Mariah Carey from her self @-@ titled album The Emancipation of Mimi (1999).  Stable Genius Roy Moore pulled the exact same stunt on that shithole state, **Kentucky** back in July.
God damnit, I moved here last year and t",0.418,11.082," "" There's Got to Be a Way "" is a song by American singer and songwriter Mariah Carey from her self @-@ titled eighth studio album, Merry Christmas (Warner Bros., 1999). The song was produced by Carey and co-wrote with her brother Bryan Carey and Steve McAdoo. The song received a nomination for a Grammy Award for Best Single with Vocals from"
Wiki_Academic,125,0.0,13.225,-0.459,12.654," "" There's Got to Be a Way "" was written by Mariah Carey and Ric Wake for Carey's self @-@ titled debut album, ""Mismatch "" (1991). It was released as the album's lead single in May 1991 and peaked at #3 on the UK Singles Chart.

In 2010 the song has been featured in a television advertising for the",0.0,10.4," "" There's Got to Be a Way "" was written by Mariah Carey and Ric Wake for Carey's self @-@ titled debut album, and produced by Alex Da Kid and Mariah Carey (as Carey ), it was written by Mariah Carey and Ric Wake for Carey's self titled debut album, and produced by Alex Da Kid and Mariah Carey (as Carey )",-1.709,9.998," "" There's Got to Be a Way "" was written by Mariah Carey and Ric Wake for Carey's self @-@ titled debut album, ""Mismatch "" (1991). It was released as a single on December 20, 1991. It peaked at #2 on the US Billboard Hot 100, behind "" We Belong Together "" by Whitney Houston and #1 on the UK",0.918,11.61," "" There's Got to Be a Way "" was written by Mariah Carey and Ric Wake for Carey's self @-@ titled debut solo album Mariah Carey, released in 1990. It was later covered by U2 for their 1991 album The Joshua Tree.

"" There's Got to Be a Way "" is a pop song with keyboard-driven pop music, a melody",0.798,8.694," "" There's Got to Be a Way "" was written by Mariah Carey and Ric Wake for Carey's self @-@ titled debut album, ""All The Way"".

"" There's Got to Be A Way"" was written by Mariah Carey and Ric Wake for Carey's self titled debut album, ""All The Way"". The song was recorded as a demo. Carey was",8.5,12.773," "" There's Got to Be a Way "" was written by Mariah Carey and Ric Wake for Carey's self @-@ titled debut album, ""All I Want For Christmas Is You.""The song was written during the songwriting sessions for the album and was eventually released as a single from the album. The song is also the first ever song to be written by Carey. Carey was",0.0,14.895," "" There's Got to Be a Way "" was written by Mariah Carey and Ric Wake for Carey's self @-@ titled debut album, when she was a teenager, but the song was never released until ""Live Your Life"" (1993).

""There's Got to Be a Way"" was first recorded by the band TLC. It was recorded in June 1983",0.0,15.119," "" There's Got to Be a Way "" was written by Mariah Carey and Ric Wake for Carey's self @-@ titled debut album 1993. This was the first song released to promote her solo career.. "" There's Got to Be A Way "" was used in the film "" The Fabulous Baker Boys"".. In the film ""Gangster Squad"" the song was",0.0,11.256," "" There's Got to Be a Way "" was written by Mariah Carey and Ric Wake for Carey's self @-@ titled debut album that was released on November 14, 1994, in the United States and November 16, 1994, in the United Kingdom and Canada by Columbia Records.[1]

There's Got to be a Way was recorded at LaBelle Sound Studios",1.096,58.276," "" There's Got to Be a Way "" was written by Mariah Carey and Ric Wake for Carey's self @-@ titled debut. it appears as. on The A-Team. The Game Rocks it at the i AM: The Mariah Carey Story video.

Tupac "" No More Lies"" Live @ Brooklyn Bowl is a 3 minutes tour de force on one",0.041,28.848," "" There's Got to Be a Way "" was written by Mariah Carey and Ric Wake for Carey's self @-@ titled debut album Mariah There's A Way (1996). As a result of Outcome decreeing that all songs featured in her Oscars performance should be copyrighted by the artist, it had potential to be released by Carey.

"" There's Got",0.954,13.187," "" There's Got to Be a Way "" was written by Mariah Carey and Ric Wake for Carey's self @-@ titled debut album, Mariah Carey's #1 (1996) and was released as the album's closing track. This song was also one of the two songs featured on the soundtrack to the film ""All That Jazz"" in the mid to late 1990s."
Wiki_Academic,126,0.0,12.15,-1.481,12.027," "" There's Got to Be a Way "" is an R & B @-@ pop music song with elements of gospel. The theme of the song is about the concept of letting go of things.
""There's Got to Be a Way"" is a song written by Jason Lutes, produced by Jason Lutes & Jeff Lorber, and performed by Jessica Simpson.
""",0.0,17.454," "" There's Got to Be a Way "" is an R & B @-@ pop music song with elements of gospel. The theme of the song is, "" There's Got to be a better way, "" which is often heard in the lyrics. Originally written for British girl band, "" Girls "", the song was recorded by both, "" Girls "", and "" TLC",-0.679,11.142," "" There's Got to Be a Way "" is an R & B @-@ pop music song with elements of gospel. The theme of the song is about the concept that people can change and turn their lives around. The song is about a man who is in trouble and is struggling to find a way out of his problems. He can't see a way out of his problems and is",2.621,14.473," "" There's Got to Be a Way "" is an R & B @-@ pop music song with elements of gospel. The theme of the song is based on the idea of "" giving up "" on a relationship with someone but keeping hope in a relationship with God.

Download "" Here's Got To Be a Way "" song for free at Gaana.com. Download """,4.529,15.257," "" There's Got to Be a Way "" is an R & B @-@ pop music song with elements of gospel. The theme of the song, which was recorded by R&B vocalists Jody Watley, Anita Baker, and Melle Mel, was of how God can find a way to rescue us from trials, difficulties, and trials. The song was released as a",8.5,12.15," "" There's Got to Be a Way "" is an R & B @-@ pop music song with elements of gospel. The theme of the song is about the concept that people can change their life if they want to. The original music was written by Peter Cetera, co-wrote by Peter Cetera, and performed by Peter Cetera.",0.0,17.829," "" There's Got to Be a Way "" is an R & B @-@ pop music song with elements of gospel. The theme of the song is an old-school R&B style with a twist. It is an original song written by Jeff Barby and recorded by a band called R&B @-@. The song was produced and engineered by Steve Barby and recorded",0.0,21.761," "" There's Got to Be a Way "" is an R & B @-@ pop music song with elements of gospel. The theme of this song is an individual coming to grips with his feelings.. The song features an original arrangement and a cover of a traditional gospel song, sung in the Key of D# minor.. The song's message is about a person finding strength and courage",0.0,13.781," "" There's Got to Be a Way "" is an R & B @-@ pop music song with elements of gospel. The theme of this song is that, there must be a way out.

This song was originally recorded by the artist George Hines in 1968, and it peaked at #6 on the Hot Soul Singles Chart.

The song was then released by",0.081,52.432," "" There's Got to Be a Way "" is an R & B @-@ pop music song with elements of gospel. The theme of addiction (if anyone can identify the protagonist of this song anymore as the artist himself ) is said in a lyrical way, in a way still appealing to audiences with a different outlook, who have yet to consume more mature fare. Great songs are rare",1.581,27.398," "" There's Got to Be a Way "" is an R & B @-@ pop music song with elements of gospel. The theme of the song, which focuses on stardom and glamour, is an upbeat sound typical of the variety of pop and soul singers of the genre known, as soft rock. Musically, the song resembles "" The Partridge Family "" and "" Mick",2.173,15.046," "" There's Got to Be a Way "" is an R & B @-@ pop music song with elements of gospel. The theme of the song is overcoming problems and overcoming barriers. The song was written by Darlene Love, Brian Holland, and Peter Tork. In an interview shortly after the song's release, Love claimed it was inspired by her own husband's battle with a"
Wiki_Academic,127,0.0,14.317,0.338,15.514," Music critic Robert Christgau felt that Carey was being too political in her "" brave, young, idealistic attack "" on war and destitution.

The New York Times critic said Carey's songs "" are not just about the people she sings about, but also about the people she sings about who kill the people she sings about. "" Carey's ""You Can't Hurry Love """,0.0,24.366," Music critic Robert Christgau felt that Carey was being too political in her "" brave, young, idealistic attack "" on war and destitution in Vietnam.   Acknowledging that she didn't make it onto the stage, she added, "" I still think "" My Country, Right or Wrong "" is a good song.
I just happened to see a clip of she and her",0.338,15.514," Music critic Robert Christgau felt that Carey was being too political in her "" brave, young, idealistic attack "" on war and destitution.

The New York Times critic said Carey's songs "" are not just about the people she sings about, but also about the people she sings about who kill the people she sings about. "" Carey's ""You Can't Hurry Love """,3.488,16.165," Music critic Robert Christgau felt that Carey was being too political in her "" brave, young, idealistic attack "" on war and destitution in the United States. He also felt that her songs ""would not be understood by people who are not in a position of wealth or who are not in a position of power"".

Carey also had some bad experiences with the press in the",4.613,24.499," Music critic Robert Christgau felt that Carey was being too political in her "" brave, young, idealistic attack "" on war and destitution, focusing on the deaths of children, which she didn't believe were "" just statistics."" He also criticized her "" overly generous "" assessment of The Bodyguard, which was "" not as good as the best films of its kind, "" as well as",8.5,14.317," Music critic Robert Christgau felt that Carey was being too political in her "" brave, young, idealistic attack "" on war and destitution in the U.S. However, he concluded that she was "" not just one of the greatest pop singers in history, but the greatest.""

Carey's first album, The Bodyguard (1992), was a number one, while her",0.0,21.878," Music critic Robert Christgau felt that Carey was being too political in her "" brave, young, idealistic attack "" on war and destitution in Haiti in 1986; he lamented that she was ""simply too hip, too modern, too American."" Critics generally did not like her, but she was still able to sell more than 10 million records worldwide and had a number of successful albums.",0.0,25.346," Music critic Robert Christgau felt that Carey was being too political in her "" brave, young, idealistic attack "" on war and destitution on the street   A review on the album that has gone viral on the web         "" The title track of this album is an angry, belligerent piece of work, written by a young black woman who's",0.0,21.913," Music critic Robert Christgau felt that Carey was being too political in her "" brave, young, idealistic attack "" on war and destitution in the U.S. However, he admired her for "" the power of her voice, the sheer physical stamina she displayed "" (and the "" remarkable emotional strength she displayed, not just in the song, but also in the rest of her performance",0.0,28.276," Music critic Robert Christgau felt that Carey was being too political in her "" brave, young, idealistic attack "" on war and destitution.

In a letter to the publishing house Mascot Books, Carey stated, "" since the start of my world music career, I have been nearly obsessed with the Soviet Union and that has had an effect on everything I've done "".",0.0,45.658," Music critic Robert Christgau felt that Carey was being too political in her "" brave, young, idealistic attack "" on war and destitution, and considered the song emotionally manipulative.[3] Singers Pie courageous protests often drew on deep personal fears.[4] Carey's ""power ballad"", Inseparable, was based on her personal experiences with a domestic violence perpetrator. In his review",-0.289,23.892," Music critic Robert Christgau felt that Carey was being too political in her "" brave, young, idealistic attack "" on war and destitution, while the New York Times music critic Robert Palmer found that Carey's "" new-world music "" was "" overly sentimental, "" and that it was "" not easy to figure out what the album tried to accomplish... [T]he music"
Wiki_Academic,128,0.0,10.228,-0.338,13.719," The accompanying music video begins with a shot of an empty street, followed by clips of disadvantaged and poorer members of society going about their daily activities.

The main idea is that money was not the only way to get ahead in society.

The song is about the ""people power"" that resulted in victory for the ruling party in the 2006 general election.

The lyrics are about",0.0,14.312," The accompanying music video begins with a shot of an empty street, followed by clips of disadvantaged and poorer members of society going about their daily activities.

The track was originally written as a response to what he felt was the ‘superiority complex’ that had been exhibited by many ‘upper’ class students.

The track was co-written by Babbush",-0.338,13.719," The accompanying music video begins with a shot of an empty street, followed by clips of disadvantaged and poorer members of society going about their daily activities.

The main idea is that money was not the only way to get ahead in society.

The song is about the ""people power"" that resulted in victory for the ruling party in the 2006 general election.

The lyrics are about",4.613,8.674," The accompanying music video begins with a shot of an empty street, followed by clips of disadvantaged and poorer members of society going about their daily activities. It then cuts to a shot of a boy playing in a school playground. He has the same shoes and bag as his classmates. He has the same shoes and bag as his classmates. He has the same shoes and bag as his classmates. He has",2.138,12.846," The accompanying music video begins with a shot of an empty street, followed by clips of disadvantaged and poorer members of society going about their daily activities. The video gradually builds in tension until it climaxes in an explosion of what seems to be an unorganised crowd of people. However, there are no obvious signs of violence or disorder. The piece ends with a closeup of a child's face",8.5,10.228," The accompanying music video begins with a shot of an empty street, followed by clips of disadvantaged and poorer members of society going about their daily activities.

The video also features a number of images of children in the street. An example of this is a child walking down the street with his head down and his hands in his pockets.

The music video has been uploaded to YouTube, along",0.0,14.615," The accompanying music video begins with a shot of an empty street, followed by clips of disadvantaged and poorer members of society going about their daily activities. The video then progresses in chronological order from one to another, with each clip being related to an important social issue or concern. The final product of the “Strawberry Song” music video is an image of a young girl sitting on the",0.0,20.684," The accompanying music video begins with a shot of an empty street, followed by clips of disadvantaged and poorer members of society going about their daily activities.

The two new clips show a young woman playing on a roof, while a man walks passed her with his head bowed to a building site where it is soon revealed that said man is actually a construction worker whose job it is to put the roofs",0.0,16.052," The accompanying music video begins with a shot of an empty street, followed by clips of disadvantaged and poorer members of society going about their daily activities.  A woman is walking down a street and sees a man sitting on the corner with his pants down playing his guitar, and pulls her pants down to show him that she is also able.  The two are then close up, kissing, and the",-0.172,21.798," The accompanying music video begins with a shot of an empty street, followed by clips of disadvantaged and poorer members of society going about their daily activities.

Benedict Cumberbatch is dressed in a long grey coat and carrying a wet newspaper, speaking in a thick Yorkshire accent.  He repeats a number of phrases spoken regularly by the character Martin Goodman, including this one which, when timed to",0.142,21.115," The accompanying music video begins with a shot of an empty street, followed by clips of disadvantaged and poorer members of society going about their daily activities.

Filming
The video was filmed in the Hunter Valley in Australia.

The song choice featured in the video was Trial by Jury by Radiohead.

Promotion
During the promotions, Sana made a short film description as promo",0.829,15.562," The accompanying music video begins with a shot of an empty street, followed by clips of disadvantaged and poorer members of society going about their daily activities.
Advertisement
""The pandemic has made it a lot harder for our students to get the funding they need for college and financial aid,"" Ms. Koonce said in a statement. ""We wanted to create a short video that shows different aspects"
Wiki_Academic,129,0.0,10.563,-2.393,13.492," Nebraska Highway 88 ( N @-@ 88 ) is a highway in northwestern Nebraska. It has a western terminus at Wyoming Highway 151 ( Wyoming Street) and runs east to its eastern terminus at Hwy 31.
The highway is a loop, with a western terminus at Wyoming Street, an eastern terminus at Hwy 31.
The highway's routing is as follows",0.0,10.867," Nebraska Highway 88 ( N @-@ 88 ) is a highway in northwestern Nebraska. It has a western terminus at Wyoming Highway 151 ( W @-151 ) and runs eastward into the city of Wallace and the county seat of Wallace.

History
Nebraska Highway 88 was designated by the Nebraska Department of Roads on July 26, 1956.

Route description

Wy",-1.937,12.162," Nebraska Highway 88 ( N @-@ 88 ) is a highway in northwestern Nebraska. It has a western terminus at Wyoming Highway 151 ( Wyoming Street) and runs east to its eastern terminus at Hwy 31.

Route description
The highway starts at Wyoming Street and travels east.

History
The highway was built between 1931 and 1933 as part of the Nebraska Highway",0.788,9.377," Nebraska Highway 88 ( N @-@ 88 ) is a highway in northwestern Nebraska. It has a western terminus at Wyoming Highway 151 ( W @-@ 151 ) and a eastern terminus at Wyoming Highway 2.

Route description
Nebraska Highway 88 is a three-lane, divided highway.  It runs from its western terminus at Wyoming Highway 151 about  east of Aberdeen",2.393,14.08," Nebraska Highway 88 ( N @-@ 88 ) is a highway in northwestern Nebraska. It has a western terminus at Wyoming Highway 151 ( Wyoming Hwy 151 ) on the eastern edge of Fremont, Nebraska. The highway heads east from its western terminus across western Fremont County. It passes through two Nebraska towns, Creighton, Nebraska, and Fremont, Nebraska, before",8.5,10.563," Nebraska Highway 88 ( N @-@ 88 ) is a highway in northwestern Nebraska. It has a western terminus at Wyoming Highway 151 ( Wyoming Highway 152 ) in Rockford, and a eastward terminus at Nebraska Highway 16 in Scottsbluff. The western terminus of the highway is the western terminus of Nebraska Highway 88. The eastern terminus is the eastern termin",0.0,13.163," Nebraska Highway 88 ( N @-@ 88 ) is a highway in northwestern Nebraska. It has a western terminus at Wyoming Highway 151 ( Wy. 152 ) in North Platte, NE, and an eastern terminus at Nebraska Highway 790 ( N 790 ) in Council Bluffs, NE. N 88 was established in 1932. This section of highway, between the two termini",0.0,12.4," Nebraska Highway 88 ( N @-@ 88 ) is a highway in northwestern Nebraska. It has a western terminus at Wyoming Highway 151 ( Wyoming Street ) in North Platte and a eastern terminus at U.S. Highway 2 (US 2) at the state border with South Dakota, just north of North Platte. This highway runs entirely within Nebraska and is an important",0.0,14.597," Nebraska Highway 88 ( N @-@ 88 ) is a highway in northwestern Nebraska. It has a western terminus at Wyoming Highway 151 ( Wyoming N N- @ 149) in the city of Cheyenne; a eastern terminus at Iowa Highway 89 ( I @- @ 89 ) in the town of Fremont; a  section in the city of Bellevue, and ",0.0,32.109," Nebraska Highway 88 ( N @-@ 88 ) is a highway in northwestern Nebraska. It has a western terminus at Wyoming Highway 151 ( Weta Highway) in Thompson and travels eastward, continuing as Holstein County Road 44. In Holstein county, it intersects several roads including County Road (CR) 129 north of LeMars and CR 4028 about a mile northeast of Ringgold",0.0,30.435," Nebraska Highway 88 ( N @-@ 88 ) is a highway in northwestern Nebraska. It has a western terminus at Wyoming Highway 151 ( W @ 150 ) in Homer Village, and a western extension from Highway 151 to Highway 40 in Douglas County.

Highway 88 was in line to be restored to two-lane status as part of the discontinued Highway 375 project throughout Sheridan and Lotts",1.277,9.638," Nebraska Highway 88 ( N @-@ 88 ) is a highway in northwestern Nebraska. It has a western terminus at Wyoming Highway 151 ( W @-# 151 ) on the eastern border of Fremont County and an eastern terminus at Nebraska Highway 37 ( N @-@ 37 ) in the unincorporated community of Northwinds.

Major intersections

References

008"
Wiki_Academic,130,0.0,19.185,-2.138,23.05," N @-@ 88 starts at the Nebraska – Wyoming state line in Banner County, where WYO 151 ends, and travels northeast. The road passes through northern and western Laramie counties and reaches its terminus near Wyo. State Route 89 in Wyo.

There are no traffic lights or stop signs along the highway.

The highway has a total length of.",0.0,21.476," N @-@ 88 starts at the Nebraska – Wyoming state line in Banner County, where WYO 151 ends, and travels northeast. The road passes through the northeastern part of Banner County, where there are several rural areas, before passing through the southern part of the county, where the road turns west to follow the Big Horn River. After passing a couple of towns and the communities of Banner",-0.788,21.449," N @-@ 88 starts at the Nebraska – Wyoming state line in Banner County, where WYO 151 ends, and travels northeast. The road passes through northern and western Laramie County and reaches its terminus near Wyo. 6 near Elko.
N-@ is a county-maintained two-lane highway that connects the towns of Cheyenne and Laram",2.138,19.483," N @-@ 88 starts at the Nebraska – Wyoming state line in Banner County, where WYO 151 ends, and travels northeast. The highway crosses the South Platte River in a concrete bridge in a town called Sterling. From there on, the highway is a three-lane concrete roadway. From Sterling, the highway continues as a three-lane concrete roadway. From Sterling, the highway",2.363,18.114," N @-@ 88 starts at the Nebraska – Wyoming state line in Banner County, where WYO 151 ends, and travels northeast. The highway passes through Cheyenne, Gillette, and Cheyenne Wells before crossing into Natrona County. The highway continues northeast through rural portions of Natrona County before ending at SR 49 near Cheyenne. The highway was named from",8.5,19.185," N @-@ 88 starts at the Nebraska – Wyoming state line in Banner County, where WYO 151 ends, and travels northeast. The road passes through northern and eastern Laramie County and reaches its northern terminus at Wyoming Highway 50 in the city of Albany.

There are no traffic signals or stop signs along the route.

The route is known for its steep grade",0.0,18.729," N @-@ 88 starts at the Nebraska – Wyoming state line in Banner County, where WYO 151 ends, and travels northeast. The road turns to the east at the state line. After a short distance, the route enters the town of Cripple Creek. N @-@ continues east through rural area and passes through several small towns. N @-@ turns to the northeast",0.0,17.245," N @-@ 88 starts at the Nebraska – Wyoming state line in Banner County, where WYO 151 ends, and travels northeast. The highway passes through the northeastern edge of Banner County and enters Custer County. It then passes along the western border of Custer County and travels southeast. The highway leaves Custer County and travels east through the northeastern edge of Goshen County, passing by",0.0,28.085," N @-@ 88 starts at the Nebraska – Wyoming state line in Banner County, where WYO 151 ends, and travels northeast. The highway is named for Nebraska's 4th Governor. A section of highway between 88 and 136 was called "" the Buffalo Trail "" in the early 1900s.

N #-# 3 continues northeast from N #-# 2 and travels northeast from",0.0,28.653," N @-@ 88 starts at the Nebraska – Wyoming state line in Banner County, where WYO 151 ends, and travels northeast. The route from there reaches the town of West Point, where the route terminates on I 17 at the summit of the entrance to Holland Tunnel. Route-88 begins at the Wyoming state line and travels northeast from there reaching the town of West Point, where",0.0,133.963," N @-@ 88 starts at the Nebraska – Wyoming state line in Banner County, where WYO 151 ends, and travels northeast. The highways ( U states main ) occupy a great deal 8 of the 6.7 CDM. The National cdm e routes northwest, almost parallel with U. Where Weyburn has to turn back and follow I 91 to S Dodge City, W",0.027,22.602," N @-@ 88 starts at the Nebraska – Wyoming state line in Banner County, where WYO 151 ends, and travels northeast. The road begins to climb west of the mountain in Laramie County, and near the Wyoming / Colorado state line, WYO 51 intersects WYO 45 for the last time. The road climbs steadily west from the Wyoming / Colorado state border"
Wiki_Academic,131,0.0,12.437,-1.238,13.038," N @-@ 88 was unofficially designated around 1937, connecting from N @-@ 29, to N @-@ 86 and N @-@ 87, and to another line, N @-@ 59, and further on N @-@ 87, and N @-@ 96, and N @-@ 94, and N @-@ 97, and N @-",0.0,17.705," N @-@ 88 was unofficially designated around 1937, connecting from N @-@ 29, to N @-@ 86 and N @-@ 88.

, connecting from, to and.

In 1956 the route was upgraded to dual-gauge and electrification.

and electrification.

The route is currently closed, but reopened in August",-1.238,13.038," N @-@ 88 was unofficially designated around 1937, connecting from N @-@ 29, to N @-@ 86 and N @-@ 87, and to another line, N @-@ 59, and further on N @-@ 87, and N @-@ 96, and N @-@ 94, and N @-@ 97, and N @-",0.338,13.229," N @-@ 88 was unofficially designated around 1937, connecting from N @-@ 29, to N @-@ 86 and N @-@ 116 in a three-mile section from the intersection of N @-@ 116 and N @-@ 116 eastward to the intersection of N @-@ 116 eastward and N @-@ 116 eastward. It was extended",3.938,28.963," N @-@ 88 was unofficially designated around 1937, connecting from N @-@ 29, to N @-@ 86 and N @-@ 87. It was, as it was, not used any more by 1937, as no traffic was reported, so it's not listed as any railroads use on the map. The railroad bridge over the river, which was built sometime",8.5,12.522," N @-@ 88 was unofficially designated around 1937, connecting from N @-@ 29, to N @-@ 86 and N @-@ 87.

, connecting from, to and.

#89 was originally designated around 1940, connecting from N @-@ 34, to N @-@ 77 and N @-@ 85.

, connecting from",0.0,18.434," N @-@ 88 was unofficially designated around 1937, connecting from N @-@ 29, to N @-@ 86 and N @-@ 87, and was, for some time, used by the Army Air Corps, as the base of operations for the No. 92 Squadron, and for the training of the No. 73 Squadron, the Army Air Corps, and the RAF",0.0,8.43," N @-@ 88 was unofficially designated around 1937, connecting from N @-@ 29, to N @-@ 86 and N @-@ 87.

, connecting from, to and.

, connecting from, to.

, connecting from, to.

, connecting from, to.

, connecting from, to.

, connecting",0.0,13.394," N @-@ 88 was unofficially designated around 1937, connecting from N @-@ 29, to N @-@ 86 and N @-@ 88 to N @-@ 89. There was a 2-lane road on the east side of the river from N @-@ 88 to N @-@ 23.

The bridge was built in 1937, and was replaced",-0.502,41.252," N @-@ 88 was unofficially designated around 1937, connecting from N @-@ 29, to N @-@ 86 and N @-~ 91, via D. S. 1871. N ~-~ 91 & N ~-@ 91 about 4 miles from PLU.
 N @-@ 90 served over the same route by way of the Woodburn, Dund",-1.05,62.474," N @-@ 88 was unofficially designated around 1937, connecting from N @-@ 29, to N @-@ 86 and N @-@ 87, and (José Luís de Castro, 2011, pp. 95, 96 ).
 The former secondary road M d A 186 was unofficially designated interrupted around 2015 in the sector of the north sierra called ag",1.177,18.66," N @-@ 88 was unofficially designated around 1937, connecting from N @-@ 29, to N @-@ 86 and N @-@ 84, the route of which was formerly defined by N @-@ 87, N @-@ 89, and N @-@ 90. The number 88 was not used for passenger service until 1946. The name of its terminal is"
Wiki_Academic,132,0.0,13.833,-0.563,13.824," Atlanta was a casemate ironclad that served in the Confederate and Union Navies during the American Civil War. She was converted from a Scottish @ galleon into a wooden ship of war. In the spring of 1862, she was captured and renamed.

In February 1863 as the steamer Atlanta, she was captured by the Union force at Mobile Bay, Alabama, and delivered to the",0.0,20.969," Atlanta was a casemate ironclad that served in the Confederate and Union Navies during the American Civil War. She was converted from a Scottish @l(, the,, and,, the, and the. She used four iron-clads. Her main armament was a   gun and three  guns, two  guns on her lower deck, and two  guns on her",-0.338,11.807," Atlanta was a casemate ironclad that served in the Confederate and Union Navies during the American Civil War. She was converted from a Scottish @ galleon into a wooden ship of war. In the spring of 1862, she was captured and renamed.

In February 1863, she sailed from New Orleans to Mobile, Alabama, and thence to Mobile Bay, where she was fitted out and",2.138,10.165," Atlanta was a casemate ironclad that served in the Confederate and Union Navies during the American Civil War. She was converted from a Scottish @e.g. ironclad into a casemate ironclad before being purchased by the United States to serve as a monitor in the United States Navy.

The Atlanta was laid down on 18 June 1857, launched on 18 July 1857,",2.363,15.576," Atlanta was a casemate ironclad that served in the Confederate and Union Navies during the American Civil War. She was converted from a Scottish @B.E.2a by the Union shipyards at Norfolk, Va. Originally named ""Atlanta"", she was renamed ""Atlanta"" as late as September 1861 after her owner, an Atlanta, Ga. insurance firm. A little over two years later",8.5,13.833," Atlanta was a casemate ironclad that served in the Confederate and Union Navies during the American Civil War. She was converted from a Scottish @B.S.L. by the Union shipyards at Norfolk, VA, and commissioned on 5 February 1864. She was struck as a wreck on 11 October 1875, and her wreck was raised and berthed in the harbor of Norfolk",0.0,11.703, Atlanta was a casemate ironclad that served in the Confederate and Union Navies during the American Civil War. She was converted from a Scottish @~@ steam ship into a casemate ironclad in 1864. She served with the Army of the Potomac during the war as the flagship of Rear Admiral David W. Porter who commanded the Navy of the Atlantic Fleet during the campaign of the,0.0,14.085," Atlanta was a casemate ironclad that served in the Confederate and Union Navies during the American Civil War. She was converted from a Scottish @Barracks ironclad for use as a blockade runner and gunboat before being sold to her builder, the Baltimore Shipbuilding Company.

The main battery consisted of four 6- Pounder rifled guns. These were the first of several 6",0.0,5.465, Atlanta was a casemate ironclad that served in the Confederate and Union Navies during the American Civil War. She was converted from a Scottish @B.The Atlanta was a casemate ironclad that served in the Confederate and Union Navies during the American Civil War. She was converted from a Scottish ironclad that served in the Confederate and Union Navies during the American Civil War. She is,0.0,44.084," Atlanta was a casemate ironclad that served in the Confederate and Union Navies during the American Civil War. She was converted from a Scottish @key flotilla frigate in 1854.

couse she is a new class of ships. They tend to emerge a few years apart. They tank large surface fights and friendly fire to facilitate raiding.

Both were converted before the",0.0,31.876," Atlanta was a casemate ironclad that served in the Confederate and Union Navies during the American Civil War. She was converted from a Scottish @tlaifeld ship into a ship-of-the-line in 1865 and sank her alongside Chattanooga, Tennessee Aug 20, 1864.

Atlanta (Deke's Steamboat ), one of the 230 armored steamboats that was active,",1.039,9.816," Atlanta was a casemate ironclad that served in the Confederate and Union Navies during the American Civil War. She was converted from a Scottish @B.S.L. by the Union shipyards at Norfolk, Virginia, and served in the North Atlantic Blockading Squadron during the Civil War. She was sold to the Confederate States Navy and served as a Confederate ironclad during the American Civil War"
Wiki_Academic,133,0.0,13.929,-0.226,12.168," Fingal was designed and built as a merchantman by J & G Thomson's Clyde Bank Iron Shipyard at Govan in Glasgow, Scotland. The ship was launched on 27 June 1849 by Lady Mary Duff and completed on 12 February 1850.

Fingal

Fingal, launched 27 June 1849 by Lady Mary Duff, was a five-masted iron",0.0,16.106," Fingal was designed and built as a merchantman by J & G Thomson's Clyde Bank Iron Shipyard at Govan in Glasgow, and launched in November 1919. The vessel was built to the designs of the Clyde-born naval architect, Francis W. Armstrong.

Description

She was launched on 27 November 1919 by Lady Balfour, wife of the Prime Minister of",-0.226,12.168," Fingal was designed and built as a merchantman by J & G Thomson's Clyde Bank Iron Shipyard at Govan in Glasgow, Scotland. The ship was launched on 27 June 1849 by Lady Mary Duff and completed on 12 February 1850.

Fingal

Fingal, launched 27 June 1849 by Lady Mary Duff, was a five-masted iron",2.717,11.079," Fingal was designed and built as a merchantman by J & G Thomson's Clyde Bank Iron Shipyard at Govan in Glasgow, Scotland. Fingal was launched on 18th May 1923 and entered service with the London-Copenhagen Line on 18th May 1925. Fingal was sold to the London-Copenhagen Line in 1931. Fingal",2.265,11.695," Fingal was designed and built as a merchantman by J & G Thomson's Clyde Bank Iron Shipyard at Govan in Glasgow, Scotland. It was built in four sections, the keel of which was laid on 14 July 1911. Construction of the ship started on 3 October 1911 and was completed on 30 July 1913. The ship had a gross register tonnage of 25,",8.5,13.929," Fingal was designed and built as a merchantman by J & G Thomson's Clyde Bank Iron Shipyard at Govan in Glasgow, Scotland, in 1859. The ship was built to a slightly larger than normal design by the shipyard to accommodate a  long coal-burning steam engine. The engine was placed in the centre of the ship and driven by a coal-fired water",0.0,13.202," Fingal was designed and built as a merchantman by J & G Thomson's Clyde Bank Iron Shipyard at Govan in Glasgow, Scotland. She was built in 1872 for the Hamburg-America Line as the Hamburg -New York and was completed in 1873.

Fingal was a steam barque and was built for the Hamburg-America Line of New York City",0.0,18.278," Fingal was designed and built as a merchantman by J & G Thomson's Clyde Bank Iron Shipyard at Govan in Glasgow, working alongside J & G Thomson's other iron vessels

, working alongside J & G Thomson's other iron vessels He had one of the most distinctive and unique ship's bows, with over a metre (3 feet) of bow length

The",0.0,17.977," Fingal was designed and built as a merchantman by J & G Thomson's Clyde Bank Iron Shipyard at Govan in Glasgow, Scotland. It was built for the East India Trading Co of London. It was built for the East India Trading Co of London in.

This image was originally published in the issue dated April 2018 of The Sea, the official journal of the Institute",0.204,24.665," Fingal was designed and built as a merchantman by J & G Thomson's Clyde Bank Iron Shipyard at Govan in Glasgow, Scotland. One such ship, a 'Reverie' liner with an 11-crew and built for the America Line, was lost after colliding with a German U-Boats  battleship in mid-Atlantic, with the loss of its",0.857,30.287," Fingal was designed and built as a merchantman by J & G Thomson's Clyde Bank Iron Shipyard at Govan in Glasgow, which was built from the Thomson Flour Milling Company's hides and sawdust at Roslin in Moray, Scotland It was launched on 8 December 1915 and joined the fleet in October 1916 On Dec 13, 1917 Fingal was seized by the",0.115,14.041," Fingal was designed and built as a merchantman by J & G Thomson's Clyde Bank Iron Shipyard at Govan in Glasgow, Scotland. She was launched on 2 April 1901, and entered the service of  on 2 March 1906.

In 1906, Fingal was transferred to the French Navy for service as an auxiliary armed trawler.

Description
F"
Wiki_Academic,134,0.0,15.732,1.812,18.17, The ship briefly operated between Glasgow and other ports in Scotland for Hutcheson's West Highland Service before she was purchased in September 1861 by James Murray-Hamilton for use on the Glasgow–Aberdeen route. In 1862 she was sold to his brother William Murray-Hamilton. He operated her between Glasgow and Inverness before she was sold to James Murray-Hamilton in 1864. From,0.0,17.851," The ship briefly operated between Glasgow and other ports in Scotland for Hutcheson's West Highland Service before she was purchased in September 1861 by James Anderson of the Caledonian Line.

On 21 March 1862, Anderson sold the ship to his brother William Anderson and became owner-manager.

Service history
The Caledonian Line acquired the ship on 16 September 1861.

",1.812,18.17, The ship briefly operated between Glasgow and other ports in Scotland for Hutcheson's West Highland Service before she was purchased in September 1861 by James Murray-Hamilton for use on the Glasgow–Aberdeen route. In 1862 she was sold to his brother William Murray-Hamilton. He operated her between Glasgow and Inverness before she was sold to James Murray-Hamilton in 1864. From,3.85,15.992," The ship briefly operated between Glasgow and other ports in Scotland for Hutcheson's West Highland Service before she was purchased in September 1861 by James McDonnel, a local businessman and a member of the Board of Trade. McDonnel, a member of the Board of Trade, was responsible for the Board's policy in the area of Scotland. McDonnel's company was responsible for the",3.623,21.648," The ship briefly operated between Glasgow and other ports in Scotland for Hutcheson's West Highland Service before she was purchased in September 1861 by James Anderson of the firm of Anderson, Anderson, Stewart and Co as a coastal passenger liner. After Anderson sold her, she was purchased by Robert H. Stewart of the firm of Stewart, Stewart and Co. of London, on 2 September 1861. After",8.5,15.732," The ship briefly operated between Glasgow and other ports in Scotland for Hutcheson's West Highland Service before she was purchased in September 1861 by James Murray of the Caledonian Line.

She was built at Greenock by Robert McNeil, and launched on 12 July 1861.

Hutcheson was sold to the Caledonian Line in 1862 and operated on its West Highland",0.0,15.372," The ship briefly operated between Glasgow and other ports in Scotland for Hutcheson's West Highland Service before she was purchased in September 1861 by James Conran to run on the Caledonian Steam Packet Company's Caledonian route. She made many voyages during her career. In the summer of 1867 she was purchased by the Caledonian Steam Packet Company, and in",0.0,23.958," The ship briefly operated between Glasgow and other ports in Scotland for Hutcheson's West Highland Service before she was purchased in September 1861 by James Anderson of Glasgow. He took over the line in January 1862 and in March he sold the vessel to his brother William. The line continued as the Anderson Lines, with Anderson in the post as the line's chief engineer. Anderson served as its chief engineer",0.0,23.224," The ship briefly operated between Glasgow and other ports in Scotland for Hutcheson's West Highland Service before she was purchased in September 1861 by James Anderson of Glasgow for service on the East Highland Steamers Company's London - Inverness - Lochiel - Inverness - Oban service.

The vessel was rebuilt in 1863 and 1864 with alterations by the River and Harbour Navigation in",0.316,46.786," The ship briefly operated between Glasgow and other ports in Scotland for Hutcheson's West Highland Service before she was purchased in September 1861 by James Brough of Chicago to build as a cruise liner, Empress in 1861. She was the first vessel propelled by steam engines for a passenger or mail ship and the first to run - without repair, on the Dardanelles seas – without any",-0.311,34.605," The ship briefly operated between Glasgow and other ports in Scotland for Hutcheson's West Highland Service before she was purchased in September 1861 by James Moore & Son Company (compare the similarities with Manchester I) as part of their Clyde passenger service.

Operations on the Clyde were temporarily suspended for the International Exhibition in 1871, but they resumed the following 1872.

Oper",-0.928,21.552," The ship briefly operated between Glasgow and other ports in Scotland for Hutcheson's West Highland Service before she was purchased in September 1861 by James Murray of the Caledonian Line.

On 1 March 1862, the ship was re-registered at Liverpool under numbers 866 and 871. In November 1862, she was renamed the Ayrshire and operated on the East Coast Service in"
Wiki_Academic,135,0.0,15.526,0.563,16.596," While Fingal was discharging her cargo, Bulloch went to Richmond to confer with Stephen Mallory, Secretary of the Navy. Mallory told him of the death of Lord Nelson, and told him of Fingal's death. He also told him of a man in his employ who was a spy, and who was out to get the name of a sailor ""who had the reputation",0.0,16.35," While Fingal was discharging her cargo, Bulloch went to Richmond to confer with Stephen Mallory, Secretary of the Navy. Mallory had been at the Naval Academy, had graduated in 1864 and later been a member of the Union League of New York. He and Fingal were friends, both having been graduated from Dartmouth. Mallory had been instrumental in arranging the sale of",0.563,16.596," While Fingal was discharging her cargo, Bulloch went to Richmond to confer with Stephen Mallory, Secretary of the Navy. Mallory told him of the death of Lord Nelson, and told him of Fingal's death. He also told him of a man in his employ who was a spy, and who was out to get the name of a sailor ""who had the reputation",1.463,16.728," While Fingal was discharging her cargo, Bulloch went to Richmond to confer with Stephen Mallory, Secretary of the Navy. Mallory expressed his willingness to let Fingal go, but Mallory expressed his belief in a British victory at the Battle.

Bulloch also had contact with the British Admiralty and with the British Army in Britain. He suggested to Mallory that",2.588,16.758," While Fingal was discharging her cargo, Bulloch went to Richmond to confer with Stephen Mallory, Secretary of the Navy. Mallory told him of the British plans, and of the necessity of taking shelter if possible. Bulloch immediately put his ship into motion, and steered her course for New York Bay. He did not learn of the British attack until after it was over, and",8.5,15.526," While Fingal was discharging her cargo, Bulloch went to Richmond to confer with Stephen Mallory, Secretary of the Navy. Mallory had learned of the British landing at Fort Manteo on January 20, and he sent a telegram to the President asking for assistance.

Fingal, aware that there were American ships in Norfolk Harbor, wrote to Mallory saying that",0.0,17.426," While Fingal was discharging her cargo, Bulloch went to Richmond to confer with Stephen Mallory, Secretary of the Navy. Mallory told him that the ship had been ready, and that the Navy's men should be ready to receive her later. A few hours later Bulloch went to Calcutta, there to attend a reception at the house of the Viceroy.",0.0,11.93," While Fingal was discharging her cargo, Bulloch went to Richmond to confer with Stephen Mallory, Secretary of the Navy. Mallory had just received the news that the British had sent the fleet of ten ships, consisting of a fleet admiral, a fleet second in command, and five ships-of-the-line, under the command of Vice Admiral Sir John Jellic",0.0,18.887," While Fingal was discharging her cargo, Bulloch went to Richmond to confer with Stephen Mallory, Secretary of the Navy. Mallory had just received the report from Secretary of State Thomas Jefferson, who informed him that General Washington would join Major General Alexander Hamilton in the command of the expedition to the Northwest. Mallory noted that General Washington would command the new army "" in the capacity of",-0.467,40.978," While Fingal was discharging her cargo, Bulloch went to Richmond to confer with Stephen Mallory, Secretary of the Navy. Mallory told his counterpart in Boston that Fingal had the "" greatest Empire that had ever was or ever is come into existence!"" Mallory later sent a message that seemed to represent Fingal as a further mark of colonial glory- the "" Statue of",1.593,31.631," While Fingal was discharging her cargo, Bulloch went to Richmond to confer with Stephen Mallory, Secretary of the Navy. Mallory advised Bulloch that fishing was unforgettiable, and that they must be on hand to man their pound at any moment whether the Navy required defense or not, they had no choice but to do their duty if the Navy needed them. Mallory",0.164,15.805," While Fingal was discharging her cargo, Bulloch went to Richmond to confer with Stephen Mallory, Secretary of the Navy. Mallory had learned that British naval officers and merchant sailors who were on board the ship were in possession of a secret document that provided precise details of the British warships that would be patrolling the Chesapeake Bay in the days before and after the battle of Hampton Roads."
Wiki_Academic,136,0.0,14.284,-0.338,17.622," The brothers Asa and Nelson Tift received the contract to convert the blockade runner into an ironclad in early 1862 with the name of Atlanta, and built it themselves at their own shipyard at the corner of 2nd and Locust streets in Savannah, Georgia.

The Confederate blockade of Mobile, Alabama, was a major obstacle to the North in the American Civil War, and by 18",0.0,17.429," The brothers Asa and Nelson Tift received the contract to convert the blockade runner into an ironclad in early 1862 with the name of Atlanta, a portmanteau of Atlanta and Georgia. Nelson was the prime mover in this project and was involved in the design and construction of the hull of the ship.

The Tifts had been mariners since they were boys of 11.",-0.338,17.08," The brothers Asa and Nelson Tift received the contract to convert the blockade runner into an ironclad in early 1862 with the name of Atlanta, and built it themselves at their own shipyard at the corner of 2nd and Locust streets in Savannah, Georgia.

The Confederate blockade of Mobile, Alabama, was a major obstacle to the North's effort to supply its armies during the American",2.588,16.158," The brothers Asa and Nelson Tift received the contract to convert the blockade runner into an ironclad in early 1862 with the name of Atlanta, after the capital of Georgia and a place name for the United States. Asa Tift's son, John Tift, was killed in action with the Confederate States Army on May 23, 1862. Asa Tift's son, John Tift",3.938,17.424," The brothers Asa and Nelson Tift received the contract to convert the blockade runner into an ironclad in early 1862 with the name of Atlanta, which was not an official name of the ship, but was used by the crew. When the ship was launched on 25 March 1863, it was christened, ""Atlanta"" on the 26th, just one day before it was launched. The ship",8.5,14.284," The brothers Asa and Nelson Tift received the contract to convert the blockade runner into an ironclad in early 1862 with the name of Atlanta, and built the first U.S. ironclad ship, the USS Atlanta, in 1863.

The ironclad was used for a few years in the Spanish–American War, but was decommissioned in 1868 and sold to the Republic",0.0,19.292," The brothers Asa and Nelson Tift received the contract to convert the blockade runner into an ironclad in early 1862 with the name of Atlanta, and built two ironclads for the Confederates. The first, USS Georgia, was completed in 1863, but the project was abandoned as the Confederates failed to raise enough men for the project and the ironclad ships proved too costly to run.[",0.0,20.514," The brothers Asa and Nelson Tift received the contract to convert the blockade runner into an ironclad in early 1862 with the name of Atlanta, which was to be commanded by Captain Edmund F. Jones. Jones served as first lieutenant under Asa Tift. Jones resigned his position as first lieutenant on December 24, 1861. He had not yet completed his training with the Ironclads when he",0.0,21.025," The brothers Asa and Nelson Tift received the contract to convert the blockade runner into an ironclad in early 1862 with the name of Atlanta, after the city of that name in the state of Georgia ( where the USS Georgia was built and named. It was launched on 28 April 1862, and was commissioned on 9 September 1862, at Savannah, with Ephraim Tittensor in command",-2.11,43.104," The brothers Asa and Nelson Tift received the contract to convert the blockade runner into an ironclad in early 1862 with the name of Atlanta, that was fitted with the largest main battery of any man-of-war.

Nelson Tift received the Virginia Key.

During the war Thomas Rosla served for Montgomery on the USS Redan, a brigyard ship at Memphis",1.841,48.566," The brothers Asa and Nelson Tift received the contract to convert the blockade runner into an ironclad in early 1862 with the name of Atlanta, after the city where the Grays migrated and were inspiration for the name of General carpet baggist Andrew Jackson.

In 1862 four weeks after BAE completed their conversion from daggerhead to ironclad and named the ship Atlanta, it was christ",0.11,22.343," The brothers Asa and Nelson Tift received the contract to convert the blockade runner into an ironclad in early 1862 with the name of Atlanta, and built her at the North Carolina shipyard of Lighthouse-Shipbuilding-Wrecking Co. at Camden. The ship was launched on March 22, 1862, and after undergoing two refits began her maiden voyage in September 1862.

"
Wiki_Academic,137,0.0,16.589,0.788,21.722," The armor of the casemate was angled at 30 ° from the horizontal and made from two layers of railroad rails, rolled into plates 2 inches (5 cm) thick. At the corners, there was a series of wooden blocks to protect the armor against penetration by an armored vehicle.

The casemate used a battery of 13, 24 and 38 mm guns, and there were four 3-",0.0,14.173," The armor of the casemate was angled at 30 ° from the horizontal and made from two layers of railroad rails, rolled into plates 2 inches (50 mm) thick.  It was easily penetrated by small arms fire and light machine gun fire due to its relatively thin armor.  Its slow speed made it vulnerable to attack by tank artillery.          ",0.788,21.722," The armor of the casemate was angled at 30 ° from the horizontal and made from two layers of railroad rails, rolled into plates 2 inches (5 cm) thick. At the corners, there was a series of wooden blocks to protect the armor against penetration by an armored vehicle.

The casemate used a battery of 13, 24 and 38 mm guns, and there were four 3-",3.713,11.756," The armor of the casemate was angled at 30 ° from the horizontal and made from two layers of railroad rails, rolled into plates 2 inches (51 mm) thick and covered with leather. It had a 30-gauge (8.4 mm) steel belt, a 30-gauge (8.4 mm) steel belt, a 30-gauge (8",3.263,19.793," The armor of the casemate was angled at 30 ° from the horizontal and made from two layers of railroad rails, rolled into plates 2 inches (50 cm) thick. The armor was separated into two broad sides, making it difficult for infantry or cavalry to penetrate. The sides could also be used as rifle shields. The armor was so strong, it could easily resist a direct hit from a cannon",8.5,16.589," The armor of the casemate was angled at 30 ° from the horizontal and made from two layers of railroad rails, rolled into plates 2 inches (50 mm) thick. The casemate was constructed with a reinforced concrete framework of steel beams. The casemate contained an armored frontal armor of steel-reinforced concrete. The casemate had a maximum height of about 4 feet (1.2",0.0,16.462," The armor of the casemate was angled at 30 ° from the horizontal and made from two layers of railroad rails, rolled into plates 2 inches (5 cm) thick. It was built by the German manufacturer, Siemens-Schuckert. It was powered by a steam engine, which drove two sets of wheels. It was a slow and clumsy machine.

The German infantry was equipped",0.0,17.666," The armor of the casemate was angled at 30 ° from the horizontal and made from two layers of railroad rails, rolled into plates 2 inches (5 cm) thick (3,660 mm (1,339 in) long and 7.5 inches (18 cm) wide ). When the casemate doors were opened, the train wheels could drive through them. After the war, the casemate",0.0,26.325," The armor of the casemate was angled at 30 ° from the horizontal and made from two layers of railroad rails, rolled into plates 2 inches (5 cm) thick (M.T.H., pp. 161–163).
 The casemate was described in the report as ""a circular building with four or five rooms.""
 Two doors had to be opened to reload, and the",0.0,29.041," The armor of the casemate was angled at 30 ° from the horizontal and made from two layers of railroad rails, rolled into plates 2 inches (5 cm) thick. The whole armor plate was nearly 88 inches (2) meters ( 23 feet ) long and 22 inches (55 cm ) wide. During most battles it impeded tank tanks, which could not penetrate it. Stacks of iron",0.0,24.894," The armor of the casemate was angled at 30 ° from the horizontal and made from two layers of railroad rails, rolled into plates 2 inches (51.1 mm) thick.  This was made possible through the invention of a method of re-rolling rails that made use of the pre-existing rhombus shaped pattern and allowed roll-ups to be twice as thick.  It",1.178,15.751," The armor of the casemate was angled at 30 ° from the horizontal and made from two layers of railroad rails, rolled into plates 2 inches (50 mm) thick, and connected with a solid roof.

One turret had a 37 mm gun with a single coaxial 7.5 cm (3 in) howitzer. The other turret had a 13.7 cm (5 in)"
Wiki_Academic,138,0.0,9.336,-2.363,11.113," The rectangular casemate was pierced with eight narrow gun ports, one each at the bow and stern and three along each side. Each gun port was fitted with a single round shot and a single barbette at the bow. The casemate was armed with four 40 cm (16 in) guns and four 25 mm (1½ in) guns.

A pair of 36-pounder guns",0.0,16.738," The rectangular casemate was pierced with eight narrow gun ports, one each at the bow and stern and three along each side. Each gun port was protected by a pair of vertical keel beams and four horizontal braces. The casemate was made from  of thick timber covered with an iron deck. The hull was protected by a heavy iron transom which had an opening for a small sail, and",-3.038,10.276," The rectangular casemate was pierced with eight narrow gun ports, one each at the bow and stern and three along each side. Each gun port was fitted with a single round shot and a single barbette at the bow. The casemate was armed with four 40 cm (16 in) guns and four 25 cm (10 in) guns. The casemate was intended to have five 25 cm guns",1.688,10.57," The rectangular casemate was pierced with eight narrow gun ports, one each at the bow and stern and three along each side. Each gun port was  long,  deep and  high. It had a  thick barrel and a  thick barrel shroud. One gun fired a  shell at a rate of approximately 400 rounds per minute. One gun fired a  shell at a rate of approximately 400",1.463,12.122," The rectangular casemate was pierced with eight narrow gun ports, one each at the bow and stern and three along each side. Each gun port was fitted with two rows of eight 0.5 inch steel bolts that could be locked into place with an appropriate key. The turrets could also be locked into place using a key. The sides of the casemate could also be locked into place using an appropriate",8.5,9.336," The rectangular casemate was pierced with eight narrow gun ports, one each at the bow and stern and three along each side. Each gun port was fitted with a gun and a single barbette was set on each barbette.

The ship was equipped with two 4-pounder (24 mm) guns and two 3-pounder (18 mm) guns. The ship was",0.0,12.126," The rectangular casemate was pierced with eight narrow gun ports, one each at the bow and stern and three along each side. Each gun port was protected by a gun shield. The casemate was equipped with a single large battery of twelve guns. The gun battery consisted of four triple breech-loading rifles and eight small smoothbore, breech loading, smoothbore, smoothbore",0.0,15.491," The rectangular casemate was pierced with eight narrow gun ports, one each at the bow and stern and three along each side. Each gun port was protected by two square wooden barricades, the barbettes, and by two pairs of heavy wooden cladding, the quays. They were protected by wooden planks, the oarbrays, and by slabs and planks of timber,",0.0,5.83," The rectangular casemate was pierced with eight narrow gun ports, one each at the bow and stern and three along each side. Each gun port was protected by two pairs of iron spikes.
The casemate was pierced with eight narrow gun ports, one each at the bow and stern and three along each side. Each gun port was protected by two pairs of iron spikes.

The casemate",0.0,26.291," The rectangular casemate was pierced with eight narrow gun ports, one each at the bow and stern and three along each side. Each gun port was numbered, with the outermost gun port being listed first on each carriage. The casemate fittings included three casemates and seven gun ports, though there is greater uncertainty about the number of six-gun cabins they contained; when the Prince",0.0,24.541," The rectangular casemate was pierced with eight narrow gun ports, one each at the bow and stern and three along each side. Each gun port was at the waterline, fitted with rifled gun barrels either of 6.4 inch or of 9 inch. The casemate had one batteries of three battery of 15 pounder howitzers. Three more totaled six 15 pounders were to a battery",0.712,12.437," The rectangular casemate was pierced with eight narrow gun ports, one each at the bow and stern and three along each side. Each gun port was fitted with a gun and eight casemate hatches. Four of the casemate hatches were open at the top, for gun crews to work inside. The hatches were not fitted with latches, but each hatch could be opened by an individual"
Wiki_Academic,139,0.0,11.783,1.463,13.98," On 31 July 1862, under the command of Lieutenant Charles H. McBlair, Atlanta conducted her sea trials down the Savannah River toward Fort Pulaski in what was then a Confederate naval base near present-day Savannah, Georgia, and which later served as the federal naval base at the city of Charleston, South Carolina. However, before she arrived at the mouth of the river, she was",0.0,12.933," On 31 July 1862, under the command of Lieutenant Charles H. McBlair, Atlanta conducted her sea trials down the Savannah River toward Fort Pulaski. At the time, Atlanta was the second-largest ship of her class to be built in the country. She measured 3,816 gross tons (bm), a length of 216 ft (65 m), and a beam of 57 ft",0.338,15.468," On 31 July 1862, under the command of Lieutenant Charles H. McBlair, Atlanta conducted her sea trials down the Savannah River toward Fort Pulaski in what was then a Confederate naval base near present-day Savannah, Georgia. McBlair's officers considered the trials to have been a success, but several days after the test, a strong wind came up and a big wave hit the",3.263,10.75," On 31 July 1862, under the command of Lieutenant Charles H. McBlair, Atlanta conducted her sea trials down the Savannah River toward Fort Pulaski, Georgia, for the first time.

On 8 August, under the command of Captain Charles J. Howard, Atlanta was re-launched from the Savannah River.

On 8 August, under the command of Captain Charles J",3.713,20.128," On 31 July 1862, under the command of Lieutenant Charles H. McBlair, Atlanta conducted her sea trials down the Savannah River toward Fort Pulaski, Georgia. After a successful run, which led her commanding officer, Lieutenant Horatio T. Whiting, to write, ""I trust we shall not be embarrassed at any time, if in any way we should run aground or hit",8.5,11.783," On 31 July 1862, under the command of Lieutenant Charles H. McBlair, Atlanta conducted her sea trials down the Savannah River toward Fort Pulaski, Georgia. After a successful run, Atlanta was towed by the steamer New Orleans to Charleston, South Carolina, where she was commissioned as a gunboat and assigned to the North Carolina Navy in November 1862.

Atlanta served in the",0.0,15.546," On 31 July 1862, under the command of Lieutenant Charles H. McBlair, Atlanta conducted her sea trials down the Savannah River toward Fort Pulaski. These trials were a ""dry-docking"" operation, designed to simulate the various stresses experienced during a voyage at sea. To prepare for the trial, the ship was laid down in Galveston, Texas on 20 July 1863.",0.0,14.924," On 31 July 1862, under the command of Lieutenant Charles H. McBlair, Atlanta conducted her sea trials down the Savannah River toward Fort Pulaski, Georgia, and a month later, the battleship began her maiden voyage to Europe. After stops at New York, Belfast and Liverpool, Atlanta sailed to London for a three-week cruise in the English Channel.

On 9 August",0.0,19.072," On 31 July 1862, under the command of Lieutenant Charles H. McBlair, Atlanta conducted her sea trials down the Savannah River toward Fort Pulaski, Georgia. After a brief stay, the steamer began her voyage down the river in Charleston Sound.

The sea trials were a positive experience for Atlanta, a small vessel that could not only perform the daily routine of her work,",0.0,22.812," On 31 July 1862, under the command of Lieutenant Charles H. McBlair, Atlanta conducted her sea trials down the Savannah River toward Fort Pulaski. McBlair gave the go-ahead to proceed to normal sea trials after the first trial on 30 July.

Harbor trials were conducted at the military dock for a day on 1, 2 and 3 August. for the unfinished",0.0,41.968," On 31 July 1862, under the command of Lieutenant Charles H. McBlair, Atlanta conducted her sea trials down the Savannah River toward Fort Pulaski, Georgia. This followed the successful passage of her small landing boats, the 27-foot 383-ton -sformer Naval Cinque Ports, and a 20-foot -3-pound - launcher, leaving Port Royal, South Carolina",-0.393,17.513," On 31 July 1862, under the command of Lieutenant Charles H. McBlair, Atlanta conducted her sea trials down the Savannah River toward Fort Pulaski. On 8 August 1862, she was recommissioned under the command of Lieutenant Colonel William H. P. Van Winkle as Confederate blockade runner Atlanta.

Atlanta captured Union convoy CSS Wabash on 9 October in the port of"
Wiki_Academic,140,0.0,10.297,-0.113,8.759," Attempts were made to fix the problems and were at least partially successful in stopping many of the leaks. The ship was commissioned on 22 November and was assigned to the 7th Destroyer Squadron, under the command of Captain Richard B. Phillips.

The USS San Jacinto was commissioned at the Norfolk Naval Shipyard on 25 November 1917 and was assigned to the 2d Destroyer Squadron, under the",0.0,12.895," Attempts were made to fix the problems and were at least partially successful in stopping many of the leaks. The ship was commissioned on 22 November and was assigned to the 4th US Navy Fleet for duty as escort to a convoy destined for the Mediterranean. In addition to her naval escort duties, the  was also deployed in support of Operation Torch, the US invasion of France.

In October",0.563,9.315," Attempts were made to fix the problems and were at least partially successful in stopping many of the leaks. The ship was commissioned on 22 November and was assigned to the 7th Destroyer Squadron, under the command of Captain Richard B. Phillips.

The USS San Jacinto was commissioned at the Norfolk Navy Yard on Tuesday, November 22, 1943. The ship was commanded by Lieutenant Commander William D",2.588,10.36," Attempts were made to fix the problems and were at least partially successful in stopping many of the leaks. The ship was commissioned on 22 November and entered service on 18 December.

The ship spent her first year in service as a training vessel for the United States Revenue Cutter Service. During this period, the vessel was used to test the new steam engines and fire control system.

On",3.488,13.908," Attempts were made to fix the problems and were at least partially successful in stopping many of the leaks. The ship was commissioned on 22 November and was assigned to the 4th Division. On 10 January, the ship was moored for refit and was hit by an air attack on 14 January which damaged her boiler room. After refit, her boiler was rebuilt and her gas turbines increased from",8.5,10.297," Attempts were made to fix the problems and were at least partially successful in stopping many of the leaks. The ship was commissioned on 22 November and was assigned to the 7th Fleet.

The ship was the only aircraft carrier of the class and was the only carrier to take part in the Battle of Midway, as she was on station while the carrier USS Yorktown was in port and",0.0,11.328," Attempts were made to fix the problems and were at least partially successful in stopping many of the leaks. The ship was commissioned on 22 November and was placed in commission on 30 November. There were no accidents.

The ship was decommissioned on 9 May 1907. Ex-SMS Flandre was broken up in 1907.

References

Bibliography",0.0,12.315," Attempts were made to fix the problems and were at least partially successful in stopping many of the leaks. The ship was commissioned on 22 November and was placed in commission on 30 November.

The ship sailed the Atlantic from Cape Town to Nova Scotia and back between January and March 1839. In April 1839, the British Board of Trade ordered her to sail from Plymouth and visit the West",0.0,12.695," Attempts were made to fix the problems and were at least partially successful in stopping many of the leaks. The ship was commissioned on 22 November and initially was stationed off the coast of Scotland. She made her first circumnavigation on 15 March 1926 and thereafter sailed around the world three more times. During her circumnavigation she visited Suez, Aden and Mauritius. On her final",0.0,24.147," Attempts were made to fix the problems and were at least partially successful in stopping many of the leaks. The ship was commissioned on 22 November and was decommissioned on 20 October 1946.

Alexander was recommissioned at, Devonport, England for armed patrol support to squadrons in Iceland, Canada, Greenland, and Labrador.

Always classed as a superb tanker, Alex",0.0,46.376," Attempts were made to fix the problems and were at least partially successful in stopping many of the leaks. The ship was commissioned on 22 November and was named the Suscon after the village of Sinaia, southeast of Paris.
To lift the spirits of the navy at home, battleship Admiral Daladier was launched. Only the first unit was delivered to France accidentally by Furantosugami",0.066,11.709," Attempts were made to fix the problems and were at least partially successful in stopping many of the leaks. The ship was commissioned on 22 November and put into service on 25 November. The day after the ship arrived the German destroyer  and the French destroyer  torpedoed and sank the.

Post-war service

As a result of the sinking of the, the German Navy increased the"
Wiki_Academic,141,0.0,19.628,0.906,30.203," Webb demonstrated his aggressiveness when he attempted to sortie on the first spring tide ( 30 May ) after taking command, but Atlanta's forward force did not match its opponent and was forced to retreat.

He also served as the Executive Officer of one of the two s during the campaign, and later as the Executive Officer of a third ( the ) after having command of the  for",0.0,28.849," Webb demonstrated his aggressiveness when he attempted to sortie on the first spring tide ( 30 May ) after taking command, but Atlanta's forward force of two destroyers and two cruisers came closer. The battle commenced at 09:00 hours when Webb attacked a cruiser that was bearing down on Atlanta. The former was immediately silenced by the latter, but was reinforced by the destroyer  and was",0.906,30.203," Webb demonstrated his aggressiveness when he attempted to sortie on the first spring tide ( 30 May ) after taking command, but Atlanta's forward force did not match its opponent and was forced to retreat.

He also served as the Executive Officer of one of the two s during the campaign, and later as the Executive Officer of a third ( the ) after having command of the  for",5.208,28.972," Webb demonstrated his aggressiveness when he attempted to sortie on the first spring tide ( 30 May ) after taking command, but Atlanta's forward batteries had moved around the landing area to try to prevent him escaping the landing craft. One of his batteries had landed and taken up a position behind a hill nearby, while another battery was still in the landing craft. One of his batteries had landed and",2.717,27.178," Webb demonstrated his aggressiveness when he attempted to sortie on the first spring tide ( 30 May ) after taking command, but Atlanta's forward force did not appear. The attack was again launched on the second tide of 30 May, but it was again cancelled owing to the failure of the command. It was not until 2 June that the attack was successful, after having been pushed back on two",8.5,19.628," Webb demonstrated his aggressiveness when he attempted to sortie on the first spring tide ( 30 May ) after taking command, but Atlanta's forward force did not appear to be ready.

The landing was an uneventful affair, but the lack of a landing party at the first spring tide was an act of indecision.

The landing was an uneventful affair, but",0.0,20.209," Webb demonstrated his aggressiveness when he attempted to sortie on the first spring tide ( 30 May ) after taking command, but Atlanta's forward force failed to turn back the tide. Atlanta's commander-in-chief, Admiral David Farragut, ordered Webb's force to turn back.

Farragut ordered the ship to turn back, having lost contact with her,",0.0,21.838," Webb demonstrated his aggressiveness when he attempted to sortie on the first spring tide ( 30 May ) after taking command, but Atlanta's forward force did not like the sea and stayed ashore. He returned to the fleet to take part in the second tide on the 29th, but again the fleet did not like the sea and stayed ashore.

During the second tide, the fleet attempted",0.0,26.533," Webb demonstrated his aggressiveness when he attempted to sortie on the first spring tide ( 30 May ) after taking command, but Atlanta's forward force did not match him and he was obliged to retreat. During the following spring tide, while attacking the British rear, he was killed by the fire from a machine gun.

The fact that Webb did not have the command of the British attack",-0.003,42.359," Webb demonstrated his aggressiveness when he attempted to sortie on the first spring tide ( 30 May ) after taking command, but Atlanta's forward gunners doggedly defended the landings, and a result was none gained. However, on the second spring tide ( 9 June ) a different outcome was possible, for the tide provided a mild, practically frothy sea capable of floating the superson",1.678,68.558," Webb demonstrated his aggressiveness when he attempted to sortie on the first spring tide ( 30 May ) after taking command, but Atlanta's forward logistic groups diverted the tide to a waiting minefield. 81 men of the V Corps Army, with the exception of Lieutenant R. T. Johnstone were killed. At Peleliu Pearson and his submarine plain opened up with his guns,",1.268,27.01," Webb demonstrated his aggressiveness when he attempted to sortie on the first spring tide ( 30 May ) after taking command, but Atlanta's forward force did not want to take the risk.

The ship entered port on 9 June when the spring tide was at about 11.1° longitude, and was placed out of commission for repair on the 13th. After the repairs were completed"
Wiki_Academic,142,0.0,13.994,-2.363,16.01," In the early evening of 15 June, Webb began his next attempt by passing over the lower obstructions in the Wilmington River and spent the rest of the evening over the upper obstructions, arriving at the top of the upper obstructions around midnight. He was there until dawn on 16 June, when he turned southward and returned over the upper obstructions, making it as far as the upper obstruct",0.0,22.694," In the early evening of 15 June, Webb began his next attempt by passing over the lower obstructions in the Wilmington River and spent the rest of the night within the boundary of the river; the river was low in places, and the flood was very marked there. On 20 June he again approached the lower obstructions, and was in full view of the town of Wilmington and the town of Camden",-1.913,15.77," In the early evening of 15 June, Webb began his next attempt by passing over the lower obstructions in the Wilmington River and spent the rest of the evening over the upper obstructions, arriving at the top of the upper obstructions around midnight. He was there until dawn on 16 June, when he turned southward and returned to his launch for the return trip down the river.

See",2.588,18.746," In the early evening of 15 June, Webb began his next attempt by passing over the lower obstructions in the Wilmington River and spent the rest of the night in a position of approximately 5° above north-northeast. He was observed as crossing the upper river and again by U.S. Coast Guard aircraft on the night of 16/17 June, but did not complete his mission.",2.813,17.468," In the early evening of 15 June, Webb began his next attempt by passing over the lower obstructions in the Wilmington River and spent the rest of the evening over the upper obstructions. He attempted again on 16 June, passing over the lower obstructions and returning on the following day. On his second passage, a strong northerly wind on 20 June hampered his progress. He spent the last",8.5,13.994," In the early evening of 15 June, Webb began his next attempt by passing over the lower obstructions in the Wilmington River and spent the rest of the night in this vicinity. He had a better view of the obstruction on the north side of the river and of the area of the blockhouse.

The next morning he attempted to pass over the obstruction on the north side of the river,",0.0,16.94," In the early evening of 15 June, Webb began his next attempt by passing over the lower obstructions in the Wilmington River and spent the rest of the evening in an effort to clear the obstructions. This attempt was unsuccessful.

On the morning of 16 June Webb started his third attempt. This time the ship had sufficient navigation to clear the obstructions and reach Port Royal in South Carolina.",0.0,19.88," In the early evening of 15 June, Webb began his next attempt by passing over the lower obstructions in the Wilmington River and spent the rest of the night in this vicinity, failing, however, to achieve an altitude of.

On 16 June, Webb encountered heavy fog in the western part of the James' River and was forced to turn back for a landing at the point where the James",0.0,22.798," In the early evening of 15 June, Webb began his next attempt by passing over the lower obstructions in the Wilmington River and spent the rest of the evening over the upper obstructions, arriving in Wilmington around 21:30. From the river channel, he saw the remains of a bridge and a number of buildings, and he later saw the bodies of six victims of the fire, as he approached",-0.992,34.482," In the early evening of 15 June, Webb began his next attempt by passing over the lower obstructions in the Wilmington River and spent the rest of the day having readings taken by the Electromagnetic Tracking Section.

He passed over Washington points which were only visible on the night when he flew over the city. In the morning, the two Washington points were out of the plane's field of",-0.416,43.845," In the early evening of 15 June, Webb began his next attempt by passing over the lower obstructions in the Wilmington River and spent the rest of the day making periodic deviations to follow higher ground. At the end of the day, he spotted Berwick with a few objects moving and called in to Belville, but the aircraft could not be brought to a halt due to numerous turbulence controls that became",0.077,17.677," In the early evening of 15 June, Webb began his next attempt by passing over the lower obstructions in the Wilmington River and spent the rest of the night on a hilltop overlooking the river between Wilmington and Beaufort. On the morning of 16 June, he passed over the river's obstructions as high as the bridge on the North Carolina side. He then descended the river toward Wilmington. At"
Wiki_Academic,143,0.0,24.018,0.113,19.632," A lookout aboard Weehawken spotted Atlanta at 04 : 10 on the morning of 17 June. When the latter ship closed to within about 1,000 yards, a torpedo was fired at her, and she was hit on her port side by the torpedo burst. Fire broke out on the bridge, and she immediately went down at the rate of about 2 knots per second.

The second",0.0,17.88," A lookout aboard Weehawken spotted Atlanta at 04 : 10 on the morning of 17 June. When the latter ship closed to within about 1,300 yards, a gun was fired in the Atlanta's direction. The explosion was heard on board the Weehawken, but the explosion was not registered on deck. When the Atlanta moved off to the eastward, the Weehawken",0.113,19.632," A lookout aboard Weehawken spotted Atlanta at 04 : 10 on the morning of 17 June. When the latter ship closed to within about 1,000 yards, a torpedo was fired at her, and she was hit on her port side by the torpedo burst. Fire broke out on the bridge, and she immediately went down at the rate of about 2 knots per second.

The second",2.588,23.388," A lookout aboard Weehawken spotted Atlanta at 04 : 10 on the morning of 17 June. When the latter ship closed to within about 1,200 yards after noon, the lookout sounded the alarm on the bridge. One of the bridge officers fired a shot. One of Atlanta's men, a lieutenant named John C. Howard, returned fire with his pistol, hitting one of Atlanta's men",4.613,25.871," A lookout aboard Weehawken spotted Atlanta at 04 : 10 on the morning of 17 June. When the latter ship closed to within about 1,000 yards, a lookout on New York observed Atlanta on flames. The explosion was seen from New Jersey, as was the flame of New York. A lookout on New Jersey also reported an explosion on Weehawken. This was undoubtedly an explosion",8.5,20.879," A lookout aboard Weehawken spotted Atlanta at 04 : 10 on the morning of 17 June. When the latter ship closed to within about 1,000 yards, a torpedo was fired. Atlanta had already been hit by two other torpedoes and was sinking as the lookout took the pictures. The torpedo passed over the bridge and exploded in the engine room. The torpedo caused a large explosion, and",0.0,19.624," A lookout aboard Weehawken spotted Atlanta at 04 : 10 on the morning of 17 June. When the latter ship closed to within about 1,000 yards, a torpedo was fired at the Atlanta, which hit the starboard side and exploded. As the explosion knocked the Atlanta to port, her masts were blown off, but the ship was able to proceed to port and return to New",0.0,19.212," A lookout aboard Weehawken spotted Atlanta at 04 : 10 on the morning of 17 June. When the latter ship closed to within about 1,300 yards, a shot was fired in the Atlanta's direction. Atlanta reported the shot and was returned by Weehawken with a shot in the opposite track. Atlanta closed to within 1,250 yards, and Weehawken opened fire",0.0,20.636," A lookout aboard Weehawken spotted Atlanta at 04 : 10 on the morning of 17 June. When the latter ship closed to within about 1,000 yards, a shot was fired at Atlanta from Weehawken’s battery at 06 : 10, shattering the side of the ships’ battery and wounding two men. Both ships were within 50 yards of each other when they opened",0.0,35.451," A lookout aboard Weehawken spotted Atlanta at 04 : 10 on the morning of 17 June. When the latter ship closed to within about 1.5 nautical miles, the engines would not start and a spare was mounted on the spar. There was considerable discussion as to what should have happened next and an engine was then lowered which started the engine and she got up to speed. She was",0.0,69.703," A lookout aboard Weehawken spotted Atlanta at 04 : 10 on the morning of 17 June. When the latter ship closed to within about 1 mile in turn, Atlanta surrendered and all hands rose, except for one officer, who killed him effusively. Unoprtunely, Atlanta began sinking, - but luckily the crew of Staten Island see it rise and managed to rescue her within",0.053,23.4," A lookout aboard Weehawken spotted Atlanta at 04 : 10 on the morning of 17 June. When the latter ship closed to within about 1,000 yards, Atlanta's guns opened with several shots. The Union ship replied with a volley, but the shots were either too low or were returned unaimed. The Union ship continued to close and, although at some risk of being torpedoed"
Wiki_Academic,144,0.0,16.887,-0.788,21.123," Atlanta was easily pulled free by the Union ships and she reached Port Royal under her own power. Not badly damaged, she was repaired and bought by the American merchant ship A.B. Smith.

The wrecked Atlanta and a number of other merchant vessels were burned at the nearby port at Port Royal

The Atlanta had previously been involved in a collision with a Dutch ship

The Atlanta",0.0,18.687," Atlanta was easily pulled free by the Union ships and she reached Port Royal under her own power. Not badly damaged, she was repaired and bought by the British Navy as HMS Charlotte of 73 guns.

HMS Charlotte and a few other vessels took up a station at the mouth of the Savannah River for about six months from November to May 1780. She then took part in a blockade of",-0.563,20.162," Atlanta was easily pulled free by the Union ships and she reached Port Royal under her own power. Not badly damaged, she was repaired and bought by the American merchant ship A.B. Smith.

The wrecked Atlanta and a number of other merchant vessels were burned at the nearby port of Port Royal

In April 1862, the Confederate Navy launched a major attack on Charleston, SC. The",1.386,21.44," Atlanta was easily pulled free by the Union ships and she reached Port Royal under her own power. Not badly damaged, she was repaired and bought by the United States to operate on the South Carolina coast under the United States Revenue Cutter Service.

On 8 April 1815 she was sold for scrap.

References",3.938,22.253," Atlanta was easily pulled free by the Union ships and she reached Port Royal under her own power. Not badly damaged, she was repaired and bought by the Spanish Government as Aigüe on behalf of the Spanish Royal Navy. The Spanish used her as a privateer ship.

1820 – Aigüe – Spanish privateer vessel, launched on April 5, 1820, acquired",8.5,16.887," Atlanta was easily pulled free by the Union ships and she reached Port Royal under her own power. Not badly damaged, she was repaired and bought by the Spanish in 1676. In 1678, she was converted into a barracks ship for the Spanish Marine.

In 1716, she was sold to John Bickerton and rebuilt into a merchant man-of-war. She was sold",0.0,22.275," Atlanta was easily pulled free by the Union ships and she reached Port Royal under her own power. Not badly damaged, she was repaired and bought by the American merchant ship A.S.S. Philadelphia for $20,000. She carried on her next voyage carrying troops, grain and passengers from Philadelphia to New York and on to Charleston

Ships sunk by the British

Ships",0.0,14.989," Atlanta was easily pulled free by the Union ships and she reached Port Royal under her own power. Not badly damaged, she was repaired and bought by the Spanish in 1739 and sent as a present to King Charles II of Spain.

The ship reached Port Royal with the Spanish and was purchased by the Spanish in 1739 and sent as a present to King Charles II of Spain.

",0.0,14.616," Atlanta was easily pulled free by the Union ships and she reached Port Royal under her own power. Not badly damaged, she was repaired and bought by the British in 1685 and sent as cargo to the West Indies. In 1691, she became a prize of war and was refloated. She was lost in the South Sea in 1694.

Citations and references
Citations",0.417,36.62," Atlanta was easily pulled free by the Union ships and she reached Port Royal under her own power. Not badly damaged, she was repaired and bought by the Pennsylvania Railroad in July 1863.

The Erie-Millville

On July 10, she was captured by a privateer commanded by John C. Haggen

Harbor Master Henshall and his crew were able to produce the",-0.929,55.248," Atlanta was easily pulled free by the Union ships and she reached Port Royal under her own power. Not badly damaged, she was repaired and bought by the Society for Propagating the Gospel among Nations. A subsidiary of the same organization, the ‘ The Great Work for clearing delinquent blockhead nations out of the way of the westward progress of Christian nations. London. Consult Board of Health Report",0.198,18.953," Atlanta was easily pulled free by the Union ships and she reached Port Royal under her own power. Not badly damaged, she was repaired and bought by the Spanish Navy. Shortly after this purchase, the Spanish discovered that she was under the control of the United States Navy and attempted to recapture her. She was captured, but was released shortly afterwards after the Spanish Navy was decimated after the failed invasion"
Wiki_Academic,145,0.0,8.901,-2.138,11.207," After the end of the war in April, Atlanta was decommissioned in Philadelphia on 21 June 1865 and placed in reserve at League Island. She was purchased by the American Lighthouse Company in 1866 and renamed Union City. In 1870 she was sold to the Atlantic Lighthouse Company of Philadelphia and renamed Union City, but was sold a second time in 1873 and renamed Union City, again.",0.0,16.79," After the end of the war in April, Atlanta was decommissioned in Philadelphia on 21 June 1865 and placed in reserve at League Island. She was later transferred to the Boston Navy Yard.

Notes

References",-2.138,11.207," After the end of the war in April, Atlanta was decommissioned in Philadelphia on 21 June 1865 and placed in reserve at League Island. She was purchased by the American Lighthouse Company in 1866 and renamed Union City. In 1870 she was sold to the Atlantic Lighthouse Company of Philadelphia and renamed Union City, but was sold a second time in 1873 and renamed Union City, again.",2.588,9.354," After the end of the war in April, Atlanta was decommissioned in Philadelphia on 21 June 1865 and placed in reserve at League Island. She was sold for scrap in September 1865.

Service history

Early years
Atlanta was launched at Philadelphia on 18 June 1857, and entered service with the United States Revenue Cutter Service on 18 June 1857, commissioning as Revenue Cutter Service",3.488,12.403," After the end of the war in April, Atlanta was decommissioned in Philadelphia on 21 June 1865 and placed in reserve at League Island. She was purchased on 2 July 1865 by Captain James T. Hickey of Brooklyn, New York, who renamed her ""New York"" on 13 June 1865. The vessel was assigned as an armed privateer under the command of Captain James T. Hickey",8.5,8.901," After the end of the war in April, Atlanta was decommissioned in Philadelphia on 21 June 1865 and placed in reserve at League Island. She was purchased by the U.S. Navy on 7 November 1865 and was commissioned in Philadelphia on 14 December 1865 under the command of Ensign William S. Wright, USNR.

The ship was assigned to the North Atlantic Squadron, under the",0.0,12.863," After the end of the war in April, Atlanta was decommissioned in Philadelphia on 21 June 1865 and placed in reserve at League Island. She was purchased by the Confederates on 7 January 1866 and was still under Confederate control when she was burned at Portsmouth on 15 March 1867. She was never reconstructed and she was broken up.

Notes",0.0,10.986," After the end of the war in April, Atlanta was decommissioned in Philadelphia on 21 June 1865 and placed in reserve at League Island. She was purchased by the American Lumber Company in March 1867 and was sold by the American Lumber Company to the Atlantic-American Shipping Company in March 1871.

Atlanta was purchased in March 1874 from the Atlantic-American Shipping Company for",0.0,11.543," After the end of the war in April, Atlanta was decommissioned in Philadelphia on 21 June 1865 and placed in reserve at League Island. She was purchased by the Baltimore and Ohio Railroad on 26 July 1870 and reclassified AR-5 on 25 July. She became the Baltimore and Ohio Railroad's flagship on 25 July 1870 and remained in that role for the rest of her career. On 16 March",0.0,38.153," After the end of the war in April, Atlanta was decommissioned in Philadelphia on 21 June 1865 and placed in reserve at League Island. She was later broken up.

Click on photo to enlarge

Paging Dictator -- DMF Sounder

The Dictator Major of Marietta #19, IFCS 2541, Seattle, was originally a ste",0.0,21.065," After the end of the war in April, Atlanta was decommissioned in Philadelphia on 21 June 1865 and placed in reserve at League Island. She arrived there late August 1865 aboard Louisiana, towed to the Philadelphia Navy Yard.

Decommission
Atlanta (Ficklin) was commissioned on 1 April 1866 at Philadelphia as tender for.

Ficklin was discharged from the Navy",-2.089,9.518," After the end of the war in April, Atlanta was decommissioned in Philadelphia on 21 June 1865 and placed in reserve at League Island. She was purchased by Philadelphia & Chester Railroad in November 1865, and towed to Camden, New Jersey, for scrapping in March 1871.

See also

 American Civil War
 List of American Civil War vessels

References

External links

"
Wiki_Academic,146,0.0,5.737,1.238,5.052," Jacqueline Fernandez ( born 11 August 1985 ) is a Sri Lankan actress, former model, and the winner of the 2006 Miss Universe Sri Lanka pageant. She is perhaps best known for her role as Veeru in the 2010 action film Housefull.

Early life[ edit ]

Jacqueline Fernandez was born on 11 August 1985 in Colombo, Sri Lanka. Aged",0.0,5.826," Jacqueline Fernandez ( born 11 August 1985 ) is a Sri Lankan actress, former model, and the winner of the 2006 Miss Universe Sri Lanka pageant. She is perhaps best known for her role in the movie Street Dancer, in which she played the role of a dancer. She has appeared in many Bollywood films and a few Tamil, Telugu and Malayalam films. A former",1.013,6.494," Jacqueline Fernandez ( born 11 August 1985 ) is a Sri Lankan actress, former model, and the winner of the 2006 Miss Universe Sri Lanka pageant. She is perhaps best known for her role as Veeru in the 2010 action film Housefull.

Early life

Jacqueline, who is the second daughter of Ranjith and Malathi (nee Karunanay",3.038,4.573," Jacqueline Fernandez ( born 11 August 1985 ) is a Sri Lankan actress, former model, and the winner of the 2006 Miss Universe Sri Lanka. As of October 2013, she is the highest-paid Indian actress, earning $6.4 million a year, according to Forbes. As of October 2013, she is the highest-paid Indian actress, earning $6.4 million a year",2.588,7.565," Jacqueline Fernandez ( born 11 August 1985 ) is a Sri Lankan actress, former model, and the winner of the 2006 Miss Universe Sri Lanka. Although her beauty was initially known from her work as a model, Fernandez has since moved into acting, appearing in films such as Bollywood films Talaash, Tiger Zinda Hai, Housefull 3 and Bajrangi Bhaijaan",8.5,5.737," Jacqueline Fernandez ( born 11 August 1985 ) is a Sri Lankan actress, former model, and the winner of the 2006 Miss Universe Sri Lanka pageant. She is perhaps best known for her role as Tanya in the 2008 film Kick and for her performance as Sharmila Tagore in the 2011 Bollywood film Jab We Met. She is also known for her roles as Meenal in",0.0,5.5," Jacqueline Fernandez ( born 11 August 1985 ) is a Sri Lankan actress, former model, and the winner of the 2006 Miss Universe Sri Lanka pageant. She is currently known as one of the leading Indian actresses of the south Indian film industry. She is best known for her roles in films like Kick, Bajrangi Bhaijaan, Housefull and others, for which she won",0.0,4.543," Jacqueline Fernandez ( born 11 August 1985 ) is a Sri Lankan actress, former model, and the winner of the 2006 Miss Universe Sri Lanka pageant

, and the winner of the 2006 Miss Universe Sri Lanka pageant Jacqueline Fernandez was born in Colombo, Sri Lanka and is a Sri Lankan-Canadian actress. Her father is a Sri Lankan and her mother is a Canadian.",0.0,5.761," Jacqueline Fernandez ( born 11 August 1985 ) is a Sri Lankan actress, former model, and the winner of the 2006 Miss Universe Sri Lanka.

The first time I met her was on the set of the movie “Pyaar Ka Dard Hai Meetha Meetha Pyaara Pyaara” which also happens to be the debut movie for Aksh",0.0,17.524," Jacqueline Fernandez ( born 11 August 1985 ) is a Sri Lankan actress, former model, and the winner of the 2006 Miss Universe Sri Lanka pageant, and is currently discovered in India and in the international industry.She is partially British and did her schooling from East Side Primary Academy, Colombo.

Jacqueline Fernandez was ranked number one in media polls in November 2011.[19]",0.0,37.065," Jacqueline Fernandez ( born 11 August 1985 ) is a Sri Lankan actress, former model, and the winner of the 2006 Miss Universe Sri Lanka. She was born with dwarfism... Read MoreThe == == == use is the equivalent of actually putting yourStrings series as a string and useSuccess = false, so we don’t have a string object to actually pass as well",1.22,6.125," Jacqueline Fernandez ( born 11 August 1985 ) is a Sri Lankan actress, former model, and the winner of the 2006 Miss Universe Sri Lanka pageant. She is perhaps best known for her role as Tanya in the 2008 film Housefull.

Fernandez was born in Sri Lanka, and lived in China for a while. She moved back to Sri Lanka at the age of four,"
Wiki_Academic,147,0.0,11.919,-0.342,14.098," While on a modelling assignment in India in 2009, Fernandez successfully auditioned for Sujoy Ghosh's fantasy drama Aladin, which marked her first film role.

Fernandez was signed to be a series regular on ABC Family's supernatural soap, The Originals (2011–present) and made her television debut in 2014 as the character Zoe Tate in The Originals' second season",0.0,10.719," While on a modelling assignment in India in 2009, Fernandez successfully auditioned for Sujoy Ghosh's fantasy drama Aladin, which marked her comeback to the big screen after two years. After the release of the film, her career took an upward trajectory, with films like Kai Po Che ( 2013), Race 3 ( 2019), Judwaa 2 ( 2017), and Housefull 4 ( 2019",-0.342,14.098," While on a modelling assignment in India in 2009, Fernandez successfully auditioned for Sujoy Ghosh's fantasy drama Aladin, which marked her first film role.

Fernandez was signed to be a series regular on ABC Family's supernatural soap, The Originals (2011–present) and made her television debut in 2014 as the character Zoe Tate in The Originals' second season",3.623,12.855," While on a modelling assignment in India in 2009, Fernandez successfully auditioned for Sujoy Ghosh's fantasy drama Aladin, which marked her comeback after two years following the success of Veerappan, among other films and TV shows. Aladin, starring Sanjay Dutt, was based on the Arabian legend of Aladin, a boy who is given the ability to read people's",2.717,12.804," While on a modelling assignment in India in 2009, Fernandez successfully auditioned for Sujoy Ghosh's fantasy drama Aladin, which marked her comeback as an actress. Aladin also marks her second collaboration with director Sujoy Ghosh.

Fernandez's comeback film was Arundhati, which released on 3 October 2012. Fernandez's father, A.R. Reh",8.5,10.958," While on a modelling assignment in India in 2009, Fernandez successfully auditioned for Sujoy Ghosh's fantasy drama Aladin, which marked her debut as an actress. Aladin also marks the first collaboration of Fernandez with the director, who made the cult film Andhadhun (2018).

She also has a cameo in the upcoming comedy film Sooryavanshi, starring Aksh",0.0,11.262," While on a modelling assignment in India in 2009, Fernandez successfully auditioned for Sujoy Ghosh's fantasy drama Aladin, which marked her debut as an actress in Bollywood. She made her debut in 2010 with the music video Jalebi, which became a huge success. She also starred in films like Kahaani, Raaz 2, Dil Chahta Hai, and Hum",0.0,11.005," While on a modelling assignment in India in 2009, Fernandez successfully auditioned for Sujoy Ghosh's fantasy drama Aladin, which marked her debut in the Tamil cinema as well. She made her debut in Telugu cinema with the film, which was directed by Srinivas Varma. Her Tamil debut was in the film, which was directed by Srinivas Varma. Her Tamil",0.0,13.255," While on a modelling assignment in India in 2009, Fernandez successfully auditioned for Sujoy Ghosh's fantasy drama Aladin, which marked her first big-budget Bollywood film. She made a guest appearance in the 2012 film Mother India, marking her film debut.

She worked as a child model before launching her career as an actress, and worked as a model for three years.",-0.212,16.693," While on a modelling assignment in India in 2009, Fernandez successfully auditioned for Sujoy Ghosh's fantasy drama Aladin, which marked her acting debut.

She appeared in the first episode of the series that aired on 17 January 2010. She then appeared in a few over eight other episodes along with supporting actors like Zoya Akhtar, Sanjay Mishra, Govind Namdev",0.241,20.411," While on a modelling assignment in India in 2009, Fernandez successfully auditioned for Sujoy Ghosh's fantasy drama Aladin, which marked her debut in Hindi cinema. ""This was a fever dream come true. I could not believe my ears while Sujoy told me I had made it,"" she reminisces. Fernandez immediately signed a production deal with Sunita Shanker and her friends altogether and",1.321,10.361," While on a modelling assignment in India in 2009, Fernandez successfully auditioned for Sujoy Ghosh's fantasy drama Aladin, which marked her debut as an actor. She even received a standing ovation at the premiere of the film.
During the promotional rounds of the film, Fernandez revealed that the audition process for Aladin was just as nerve-wracking as any other audition. """
Wiki_Academic,148,0.0,6.411,0.563,7.317," One of the most popular actresses in India, she was the recipient of the IIFA Award for Star Debut of the Year – Female in 2010.

The Filmfare Best Actress Award for Female has also been given to her in 2014.

The most recent Filmfare Best Actress award was presented to her at the 2019 Filmfare Awards.

The Filmfare Best Actress Award for",0.0,7.383," One of the most popular actresses in India, she was the recipient of the IIFA Award for Star Debut of the Year – Female in 2010 and the Telugu Filmfare Award for Best Actress for her role in the movie “Vikramarkudu” in 2011.",1.013,6.93," One of the most popular actresses in India, she was the recipient of the IIFA Award for Star Debut of the Year – Female in 2010.

The Filmfare Best Actress Award for Female has also been given to her in 2014.

The most recent Filmfare Best Actress Award for Female has also been given to her in 2016.

The All India Film Journalists Association has",0.113,5.148," One of the most popular actresses in India, she was the recipient of the IIFA Award for Star Debut of the Year – Female in 2010, and Filmfare Award for Best Female Debut of the Year for her performance in the 2010 film Aashiqui 2.

Early life

Early life

Early life

Early life

Early life

Early life",3.175,13.039," One of the most popular actresses in India, she was the recipient of the IIFA Award for Star Debut of the Year – Female in 2010. Her second film was titled ""Aadat"" which was released on 14 October 2012.",8.5,6.411," One of the most popular actresses in India, she was the recipient of the IIFA Award for Star Debut of the Year – Female in 2010. She later went on to win the IIFA Award for Best Actress for her role in the film ‘The Hero: Love Story of a Spy’ (2013).",0.0,6.413," One of the most popular actresses in India, she was the recipient of the IIFA Award for Star Debut of the Year – Female in 2010 and has also been nominated for the National Film Awards for Best Actress for the films. She has also been nominated for the National Film Awards for Best Actress for the films. She made her Bollywood debut with the films Kahaani (2006) and",0.0,6.907," One of the most popular actresses in India, she was the recipient of the IIFA Award for Star Debut of the Year – Female in 2010. She later went on to win the National Film Awards for her role in the film ‘Kabhi Khushi Kabhie Gham’ (2011).

Her father is a dentist from Nagpur and she was raised in Mumbai",0.0,7.417," One of the most popular actresses in India, she was the recipient of the IIFA Award for Star Debut of the Year – Female in 2010. She also won Filmfare Ladies Best Actress Award for her performance in the movie. She has won many other awards like National Film Award for Best Actress, State Award for Best Actress, Best Actress at Filmfare, etc. She is one of the",0.493,13.535," One of the most popular actresses in India, she was the recipient of the IIFA Award for Star Debut of the Year – Female in 2010 for her role in the movie “Kaakolu Chachi Kupada Thira”. She also received the Stardust Award in the category of Movie actress of 2011 for her role in Aamir Khan starrer “Gh",-0.156,29.208," One of the most popular actresses in India, she was the recipient of the IIFA Award for Star Debut of the Year – Female in 2010 for her role in the lines-dime-paar movie Poorna.. Yaar Ke Deewana is her first released under Mohit Suri‘s Kalpana Pictures banner

Well, fireworks have been witness to",0.611,8.511," One of the most popular actresses in India, she was the recipient of the IIFA Award for Star Debut of the Year – Female in 2010.

Personal life

Early life

Sakshi Kaul is an actress, model, and a mother. Born and raised in India, she began her career as a child actress, and appeared in the Hindi film Kismat"
Wiki_Academic,149,0.0,15.777,1.013,12.612," Fernandez was born on 11 August 1985, in Manama, Bahrain, and was raised in a multi @-@ ethnic family. Her father, Shafiq, is a businessman and a former employee of the Bahrain Telecommunications Company (BTC) ; her mother, Azza, was a teacher before she became a housewife and a mother. As a teenager, Fernandez played football regularly, and her",0.0,14.853," Fernandez was born on 11 August 1985, in Manama, Bahrain, and was raised in a multi @-@ ethnic family. Her father, a Bahraini, and her mother, a Saudi, met during the #-@ war between Saudi Arabia & #-@ (Iran ) in the early #0-0's. She has two younger siblings. Her family was Shia Muslim, her",1.463,12.28," Fernandez was born on 11 August 1985, in Manama, Bahrain, and was raised in a multi @-@ ethnic family. Her father, Shafiq, is a businessman and a former employee of the Bahrain Telecommunications Company (BTC) ; her mother, Azza, is a teacher, who is also a vocalist and plays the drums.

Fernandez was brought up in a",0.338,7.595," Fernandez was born on 11 August 1985, in Manama, Bahrain, and was raised in a multi @-@ ethnic family. Her father, Abdul Razek, is a businessman and her mother, Dina, is a school teacher.

Early life

Early life

Early life

Early life

Early life

Early life

Early life

Early",4.163,11.873," Fernandez was born on 11 August 1985, in Manama, Bahrain, and was raised in a multi @-@ ethnic family. Her father, Mohammed Abdulkarim was born on 9 April 1937, in Beirut, Lebanon, and was raised in Beirut, Lebanon. Her mother, Khadija Khalil al Khadij was born on 8 July 1938, in Beirut, Lebanon, and",8.5,13.104," Fernandez was born on 11 August 1985, in Manama, Bahrain, and was raised in a multi @-@ ethnic family. Her father, Shafiq ( a civil engineer ) and mother, Sultana ( a teacher ) are from Iraq, her brother is a civil engineer and her sister is a medical assistant. She has two brothers and two sisters. Her grandparents are from Iraq,",0.0,12.166," Fernandez was born on 11 August 1985, in Manama, Bahrain, and was raised in a multi @-@ ethnic family. Her father, Shams Al Fardan is an engineer, and mother, Mary Al Fardan is an architect. She is the youngest of 4 children. Fernandez is currently studying at the University of Florida, and has a degree in international relations and business administration",0.0,15.078," Fernandez was born on 11 August 1985, in Manama, Bahrain, and was raised in a multi @-@ ethnic family. Her father, Shams Al-Fahmi, an Arabic teacher, and her mother Rana, an Arabic teacher, both supported the monarchy, although the former was critical of some of its policies. She moved to London when she was 10. In 2003,",0.0,13.184," Fernandez was born on 11 August 1985, in Manama, Bahrain, and was raised in a multi @-@ ethnic family. Her father, Shimon, a Palestinian national, was a former member of the Palestinian Liberation Organization ( PLO ) who was expelled from his home country by the Israeli occupation army in 1977. Shimon, together with his family, was driven to exile, to the",0.0,10.935," Fernandez was born on 11 August 1985, in Manama, Bahrain, and was raised in a multi @-@ ethnic family. Her father, was a descendant of Shuaib Al Sulaiman, a descendant of Khatib Al Sulaiman, and a descendant of Ishaq Al Sulaiman. Her mother, was the daughter of Khalid Al Sulaiman, a descendant of Khalid Al Sul",0.0,25.306," Fernandez was born on 11 August 1985, in Manama, Bahrain, and was raised in a multi @-@ ethnic family. Her father, James Fernandez was a builder and her mother, Snehshanti Fernandes, was a teaching professional. Fernandez was educated at The Lake House School, Wembley, U.K.,. It was there that she first wore the Indian dress called C",0.829,9.631," Fernandez was born on 11 August 1985, in Manama, Bahrain, and was raised in a multi @-@ ethnic family. Her father, Shafiq, is a business owner, while her mother, Alia, is a housewife. Fernandez' father is of Pakistani descent, while her mother is of Iranian background. She is of Lebanese descent.

Career
Fernandez"
Wiki_Academic,150,0.0,8.481,-0.113,9.941," According to Fernandez, she had aspired to become an actress at a young age and fantasized about becoming a Hollywood movie star. She received some acting training from a friend who was a teacher at the Joffrey Ballet School in Chicago, but was discouraged from pursuing her dreams when she was eleven years old.

She appeared in a few theatrical productions in college, and later on in",0.0,9.666," According to Fernandez, she had aspired to become an actress at a young age and fantasized about becoming a Hollywood movie star. She received some acting training while growing up and began modeling after her high school graduation. She later moved to Paris, France, where she studied acting during six months.

Fernandez's first major role came when she played a minor role in the 2001 film,",-0.113,9.941," According to Fernandez, she had aspired to become an actress at a young age and fantasized about becoming a Hollywood movie star. She received some acting training from a friend who was a teacher at the Joffrey Ballet School in Chicago, but was discouraged from pursuing her dreams when she was eleven years old.

She appeared in a few theatrical productions in college, and later on in",0.338,8.721," According to Fernandez, she had aspired to become an actress at a young age and fantasized about becoming a Hollywood movie star. She received some acting training at the London Film School and entered the London Film Academy to study screenwriting and acting in 2006.

Early life

Fernandez was born in a town in the north of Spain, but her family moved around a lot when she",5.063,8.956," According to Fernandez, she had aspired to become an actress at a young age and fantasized about becoming a Hollywood movie star. She received some acting training from her father. Fernandez was not born into an acting family. Her father was an artist, as was her mother. Her father died of a heart attack. Her mother died of a brain aneurysm. Fernandez was raised on an",8.5,8.481," According to Fernandez, she had aspired to become an actress at a young age and fantasized about becoming a Hollywood movie star. She received some acting training from her father and began filming commercials at age eight. She attended the University of California at Irvine, where she studied theatre and psychology, and earned a Bachelor of Arts degree in theatre.

Fernandez started her career with minor roles in",0.0,12.904," According to Fernandez, she had aspired to become an actress at a young age and fantasized about becoming a Hollywood movie star. She received some training in her teenage years and was a minor dance student. She also studied music and dance as a hobby during her teenage years. She had spent two years in a theater class in her high school. She took an acting class in her college years.",0.0,10.788," According to Fernandez, she had aspired to become an actress at a young age and fantasized about becoming a Hollywood movie star. She received some acting experience on local stage productions, while still in high school. Then she acted and danced with a local dance company while she was an undergraduate student at the University of California, Irvine. After that, she continued her dance training in New York, and",0.0,10.422," According to Fernandez, she had aspired to become an actress at a young age and fantasized about becoming a Hollywood movie star. She received some early stage training at the University of California in Riverside's School of Fine Arts. At university, Fernandez also became involved with the campus LGBT organization, the Gay Men's Chorus of Los Angeles.

Biography

Carmen's parents",0.0,22.397," According to Fernandez, she had aspired to become an actress at a young age and fantasized about becoming a Hollywood movie star. She received some early training with Vidal Signori and El Vigía during her formative years.

In addition to being in 5B where she had the opportunity to take Spanish lessons, Fernandez was also a presenter in TV Azteca.

",0.0,17.26," According to Fernandez, she had aspired to become an actress at a young age and fantasized about becoming a Hollywood movie star. She received some funding from an uncle but was still out of work when her mother's friend, young Hollywood actor Ricardo Montalban, discovered her. Fernandez ended up winning the MGM beauty contest in 1939 and immediately signed a contract to make her debut in the silent film",1.507,8.668," According to Fernandez, she had aspired to become an actress at a young age and fantasized about becoming a Hollywood movie star. She received some acting training in her teens, and made her film debut in the 1975 movie The Long Way Around. Three years later, she had her first leading role in the romantic drama The End of the Affair, and went on to appear in more than a"
Wiki_Academic,151,0.0,17.04,-0.788,13.466," In 2009, Fernandez traveled to India for a modeling assignment. She studied acting under the mentorship of theatre director Barry John, and successfully auditioned for a role in a film.

Fernandez has also appeared as an actress in a short film, The One Who Never Existed, directed by Prasanna Kumar, in which she played an Indian girl who comes to Australia to attend university",0.0,8.496," In 2009, Fernandez traveled to India for a modeling assignment. She studied acting under the mentorship of theatre director Barry John, and successfully auditioned for a role in a play. She also traveled to Delhi and Mumbai to shoot the film

. She studied acting under the mentorship of theatre director, and successfully auditioned for a role in a play. She also traveled to and to shoot",-0.788,13.466," In 2009, Fernandez traveled to India for a modeling assignment. She studied acting under the mentorship of theatre director Barry John, and successfully auditioned for a role in a film.

Fernandez has also appeared as an actress in a short film, The One Who Never Existed, directed by Prasanna Kumar, in which she played an Indian girl who comes to Australia to attend university",0.788,9.348," In 2009, Fernandez traveled to India for a modeling assignment. She studied acting under the mentorship of theatre director Barry John, and successfully auditioned for the role of ""Laila Majnu"" in a play directed by Ustad Nusrat Fateh Ali Khan.

Early life

Early life

Fernandez was born in a town in the state of Puebla,",2.813,15.964," In 2009, Fernandez traveled to India for a modeling assignment. She studied acting under the mentorship of theatre director Barry John, and successfully auditioned for a role in a Hindi film called "" Kismat"". Her role was one of the main female characters, which was filmed throughout 3 months in Mumbai. Fernandez was featured on Zee TV's Bigg Boss season 2. Her interview was one",8.5,10.833," In 2009, Fernandez traveled to India for a modeling assignment. She studied acting under the mentorship of theatre director Barry John, and successfully auditioned for a role in a Hindi film. Her performance was so well received that she was signed on to appear in the sequel to the film. In 2010, she landed a role in the film, as a doctor, for which she won the Best Actress",0.0,13.283," In 2009, Fernandez traveled to India for a modeling assignment. She studied acting under the mentorship of theatre director Barry John, and successfully auditioned for the role of a lesbian girl trapped on earth. She also had a cameo in the Hindi film "" "" which also starred Hrithik Roshan, Bipasha Basu, Arjun Rampal, and Rishi Kapoor,",0.0,12.013," In 2009, Fernandez traveled to India for a modeling assignment. She studied acting under the mentorship of theatre director Barry John, and successfully auditioned for a role in the movie Kaminey. Fernandez has also appeared in the TV series Miami Vice, Miami Bound, House of Cards, and The Mentalist. Fernandez has also been involved in humanitarian work, volunteering as a UNICEF Goodwill",0.0,11.893," In 2009, Fernandez traveled to India for a modeling assignment. She studied acting under the mentorship of theatre director Barry John, and successfully auditioned for a lead role as a girl who falls in love with a man who falls in love with his own mother in the play  "" The Diary of A Lady "" by Oscar Wilde.

In 2009, Fernandez traveled to India for a modeling assignment",0.0,32.336," In 2009, Fernandez traveled to India for a modeling assignment. She studied acting under the mentorship of theatre director Barry John, and successfully auditioned for roles in  Aditi Rao Hydari's television show  Puttur, and More TV shows. Fernandez also appeared in a 2008 Channel V release titled Sikander. Her performance garnered national attention and lead to Anil Kapoor having put out an",0.0,33.055," In 2009, Fernandez traveled to India for a modeling assignment. She studied acting under the mentorship of theatre director Barry John, and successfully auditioned for the leading roles in many big films like Aashiqui 2 and Ennaz.

Some of theses pictures appeared in the book UNPARALLELED DECADES :Celebrities Unseen, 1992-2017Too",1.539,15.298," In 2009, Fernandez traveled to India for a modeling assignment. She studied acting under the mentorship of theatre director Barry John, and successfully auditioned for a role in a South Indian film on the subject of the Indian Independence struggle, Nenjam Maranam (1964). It was the first time that an Indian film was directed and made in South Africa. Fernandez starred in several other films,"
Wiki_Academic,152,0.0,9.426,-1.238,13.109," In 2010, Fernandez appeared opposite Deshmukh in the science fiction romantic comedy Jaane Kahan Se Aayi Hai. She was cast as Mala in the horror comedy Chupke Chupke.
 In June 2011 she was cast as Anandi in the Hindi remake of Tamil film Sambhavam.
 She was cast as Dr. Aisha in the 2013 film Dil",0.0,11.922," In 2010, Fernandez appeared opposite Deshmukh in the science fiction romantic comedy Jaane Kahan Se Aayi Hai. She was cast opposite Amitabh Bachchan in the same film.

Fernandez played the character of a journalist in the romantic comedy Aayushman as well. She also acted in the 2011 romantic comedy film Kya Huaa Kya Kya Dil",-0.563,12.596," In 2010, Fernandez appeared opposite Deshmukh in the science fiction romantic comedy Jaane Kahan Se Aayi Hai. She was cast as Mala in the horror comedy Chupke Chupke.
 In June 2011, Fernandez appeared in a promotional video for the 2012 Jio-Idea project Aap Ki Adalat, which was later renamed to Aap Ki Kh",-0.338,6.717," In 2010, Fernandez appeared opposite Deshmukh in the science fiction romantic comedy Jaane Kahan Se Aayi Hai. She was cast to play the role of a mermaid.

, Fernandez appeared opposite Deshmukh in the science fiction romantic comedy. She was cast to play the role of a mermaid. In 2012, Fernandez appeared in a supporting role alongside Parine",1.013,9.059," In 2010, Fernandez appeared opposite Deshmukh in the science fiction romantic comedy Jaane Kahan Se Aayi Hai. She was cast as a vamp in the film, her maiden Bollywood outing. The film was produced by T-Series' Bhushan Kumar.
In an interview with Hindustan Times, Fernandez said, ""I used to spend most of my time",8.5,9.426," In 2010, Fernandez appeared opposite Deshmukh in the science fiction romantic comedy Jaane Kahan Se Aayi Hai. She was cast as a journalist in the horror comedy Shaitan (2012) directed by Nagesh Kukunoor. She appeared in the 2012 Hindi film Ek Tha Tiger opposite Tiger Shroff, which was a blockbuster. Fernandez was last seen in",0.0,11.354," In 2010, Fernandez appeared opposite Deshmukh in the science fiction romantic comedy Jaane Kahan Se Aayi Hai. She was cast as Malati, a young woman who goes to Mumbai for better prospects and gets stranded there due to some mishap. On the show, she portrayed the role of a college student, who falls in love with Deshmukh's character, a",0.0,5.377," In 2010, Fernandez appeared opposite Deshmukh in the science fiction romantic comedy Jaane Kahan Se Aayi Hai. She was cast as a lead in the horror thriller                                           ",0.0,15.674," In 2010, Fernandez appeared opposite Deshmukh in the science fiction romantic comedy Jaane Kahan Se Aayi Hai. She was cast as Malini Bachchan's wife Shashi Kapoor's mistress in the 2012 film, where the character was known as ""Baby Shashi"". Fernandez starred in the 2012 action film Hichki, which is based on the memoir of a teacher who",0.0,15.37," In 2010, Fernandez appeared opposite Deshmukh in the science fiction romantic comedy Jaane Kahan Se Aayi Hai. She was cast opposite Irrfan Khan in Neeraj Pandey’s crime thriller, Kick. She has also stars in The Lunchbox. She has also lent her vocals to H.R. Shaik’s album “Moral Values",0.0,24.498," In 2010, Fernandez appeared opposite Deshmukh in the science fiction romantic comedy Jaane Kahan Se Aayi Hai. She was cast as Rumi, the donor's identical twin sister who gave birth to his child, in the seventh episode of the series.

Although they both might not be on speaking terms after years of acting disputes, both attended the premiere together at the Netflix",0.834,9.538," In 2010, Fernandez appeared opposite Deshmukh in the science fiction romantic comedy Jaane Kahan Se Aayi Hai. She was cast as a journalist in the first season of the Star Plus show Yeh Hai Mohabbatein, played by Meenakshi Seshadri. In 2011, Fernandez was cast in the Zee TV series Ek Jhappi Laga"
Wiki_Academic,153,0.0,10.355,-1.026,9.167," Mahesh Bhatt's thriller Murder 2 was Fernandez's first commercial success and marker a turning point in her career. She took on other commercial films such as Gangs of Wasseypur (2011), Agneepath (2012), Dil Dhadakne Do (2012), and Dilwale Dulhania Le Jayenge (2015). She rose to popularity as the leading",0.0,9.997," Mahesh Bhatt's thriller Murder 2 was Fernandez's first commercial success and marker a turning point in her career. She took on a new look to match with that of a glamorous actress and won the hearts of all.

After a string of flop films, Mahesh Bhatt's thriller Murder 2 was Fernandez's first commercial success and marker a turning point in",-0.114,9.927," Mahesh Bhatt's thriller Murder 2 was Fernandez's first commercial success and marker a turning point in her career. She took on other commercial films such as Gangs of Wasseypur (2011), Agneepath (2012), Dil Dhadakne Do (2012) and Dilwale (2015), but it was a box office hit with Murder 2 as her second",2.165,15.782," Mahesh Bhatt's thriller Murder 2 was Fernandez's first commercial success and marker a turning point in her career. She took on some exciting roles after that, among them the romantic heroines, the bold characters and the bolder roles, none of which was as memorable as her first one.

The film, directed by Mahesh Bhatt, also had Javed",3.077,11.421," Mahesh Bhatt's thriller Murder 2 was Fernandez's first commercial success and marker a turning point in her career. She took on other commercial films such as Aashiqui 2, Love Aaj Kal and Kuch Kuch Hota Hai. Fernandez was also seen in films such as Jism, Bollywood Hungama, Kuch Kuch Hota Hai, Jil",8.5,11.453," Mahesh Bhatt's thriller Murder 2 was Fernandez's first commercial success and marker a turning point in her career. She took on the role of a sex worker and made a name for herself.

""I remember the first time I saw Murder, it was with Mahesh Bhatt. I was so impressed with the film. I remember that he said, 'K",0.0,13.579," Mahesh Bhatt's thriller Murder 2 was Fernandez's first commercial success and marker a turning point in her career. She took on small to medium budget projects for the next few years including films like Chameli, Luka Chuppi and Mard Ko Dard Nahi Hota. She made her debut in Hindi film industry in 2012 with Sridevi as the leading",0.0,13.507," Mahesh Bhatt's thriller Murder 2 was Fernandez's first commercial success and marker a turning point in her career. She took on the role of a sex worker and went on to bag a role in the blockbuster Kuch Kuch Hota Hai.

The actress also appeared in the sequel to Murder 2. It was an ensemble cast film featuring Sohum Shah, N",0.0,13.404," Mahesh Bhatt's thriller Murder 2 was Fernandez's first commercial success and marker a turning point in her career. She took on the role of a girl who gets pregnant after rape and becomes the target of her rapists. Speaking to the media on the launch of Murder 2, the actress said that she was always interested in working with Bhatt after watching her work in Mahesh",0.0,19.556," Mahesh Bhatt's thriller Murder 2 was Fernandez's first commercial success and marker a turning point in her career. She took on a supporting role alongside Bhatt's Bollywood glam hero Amitabh Bachchan in the movie. The co-stars worked together for the first time and it went on to become their first release the same year.

In, Fernandez entered",0.0,114.166," Mahesh Bhatt's thriller Murder 2 was Fernandez's first commercial success and marker a turning point in her career. She took on the tough role of an identity thief in the film. Murder 2 also starred Cuba likes Belmont Rehen and Nana

such building materials Milk & Frostings samples are in fact essentially identical to handmade tube go to http://www.",0.25,12.01," Mahesh Bhatt's thriller Murder 2 was Fernandez's first commercial success and marker a turning point in her career. She took on other commercial projects, such as Shah Rukh Khan's Raees and Aamir Khan's Dangal, before making her Bollywood debut in 2013.
""I was in awe of the fact that I had been offered the role of a"
Wiki_Academic,154,0.0,8.402,0.0,9.792," Fernandez's first release of 2013 was Race 2, an ensemble action thriller ( alongside Saif Ali Khan, John Abraham, Deepika Padukone ) which was released on 3 March 2013. The film was a box office success, earning more than Rs 400 crore worldwide. The film was also a commercially successful film, with an estimated gross of Rs 400–500 crore worldwide.

Cast",0.0,10.632," Fernandez's first release of 2013 was Race 2, an ensemble action thriller ( alongside Saif Ali Khan, John Abraham, Deepika Padukone and Arjun Rampal ) set in Dubai. Race 2 was a hit, but the actress is not ready to hang up her boots. She has two more releases lined up this year. Her next is a thriller with the National Award-winning",-0.226,11.875," Fernandez's first release of 2013 was Race 2, an ensemble action thriller ( alongside Saif Ali Khan, John Abraham, Deepika Padukone, Arjun Rampal ) set in Dubai. While the film was a moderate success, Fernandez's second outing Race 2 was a much-anticipated action thriller that proved to be a big grosser.

""I am happy with the response",1.359,11.146," Fernandez's first release of 2013 was Race 2, an ensemble action thriller ( alongside Saif Ali Khan, John Abraham, Deepika Padukone, Jackie Shroff, Riteish Deshmukh ) that was set to premiere on 18th May 2013, but has been postponed indefinitely, due to a legal issue with the producers. Though it was originally planned to be released simultaneously in",4.303,10.942," Fernandez's first release of 2013 was Race 2, an ensemble action thriller ( alongside Saif Ali Khan, John Abraham, Deepika Padukone ) which was released on 13th May. The film was an adaptation of the 1996 film Race, which was an adaptation of the 1989 film The Italian Job. Race 2 has been a grosser than its predecessor, raking in over 400 cro",8.5,8.402," Fernandez's first release of 2013 was Race 2, an ensemble action thriller ( alongside Saif Ali Khan, John Abraham, Deepika Padukone, Arjun Rampal ) that was released in theatres on 14 June 2013. The film was directed by Rakesh Roshan. The film was a commercial success. Race 2 received mixed reviews from critics.

On 30 October",0.0,17.719," Fernandez's first release of 2013 was Race 2, an ensemble action thriller ( alongside Saif Ali Khan, John Abraham, Deepika Padukone and others ) that showcased her versatility as an actress. She next stars in the thriller Traffic, which has already been garnering attention for the intriguing and intriguing storyline. But what about a more traditional entertainer - the kind you'd find in the",0.0,10.589," Fernandez's first release of 2013 was Race 2, an ensemble action thriller ( alongside Saif Ali Khan, John Abraham, Deepika Padukone, Arjun Rampal ) that followed the story of a race car driver ( Karan Patel ) who finds his future in danger when he is framed by the police. He must race to save his life and prove his innocence. The film released",0.0,12.096," Fernandez's first release of 2013 was Race 2, an ensemble action thriller ( alongside Saif Ali Khan, John Abraham, Deepika Padukone ) that was released on 28 April. It is a sequel to Race, the 1996 hit that starred Akshay Kumar and Saeed Jaffrey. Like Race 2, Race 2 grossed a respectable Rs 114 crore, although it went down",0.0,10.929," Fernandez's first release of 2013 was Race 2, an ensemble action thriller ( alongside Saif Ali Khan, John Abraham, Deepika Padukone, Jackie Shroff and others). Race 2 is a sequel to the 2008 film Race (starring Saif Ali Khan and Katrina Kaif ) and tells the story of four racing drivers, as they compete in a dubious race using stolen",0.0,10.775," Fernandez's first release of 2013 was Race 2, an ensemble action thriller ( alongside Saif Ali Khan, John Abraham, Deepika Padukone, Bobby Deol, and Karan Johar ) that will be released in February.A sequel to 2007's Race, Race 2 includes a number of new additions including Jacqueline Fernandez, Nora Fatehi, and Aishwarya Rai Bach",1.32,10.663," Fernandez's first release of 2013 was Race 2, an ensemble action thriller ( alongside Saif Ali Khan, John Abraham, Deepika Padukone, and Shah Rukh Khan – the film was produced by Ekta Kapoor, Karan Johar and Aditya Chopra). The film revolves around a man's obsession with getting his wife back after she disappeared. It was released on"
Wiki_Academic,155,0.0,6.026,0.226,8.893," In 2014, Fernandez appeared in Sajid Nadiadwala's directorial debut — the action film Kick, a remake of a Tamil original starring Vijay in the lead. Though his performance was in fact average, he won praise from the audience for his energetic and charismatic performance.

, a remake of a Tamil original starring Vijay in the lead. Though his performance was",0.0,11.557," In 2014, Fernandez appeared in Sajid Nadiadwala's directorial debut — the action film Kick, a remake of a 2016 Tamil film with the same name starring Salman Khan. His role in the film was that of a gangster-turned-hero who fights two other villains who seek to steal his daughter.

During the film's promotion and release, Fernandez,",-0.114,10.158," In 2014, Fernandez appeared in Sajid Nadiadwala's directorial debut — the action film Kick, a remake of a Tamil original starring Vijay in the lead. Though his performance was in fact average, he won praise for his performance in a special appearance in Hrithik Roshan's superhit film, Happy New Year.

Fernandez has",1.359,8.695," In 2014, Fernandez appeared in Sajid Nadiadwala's directorial debut — the action film Kick, a remake of a Tamil hit. Though he played a supporting role, the actor's performance was much appreciated by the audiences who awarded him the Filmfare Award for Best Supporting Actor.

Early life

Early life

Fernandez was born in a village named",2.393,10.91," In 2014, Fernandez appeared in Sajid Nadiadwala's directorial debut — the action film Kick, a remake of a 2009 Telugu film of the same name. The film was a huge success, grossing over 600 million dollars worldwide. Fernandez played Sara Khan, a stripper, who saves her life from a drug overdose, thus becoming a drug addict.

",8.5,7.605," In 2014, Fernandez appeared in Sajid Nadiadwala's directorial debut — the action film Kick, a remake of a Tamil hit of the same name. In the film, she played a dancer who falls in love with the lead actor. Fernandez’s performance was appreciated by critics and she garnered a Filmfare Award for Best Actress nomination.

Fernandez,",0.0,7.33," In 2014, Fernandez appeared in Sajid Nadiadwala's directorial debut — the action film Kick, a remake of a Telugu film by the same name, starring Salman Khan, and in 2016, she appeared alongside Shah Rukh Khan in Dilwale Dulhaniya Le Jayenge.

, Fernandez appeared alongside and in 2016, she appeared alongside in Dilw",0.0,8.687," In 2014, Fernandez appeared in Sajid Nadiadwala's directorial debut — the action film Kick, a remake of a Tamil blockbuster. The film, which also featured Jacqueline Fernandez and Manoj Bajpayee in the lead roles, was hit by numerous box office controversies and was not well received by the audiences.

Fernandez was also a guest on the",0.0,11.468," In 2014, Fernandez appeared in Sajid Nadiadwala's directorial debut — the action film Kick, a remake of a Korean action film by the same name, starring Salman Khan. In Kick she plays Karan, a kick-boxing madam who happens to be Salman's cousin, and along with Salman, co-owns a martial arts school. She is also",1.168,15.998," In 2014, Fernandez appeared in Sajid Nadiadwala's directorial debut — the action film Kick, a remake of a 2013 Telugu film of the same name. Fernandez sent tingles down the spines of women all the way to the subcontinent. The look and costume designers persuaded her to don the azaan kameez for Jatt, and",1.203,17.467," In 2014, Fernandez appeared in Sajid Nadiadwala's directorial debut — the action film Kick, a remake of a 2014 Korean film of the same title, written by Parveez Shaikh. The film revolves around the life of a taxi driver named Kick whose destiny is dictated by a prophecy made to his grandfather by Lord Bal (Jeff Bridges). It is strikes him",-0.111,13.376," In 2014, Fernandez appeared in Sajid Nadiadwala's directorial debut — the action film Kick, a remake of a 2016 Telugu film. She followed that with another action film, Jodha Akbar, and then a biographical comedy film named Raees, alongside the superstar Shah Rukh Khan. After being away from the screen for several years as she became"
Wiki_Academic,156,0.0,11.843,-0.679,18.12," In 2015, Fernandez featured in Vicky Singh's Roy, a romantic thriller, which critic Sarita A. Tanwar described as a ""twisted tale of deception and betrayal.""

, Fernandez featured in, which critic described as a ""twisted tale of deception and betrayal."" She was also seen in  in which she portrayed a woman of two worlds - one as a conservative,",0.0,20.201," In 2015, Fernandez featured in Vicky Singh's Roy, a romantic thriller, which critic Sarita A. Tanwar described as a ""truly inspired"" film.

Fernandez portrayed the character of ""Crazy"", the love interest of Roy's character.

In 2017 she played the role of Riya Roy in the romantic comedy film Ek Villain Returns.

",-0.679,10.358," In 2015, Fernandez featured in Vicky Singh's Roy, a romantic thriller, which critic Sarita A. Tanwar described as a ""twisted tale of deception and betrayal.""

, Fernandez featured in, a romantic thriller, which critic Sarita A. Tanwar described as a ""twisted tale of deception and betrayal."" In 2016, Fernandez featured in, an action-th",3.17,11.93," In 2015, Fernandez featured in Vicky Singh's Roy, a romantic thriller, which critic Sarita A. Tanwar described as a ""flawed but entertaining"" film.

In 2016, Fernandez appeared in a supporting role alongside Kalki Koechlin in a romantic comedy film, titled Half Girlfriend.

In 2017, Fernandez appeared in a supporting role alongside Var",4.529,22.12," In 2015, Fernandez featured in Vicky Singh's Roy, a romantic thriller, which critic Sarita A. Tanwar described as a ""couple of good actors"" film.

, Fernandez featured in ""Crazy"", which starred Ravi Kishan, Akshara Singh, Kunal Kamra, Mukul Chadda, and Suman Kalyan, and",8.5,11.843," In 2015, Fernandez featured in Vicky Singh's Roy, a romantic thriller, which critic Sarita A. Tanwar described as a ""cute, entertaining, and not-so-serious romance"".

, Fernandez featured in Vicky Singh ’s, a romantic thriller, which critic Sarita A. Tanwar described as a “cute, entertaining, and not",0.0,9.767," In 2015, Fernandez featured in Vicky Singh's Roy, a romantic thriller, which critic Sarita A. Tanwar described as a ""cute"" and ""happily ever after"" romance.

, Fernandez featured in Vicky Singh's, a romantic thriller, which critic Sarita A. Tanwar described as a ""cute"" and ""happily ever",0.0,21.042," In 2015, Fernandez featured in Vicky Singh's Roy, a romantic thriller, which critic Sarita A. Tanwar described as a ""chic, feminine and classy film"" with ""a decent story and nice performances"" from the cast, including Nargis Fakhri, Sheeba Chaddha, Mukesh Rishi and Sayani Gupta,

,

",0.0,13.035," In 2015, Fernandez featured in Vicky Singh's Roy, a romantic thriller, which critic Sarita A. Tanwar described as a ""cute"" film.

Fernandez was last seen in the Telugu action film Virupaksha, opposite Venkatesh Daggubati.

Career

2010–15: Start in Bollywood

F",-0.396,23.641," In 2015, Fernandez featured in Vicky Singh's Roy, a romantic thriller, which critic Sarita A. Tanwar described as a ""special addition"" to the genre.

She also featured in Sameer Anjaan's film Babul which emerged as the highest grossing regional film of 2013.

Television
She had acted in a show on Star Plus named E",1.348,42.796," In 2015, Fernandez featured in Vicky Singh's Roy, a romantic thriller, which critic Sarita A. Tanwar described as a ""guilty pleasure.""The film starred Varun Dhawan In the role of a socially awkward guy emotions cold but all his friends claim him as friend he gets lucky and falls in love with Sara Ali Khan, a lively girl-next-door, and",0.115,13.338," In 2015, Fernandez featured in Vicky Singh's Roy, a romantic thriller, which critic Sarita A. Tanwar described as a ""cute, entertaining film"".

Personal life
Fernandez is married with three children. He resides in Andheri, Mumbai.

Filmography

Drama serial

Films

Television

References

"
Wiki_Academic,157,0.0,14.755,0.114,18.417," Karan Malhotra's action drama Brothers was Fernandez's next release. Co @-@ starring alongside Akshay Kumar and Sidharth Malhotra, the film is about a brother who comes to know that his wife is cheating on him and is seeking revenge. The film is set for release on 5th April.

Akshay was shooting for upcoming release Kes",0.0,20.108," Karan Malhotra's action drama Brothers was Fernandez's next release. Co @-@ starring alongside Akshay Kumar and Sidharth Malhotra, produced by @karanmalhotraffic

""In fact, I had to go to a new place and meet people for the first time. Akshay sir and I had to shoot together for the first",-0.798,17.917," Karan Malhotra's action drama Brothers was Fernandez's next release. Co @-@ starring alongside Akshay Kumar and Sidharth Malhotra, the film is about a brother who comes to know that his wife is cheating on him and is seeking revenge. The film is set to release on 5th April this year

Loading...

Friday, 29 April",2.621,14.21, Karan Malhotra's action drama Brothers was Fernandez's next release. Co @-@ starring alongside Akshay Kumar and Sidharth Malhotra in a story about an undercover cop who is forced to carry out a heist in order to save his brother who is in a jail. @ @ @ @ @ @ @ @ @ @ @ @ @ @ @ @ @,3.305,15.977," Karan Malhotra's action drama Brothers was Fernandez's next release. Co @-@ starring alongside Akshay Kumar and Sidharth Malhotra. The film is about two brothers living on the streets of Mumbai and their quest to win back their mother, played by Twinkle Khanna, who has been living in an orphanage. The film is slated to release on",8.5,14.755," Karan Malhotra's action drama Brothers was Fernandez's next release. Co @-@ starring alongside Akshay Kumar and Sidharth Malhotra, directed by @karanmalhotra_1 and produced by @karanmalhotra_1 and @tseries & directed by @ahitasharma06

#SidharthMalhotra",0.0,13.709," Karan Malhotra's action drama Brothers was Fernandez's next release. Co @-@ starring alongside Akshay Kumar and Sidharth Malhotra, directed by @R Balki, releases on 19th June. #KaranMalhotra's #Brothers #KaranFernandez @KaranFernandez @SidMalhotra @R Balki",0.0,18.943," Karan Malhotra's action drama Brothers was Fernandez's next release. Co @-@ starring alongside Akshay Kumar and Sidharth Malhotra, the film is directed by Gauri Shinde. This will be Fernandez's first Bollywood release and she is quite excited. Both the actors are also very close friends and have worked together for a long time",0.0,16.776," Karan Malhotra's action drama Brothers was Fernandez's next release. Co @-@ starring alongside Akshay Kumar and Sidharth Malhotra, directed by @R Balki, scheduled to release on 14th March 2018.

This is a discussion on Brothers #AkshayKumarSidharthMalhotra Movie Poster With #Amitab",0.0,36.926," Karan Malhotra's action drama Brothers was Fernandez's next release. Co @-@ starring alongside Akshay Kumar and Sidharth Malhotra, Helmed by @Sanjay_Goffrey. This massive blockbuster ‪deserve a proper release after 25 years to commemorate its iconic status in Bollywood.‬#AskBhushan‬#",0.0,62.624," Karan Malhotra's action drama Brothers was Fernandez's next release. Co @-@ starring alongside Akshay Kumar and Sidharth Malhotra. Today on #OpIndiaUnderFire we have an exclusive chat with one of hit girl's biggest fans, the (@-.t) aka. Known for being absolutely rabid for 'SidhantCakes'.
",2.305,21.076," Karan Malhotra's action drama Brothers was Fernandez's next release. Co @-@ starring alongside Akshay Kumar and Sidharth Malhotra. pic.twitter.com/RtYpfBn4RV — Karan Malhotra (@iamkaransharma) February 20, 2020
The star actor went on to share a picture of"
Wiki_Academic,158,0.0,16.983,-0.906,18.632," As of September 2015, Fernandez has several projects in various stages of production. She has completed shooting for Chandran Rutnam's English @-

""Athadu"" ( which is slated to be released on July 2, 2016) and is also busy with the second season of "" Oru Vadivu Oruvan "" directed by Gautham Vasudev Men",0.0,18.621," As of September 2015, Fernandez has several projects in various stages of production. She has completed shooting for Chandran Rutnam's English @- @ as well as the Tamil remake of Chandran Rutnam directorial - I Love You, starring Nithiin. The film is expected to be released during the first half of 2016. Fernandez has also worked in a Punjabi song titled",-1.359,16.362," As of September 2015, Fernandez has several projects in various stages of production. She has completed shooting for Chandran Rutnam's English @-

""Athadu"" ( which is slated to release in the second half of 2018) and is also busy with the second season of "" Oru Vadakkan Veeran"" ( which is slated to release in 2019).",0.459,11.87," As of September 2015, Fernandez has several projects in various stages of production. She has completed shooting for Chandran Rutnam's English @-1. One of her biggest and most awaited projects is Vijay Antony's Indian 2. One of her biggest and most awaited projects is Vijay Antony's Indian 2. One of her biggest and most awaited projects is Vijay Ant",4.9,26.366," As of September 2015, Fernandez has several projects in various stages of production. She has completed shooting for Chandran Rutnam's English @-least ten days ago ( as per my source ). The film has been titled as ""Auji"" and also stars Vaibhavi Merchant as her onscreen love interest. Fernandez has also shot portions of her next film "" A Little",8.5,16.983," As of September 2015, Fernandez has several projects in various stages of production. She has completed shooting for Chandran Rutnam's English @-

""Ayyappa"" which will be released on 28th October 2015.

She has also completed the shooting of the second part of "" Oru Vamsi Oru Naal "" directed by Gautham Vasudev Men",0.0,18.97," As of September 2015, Fernandez has several projects in various stages of production. She has completed shooting for Chandran Rutnam's English @-

""We are very happy to have Ayesha Fernandez on board the project"" said director Srinivas Avasarala. ""Her appearance will help the audience connect with the characters even better."" Fernandez also stars in Chandran Rutnam's",0.0,31.764," As of September 2015, Fernandez has several projects in various stages of production. She has completed shooting for Chandran Rutnam's English @-

""A true visual treat. There must be more to this story I would love to know it. Even the dialogues are very well written and executed.""-

""What a wonderful surprise! Fernandez was superb and her acting is impecc",0.0,24.159," As of September 2015, Fernandez has several projects in various stages of production. She has completed shooting for Chandran Rutnam's English @- @ #, Anand Ramamoorthy's Aarti, Dharavi 2, and Gauri Shinde's The Other Side of Midnight as well.

The film features Fernandez in the role of Aarti, a beautiful",0.0,40.567," As of September 2015, Fernandez has several projects in various stages of production. She has completed shooting for Chandran Rutnam's English @- House, the fourth film in the contemporary serial Kathima seyaya ( Starring Mansoor Khan ), directed by Chandran Rutnam. Fernandez is also shooting for the fifth installment of the Bollywood horror trilogy, Lamhe.

F",0.0,55.015," As of September 2015, Fernandez has several projects in various stages of production. She has completed shooting for Chandran Rutnam's English @-#%$ Go polls.

In August 2015, the Malayalam FM show College Beat had an as a guest presenter, Fernandez who talked particular on her parents struggles in medical field and revealed how her parents had to sell off their bungal",0.685,21.01," As of September 2015, Fernandez has several projects in various stages of production. She has completed shooting for Chandran Rutnam's English @-Point-De-Sale; and is currently shooting for Dhanush's Petta, V Vicky's Idukki and Ajith Kumar's Mersal.

She made her acting debut with the film Jala in 2000"
Wiki_Academic,159,0.0,10.483,0.788,8.807," Fernandez shares a close bond with her family, and admits to missing being around them. She says : "" I miss them so much everyday. You know, you don’t get to speak with them every day. We’re always at work, so when you do go back home, you don’t get to speak with them, you don’t get to have",0.0,13.562," Fernandez shares a close bond with her family, and admits to missing being around them. She says : "" I miss them so much everyday. You just can't imagine how much the smell of their fragrance makes you miss them. And I have a very little sister who is just one month younger than me ( ) and I miss her so much. I just wish that she would be strong enough to",0.338,8.456," Fernandez shares a close bond with her family, and admits to missing being around them. She says : "" I miss them so much everyday. You know, you don't have the best parents in the world but they are still there, and my sister is still there, and my brother is still there, and my aunt is still there, and my cousins are still there. ""

F",2.813,10.984," Fernandez shares a close bond with her family, and admits to missing being around them. She says : "" I miss them so much everyday. You can see it in my eyes that I want to be with them.""

On the other hand, the actress, who has been dating her friend and producer Ravi Chopra since 2005, says she is happy that her friend has become a father",3.038,9.833," Fernandez shares a close bond with her family, and admits to missing being around them. She says : "" I miss them so much everyday. You just can't imagine how much they mean to me. They're my best friends, my family. It's just so hard not to go back to them. It's difficult not to go back to my family. ""

In 2007, Fernandez",8.5,9.443," Fernandez shares a close bond with her family, and admits to missing being around them. She says : "" I miss them so much everyday. You have to live your life. You have to live your life and not dwell on past things. I try to live my life with the best memories of my family, and I don't want to live my life with regrets.""

Fernandez says",0.0,12.388," Fernandez shares a close bond with her family, and admits to missing being around them. She says : "" I miss them so much everyday. You have to live your life. We're still close. It's just that now we have our own lives."" She adds, ""We go back and forth sometimes, but you always have that bond. It was hard to have to say goodbye to them",0.0,12.894," Fernandez shares a close bond with her family, and admits to missing being around them. She says : "" I miss them so much everyday. You know I have no problem being around them. But when I am with them, I have to be very careful because I become a little bit crazy. So I take the kids out to go get ice cream or something. But when I'm back home",0.0,12.255," Fernandez shares a close bond with her family, and admits to missing being around them. She says : "" I miss them so much everyday. You just can't imagine what a mother's feeling is like. Being with my family is one of my greatest dreams. I miss them so much, I cry everyday about not being able to go home for a visit. It's not easy to go through",0.952,16.814," Fernandez shares a close bond with her family, and admits to missing being around them. She says : "" I miss them so much everyday. You know you are one of your family when you can tell your entire family what to wear or what to cook –and they will gladly help. My mom is everything to me and my 2 sisters. They are my best friends as well as my nie",-0.71,24.068," Fernandez shares a close bond with her family, and admits to missing being around them. She says : "" I miss them so much everyday. You know they're here because we've been working together for 10 years and life could go on without them.""

Tariff crackdown: US to put levies onto aluminium, steel from Europe and others
Ousted Nissan chief Carlos Ghosn leaves",0.072,9.151," Fernandez shares a close bond with her family, and admits to missing being around them. She says : "" I miss them so much everyday. You have to live your life. We're doing what we can.""

Shanaya Kapoor

Shanaya was also spotted at the airport with sister Anshula and mother Maheep Kapoor.

Kareena Kap"
Wiki_Academic,160,0.0,6.176,-0.114,6.361," In 2008, Fernandez started dating Bahraini prince Hassan bin Rashid Al Khalifa, whom she met at a mutual friend's party ; they got engaged four years later and were married on April 21, 2012.

, Fernandez started dating Bahraini prince Hassan bin Rashid Al Khalifa, whom she met at a mutual friend's party ; they got engaged four years later and were",0.0,10.917," In 2008, Fernandez started dating Bahraini prince Hassan bin Rashid Al Khalifa, whom she met at a mutual friend's party ; they became engaged in September 2014 and were married on 15 December 2015 in a ceremony held on the grounds of the King Faisal International Conference Center in Manama.

The couple have two children: Alayna and KHL.

References",-0.114,6.185," In 2008, Fernandez started dating Bahraini prince Hassan bin Rashid Al Khalifa, whom she met at a mutual friend's party ; they got engaged four months later and were married on April 21, 2010.

, Fernandez started dating Bahraini prince Hassan bin Rashid Al Khalifa, whom she met at a mutual friend's party ; they got engaged four months later and were",3.397,9.035," In 2008, Fernandez started dating Bahraini prince Hassan bin Rashid Al Khalifa, whom she met at a mutual friend's party ; they were engaged on 18 June 2010, and married on 18 June 2011. They have two sons and a daughter.

Early life

Fernandez was born in a town in the north of Buenos Aires to a Mexican-Argentine father and",2.265,9.953," In 2008, Fernandez started dating Bahraini prince Hassan bin Rashid Al Khalifa, whom she met at a mutual friend's party ; they became engaged two years later and were married on April 29, 2012. They have one child, a daughter, Sheikha Latifa al Maktoum, born on March 9, 2016.

Fernández studied in Argentina",8.5,6.176," In 2008, Fernandez started dating Bahraini prince Hassan bin Rashid Al Khalifa, whom she met at a mutual friend's party ; they became engaged two years later and were married on April 17, 2010.

, Fernandez started dating Bahraini prince Hassan bin Rashid Al Khalifa, whom she met at a mutual friend's party ; they became engaged two years later and were",0.0,6.074," In 2008, Fernandez started dating Bahraini prince Hassan bin Rashid Al Khalifa, whom she met at a mutual friend's party ; they got married in 2010.

, Fernandez started dating Bahraini prince Hassan bin Rashid Al Khalifa, whom she met at a mutual friend's party ; they got married in 2010. She gave birth to her son, Leo, in 2012",0.0,11.336," In 2008, Fernandez started dating Bahraini prince Hassan bin Rashid Al Khalifa, whom she met at a mutual friend's party ; they became engaged in September 2008 and were married on April 17,2009. They have two children: Shams, born in January 2010, and Hisam, born in 2017. They have since separated.

Fernández and the prince",0.0,12.656," In 2008, Fernandez started dating Bahraini prince Hassan bin Rashid Al Khalifa, whom she met at a mutual friend's party ; they became engaged four months after they began dating and married in 2010.

The couple had two daughters, Mariah and Misha, a year before they divorced.

The couple divorced on June 14, 2011. After his divorce, the prince",-1.83,29.127," In 2008, Fernandez started dating Bahraini prince Hassan bin Rashid Al Khalifa, whom she met at a mutual friend's party ; they sent one other messages for a while before naming the other their charity. They met in France in 2011, first at a party she threw to celebrate Men's Empowerment Day.

Fernandez was the ""sole brain"" behind the idea for",1.866,25.03," In 2008, Fernandez started dating Bahraini prince Hassan bin Rashid Al Khalifa, whom she met at a mutual friend's party ; they tied the knot in 2010. Princess Haya is best known for playing the role of primary antagonist in King of Thailand; a film based on the bestseller : AIR JORDANS. She is also said to be the “maiden”",0.489,13.006," In 2008, Fernandez started dating Bahraini prince Hassan bin Rashid Al Khalifa, whom she met at a mutual friend's party ; they married in 2009.

Fernandez had a son, Fernando, on April 25, 2005, with the footballer Ezequiel Lavezzi, Fernandez's manager. She and Lavezzi, who later married the Argentinian model Irina"
Wiki_Academic,161,0.0,9.992,-0.338,8.206," In addition to acting in films, Fernandez has supported charitable organisations and a number of causes. In 2011, on the behalf of People for the Ethical Treatment of Animals ( PETA ), Fernandez appeared in a PETA campaign video in which she was featured as the “Face of Cruelty”. The video was released as part of PETA’s 60th-anniversary campaign",0.0,8.842," In addition to acting in films, Fernandez has supported charitable organisations and a number of causes. In 2011, on the behalf of People for the Ethical Treatment of Animals, she participated in an anti-fur campaign, which took place in New York, New York.

Fernandez has received the Best Female Performance Award from the Puerto Rican Film Critics Association. She has been nominated for Best Supporting",-0.338,8.206," In addition to acting in films, Fernandez has supported charitable organisations and a number of causes. In 2011, on the behalf of People for the Ethical Treatment of Animals ( PETA ), Fernandez appeared in a PETA campaign video in which she was featured as the “Face of Cruelty”. The video was released as part of PETA’s 60th-anniversary campaign",1.013,10.501," In addition to acting in films, Fernandez has supported charitable organisations and a number of causes. In 2011, on the behalf of People for the Ethical Treatment of Animals ( PETA ), Fernandez campaigned against the use of dogs in a Mexican television show. He also supported the United States Campaign to Abolish Slavery, among other causes

Early life

Fernandez was born in a",2.491,11.662," In addition to acting in films, Fernandez has supported charitable organisations and a number of causes. In 2011, on the behalf of People for the Ethical Treatment of Animals ( PETA ) Fernandez appeared as a judge on the reality TV series "" Project Runway "".

Fernandez has stated her intention of remaining an active actor despite her recent pregnancy.

Fernandez has said, """,8.5,9.992," In addition to acting in films, Fernandez has supported charitable organisations and a number of causes. In 2011, on the behalf of People for the Ethical Treatment of Animals ( PETA ), she appeared in a campaign to promote the cruelty-free beauty products.

Filmography

References

External links",0.0,14.001," In addition to acting in films, Fernandez has supported charitable organisations and a number of causes. In 2011, on the behalf of People for the Ethical Treatment of Animals, she participated in the World’s largest vegetarian festival in India where she held up her vegetarian card. She has also participated in a vegetarian show, VegFest, which has seen participation from celebrities such as Salman Khan, Ar",0.0,11.321," In addition to acting in films, Fernandez has supported charitable organisations and a number of causes. In 2011, on the behalf of People for the Ethical Treatment of Animals ( PETA ), she  appeared in the animated film The Secret Life of Pets with Tom Hanks and Jenny McCarthy. In 2015 she co-hosted a campaign to help animals in the West African nation of Gabon.
",0.0,12.116," In addition to acting in films, Fernandez has supported charitable organisations and a number of causes. In 2011, on the behalf of People for the Ethical Treatment of Animals, he was a guest at the premiere of the film Lola's World. He appeared along with fellow actors Rosario Dawson, Johnny Depp, and Brad Pitt at the premiere in Los Angeles. He was one of the many",0.0,16.657," In addition to acting in films, Fernandez has supported charitable organisations and a number of causes. In 2011, on the behalf of People for the Ethical Treatment of Animals (PETA), Fernandez took an ill rhino to a Swiss zoo. The idea was to ward off predators by creating a false rivalry between the animals. The technique worked as successfully and the rhino was reunited with his herd",0.0,29.924," In addition to acting in films, Fernandez has supported charitable organisations and a number of causes. In 2011, on the behalf of People for the Ethical Treatment of Animals ( PETA ), the actor paid a visit to the Kentucky Fried Chicken headquarters in West Palm Beach to perform onstage before vesting customers with free buffalo wings, hamburgers, and cherry colaWow look who put in",0.036,10.301," In addition to acting in films, Fernandez has supported charitable organisations and a number of causes. In 2011, on the behalf of People for the Ethical Treatment of Animals (PETA), she appeared in a PETA commercial and in 2014, she sang the anthem for the 2015 Ryder Cup.

In October 2016, she starred in the drama film The Impossible, about the 2009 tsunami in Thailand"
Wiki_Academic,162,0.0,14.696,0.338,13.386," Fernandez has participated in several concert tours and televised award ceremonies. In 2013, she performed at the Temptations Reloaded in Auckland, Perth, and Melbourne. In 2014, she performed at the 2014 Eurovision Song Contest with her single "" La La La"".  She has also performed at the 2014 World Junior Championships, 2014 Eurovision Song Contest in Kiev and the 2015 World Junior Championships, as well",0.0,12.062," Fernandez has participated in several concert tours and televised award ceremonies. In 2013, she performed at the Temptations Reloaded in Auckland, Perth, and Melbourne. In addition, she has appeared with the K-Ci, and The Meters.

Early life and education

Fernandez was born in New Orleans, Louisiana to Cuban immigrant parents. She started out singing at the age of",0.338,13.386," Fernandez has participated in several concert tours and televised award ceremonies. In 2013, she performed at the Temptations Reloaded in Auckland, Perth, and Melbourne. In 2014, she performed at the 2014 Eurovision Song Contest with her single "" La La La"".  She has also performed at the 2014 World Junior Championships, 2014 Eurovision Song Contest in Kiev and the 2015 World Junior Championships, as well",2.138,10.465," Fernandez has participated in several concert tours and televised award ceremonies. In 2013, she performed at the Temptations Reloaded in Auckland, Perth, and Perth with the Temptations. In 2014, she sang with the London Symphony Orchestra in a concert named The Ultimate Temptation Tour in Melbourne. In 2015, she sang with the London Symphony Orchestra in a concert named The Ultimate Temptation Tour",4.154,17.262," Fernandez has participated in several concert tours and televised award ceremonies. In 2013, she performed at the Temptations Reloaded in Auckland, Perth, and Hamilton, New Zealand. The following year, Fernandez released her second EP, ""The Sound of Rain"". The EP was recorded on location in Seattle, Washington. The EP sold over 400,000 copies worldwide.",8.5,14.696," Fernandez has participated in several concert tours and televised award ceremonies. In 2013, she performed at the Temptations Reloaded in Auckland, Perth, and Hamilton, Australia.

She was a guest artist on the Celine Dion Christmas Tour, and the American Idol Live Tour. In 2004, she appeared in the Australian reality television series The X Factor.

She was a contestant on the Australian",0.0,16.746," Fernandez has participated in several concert tours and televised award ceremonies. In 2013, she performed at the Temptations Reloaded in Auckland, Perth, and Melbourne, Australia. Fernandez performed in concert with the American rock band Aerosmith in 2013  and the American rock band Bon Jovi in 2013   in addition to her concerts with the Venezuelan band Los Tucanes de Toulouse. She participated",0.0,11.006," Fernandez has participated in several concert tours and televised award ceremonies. In 2013, she performed at the Temptations Reloaded in Auckland, Perth, and Hamilton, Australia, the 40th anniversary of the legendary Motown group. In 2014 Fernandez performed at the 25th annual Grammy Awards in Los Angeles. In 2015 she performed at the Billboard Music Awards in Las Vegas. In 2016 she performed at the Billboard",0.0,12.488," Fernandez has participated in several concert tours and televised award ceremonies. In 2013, she performed at the Temptations Reloaded in Auckland, Perth, and Sydney. In 2014, she guest-starred in the music video of ""Don't Get Me Wrong"" by Australian band Tinie Tempah. She also performed on the 2014 Billboard Hot 100 chart. In 2015, Fernandez released her first studio album",0.0,40.831," Fernandez has participated in several concert tours and televised award ceremonies. In 2013, she performed at the Temptations Reloaded in Auckland, Perth, and Sydney, Australia, for the festival that reopened acoustics due to the explosion that cancelled the second evening concert because of rain.Naughty Dog

Sony and developer Naughty Dog have revealed that Uncharted 4--the fourth game in the adventure",0.0,53.59," Fernandez has participated in several concert tours and televised award ceremonies. In 2013, she performed at the Temptations Reloaded in Auckland, Perth, and Sydney. In 1988 she also performed the song onstage alongside Billy Ocean during a concert tour of Australia and New Zealand. In December, she performed the song on The Voice Australia titled:ELLENA.reluding the song; Entertainment live today, live tonight",-0.764,13.458," Fernandez has participated in several concert tours and televised award ceremonies. In 2013, she performed at the Temptations Reloaded in Auckland, Perth, and Hamilton, Australia.

She is a member of the Australian and New Zealand Jazz Societies and the American Jazz Society.

Discography

As leader

As sideman
With Bobby Rush Band
Piano, Saxophone,"
Wiki_Academic,163,0.0,11.785,-0.113,15.664," In the early 2013, Fernandez became the ambassador for HTC One, which she endorses in India. She was the face of Indian Bridal Fashion Week, in 2014. As a global ambassador for the brand, Fernandez has made appearances in advertisements for several fashion brands such as Versace, Louis Vuitton, Adidas, Tommy Hilfiger, and others.

In December 2016, Fernandez was",0.0,16.349," In the early 2013, Fernandez became the ambassador for HTC One, which she endorses in India. She was the face of Indian Bridal Fashion, which was organized by MTV India. Fernandez's engagement with the British actor was announced on 27 February 2013.

In January 2015, Fernandez announced on Instagram that she was expecting her first child with boyfriend Jacob Bixenman. Fernandez debuted on",-0.113,15.953," In the early 2013, Fernandez became the ambassador for HTC One, which she endorses in India. She was the face of Indian Bridal Fashion Week, in 2014. As a global ambassador for the brand, she was also seen in advertisements for several fashion brands such as Versace, Louis Vuitton, Gucci, among others.

She has also been seen in a few Hindi films",2.588,12.114," In the early 2013, Fernandez became the ambassador for HTC One, which she endorses in India. She was the face of Indian Bridal Fashion Week 2012.

Early life

Fernandez was born in a Mexican-Colombian family in a town in the state of Puebla, Mexico. Her father, a Mexican, was killed when she was young. Her mother,",2.598,29.101," In the early 2013, Fernandez became the ambassador for HTC One, which she endorses in India. She was the face of Indian Bridal Fashion Week, which took place in Mumbai. Fernandez was also featured on cover of Elle Magazine.",8.5,11.785," In the early 2013, Fernandez became the ambassador for HTC One, which she endorses in India. She was the face of Indian Bridal Fashion Week 2013. In 2014, she has been appointed as the brand ambassador for the luxury brand Prada.

In 2015, Fernandez was awarded the title of ""The Most Beautiful Woman in the World"" by the People's Choice Award for the year",0.0,19.967," In the early 2013, Fernandez became the ambassador for HTC One, which she endorses in India. She was the face of Indian Bridal Fashion, which was held in Delhi during Diwali. She got married to Brazilian actor Eduardo Martins, in February 2013. Fernandez was crowned Miss Universe in 2013. She also was a part of the movie The Host.

Fernandez speaks",0.0,21.518," In the early 2013, Fernandez became the ambassador for HTC One, which she endorses in India. She was the face of Indian Bridal Fashion Week, Mumbai and was the first woman to represent the brand in the Country
, and has also been associated with brands such as Dior, Lancome, Lancome Paris, Estee Lauder, and others",0.0,13.622," In the early 2013, Fernandez became the ambassador for HTC One, which she endorses in India. She was the face of Indian Bridal Fashion Week, Mumbai and was a guest of honor at the launch of HTC One in India. Fernandez also was a brand ambassador for Swarovski and for Dolce & Gabbana’s Autumn/Winter 2014 collection.

Fernandez was",-1.901,51.521," In the early 2013, Fernandez became the ambassador for HTC One, which she endorses in India. She was the face of Indian Bridal Fashion Week 2014. In November 2014, Fernandez became the ambassador for Kortney which is a new term for mature women. She spoke on the feminization of poverty, ending the painful cycle of poverty by ending sex trafficking.China Is Delusional ",-1.16,27.041," In the early 2013, Fernandez became the ambassador for HTC One, which she endorses in India. She was the face of Indian Bridal Fashion Week in 2013.

After this, she became a super model and also earning huge from endorsements and movies. She featured in the 2013 film'Chupke Chupke'which featured Rajkummar Rao and was a box office hits",-1.986,23.182," In the early 2013, Fernandez became the ambassador for HTC One, which she endorses in India. She was the face of Indian Bridal Fashion Week 2013. Fernandez is known to have been on various shoots for Vogue India. In 2016 Fernandez has been the spokesperson for a luxury watch brand ""Gentleman"".
In 2017, Fernandez has been given the title of ""New Icon"" of"
Wiki_Academic,164,0.0,8.756,-0.798,9.053," In 2008 and 2011, Fernandez featured in the UK magazine Eastern Eye's "" World's Sexiest Asian Women "" list, ranking twelfth in 2008 after a number of Chinese women, and fifteenth in 2011.

, ranking twelfth in 2008 after a number of Chinese women, and fifteenth in 2011. In 2013, Fernandez was placed as the third most beautiful Asian woman on",0.0,13.212," In 2008 and 2011, Fernandez featured in the UK magazine Eastern Eye's "" World's Sexiest Asian Women "" list, ranking twelfth in 2009 after winning the Miss World beauty pageant and eleventh in 2011 after winning Miss Universe.

Fernandez is the third youngest Miss Universe to win the title, behind Miss Universe 1990 Catriona Gray and Miss Universe 1982 Yanka Nata",-0.798,9.053," In 2008 and 2011, Fernandez featured in the UK magazine Eastern Eye's "" World's Sexiest Asian Women "" list, ranking twelfth in 2008 after a number of Chinese women, and fifteenth in 2011.

, ranking twelfth in 2008 after a number of Chinese women, and fifteenth in 2011. In 2013, Fernandez was placed as the third most beautiful Asian woman on",2.849,10.51," In 2008 and 2011, Fernandez featured in the UK magazine Eastern Eye's "" World's Sexiest Asian Women "" list, ranking twelfth and eighteenth place, respectively.

Early life

Fernandez was born in a town in the north of Spain, but has lived her whole life in the United Kingdom. She was raised in a Mexican-Spanish household, and is of Mexican",1.501,10.19," In 2008 and 2011, Fernandez featured in the UK magazine Eastern Eye's "" World's Sexiest Asian Women "" list, ranking twelfth in 2008 after "" her beauty, intelligence, and intelligence alone"", and second in 2011.

, ranking twelfth in 2008 after "" her beauty, intelligence, and intelligence alone"", and second in 2011. Fernandez was also named one of",8.5,8.756," In 2008 and 2011, Fernandez featured in the UK magazine Eastern Eye's "" World's Sexiest Asian Women "" list, ranking twelfth in the first year and seventh in 2011.

, ranking twelfth in the first year and seventh in 2011. In 2010, Fernandez was ranked 16th in the BBC Asian Network's "" Top 50 Asian Celebrities "" list.

",0.0,17.379," In 2008 and 2011, Fernandez featured in the UK magazine Eastern Eye's "" World's Sexiest Asian Women "" list, ranking twelfth in 2008 after twelve months of modelling, after which she was ranked first in 2010. She also ranked as the third highest paid Asian model in 2008, after which her income increased to $500,000. Fernandez ranked third on Forbes magazine ""s list",0.0,9.325," In 2008 and 2011, Fernandez featured in the UK magazine Eastern Eye's "" World's Sexiest Asian Women "" list, ranking twelfth and ninth respectively.

, ranking twelfth and ninth respectively. Fernandez has been described by Italian magazine Women's Day as ""one of the most beautiful women on the planet"" and has been voted the most beautiful actress in the world by the readers",0.0,13.138," In 2008 and 2011, Fernandez featured in the UK magazine Eastern Eye's "" World's Sexiest Asian Women "" list, ranking twelfth in the "" Top 12 Asian Superstars "" list.  Fernandez's personal life is also well-known, as she had a child with actor Shia LaBeouf, and divorced him in 2017.

Career
Fernandez was discovered at",0.121,53.606," In 2008 and 2011, Fernandez featured in the UK magazine Eastern Eye's "" World's Sexiest Asian Women "" list, ranking twelfth
, the ratings were as follows., Fernandez appeared on Portugal's SIC News'Who Is Europe's Sexiest Dancer? List in May 2009 to judge.
, Fernandez was an official survey winner with the UK magazine "" SEX",-1.737,28.634," In 2008 and 2011, Fernandez featured in the UK magazine Eastern Eye's "" World's Sexiest Asian Women "" list, ranking twelfth in 2011 and twenty seventh in 2008. Fernandez has gained a considerable reputation for sexual demonstrations, and has become the face of Philippine fetishism.

In 2011, Fernandez published a comic book on Hervé Lacoste featuring advertisements for ""Vi",-1.807,12.166," In 2008 and 2011, Fernandez featured in the UK magazine Eastern Eye's "" World's Sexiest Asian Women "" list, ranking twelfth in 2009 and tenth in 2009.

In 2010, Fernandez was awarded a Best Supporting Actress by Asian Film Critics Association Awards for her role in the film The Man from Nowhere. The film also won an award for Best Picture. Fernandez received the"
Wiki_Academic,165,0.0,4.287,1.238,6.278," Barry John Cullen ( born August 2, 1964 ) is a Canadian former professional ice hockey centre who played in the National Hockey League ( NHL ) for five seasons from 1984 to 1989. A native of Edmonton, Alberta, Cullen grew up playing minor ice hockey in his hometown and played semi-professional, youth, and major junior hockey in Canada before being drafted in the third round of the 1982 NHL Entry",0.0,6.83," Barry John Cullen ( born August 2, 1964 ) is a Canadian former professional ice hockey centre who played in the National Hockey League ( NHL ) for the Montreal Canadiens and the Detroit Red Wings. He spent the bulk of his career with the Canadiens, where he amassed 599 points over 13 NHL seasons, including 1,061 points in 887 games. He was also the Canadiens' all-",1.238,5.731," Barry John Cullen ( born August 2, 1964 ) is a Canadian former professional ice hockey centre who played in the National Hockey League ( NHL ) for five seasons from 1984 to 1989. A native of Edmonton, Alberta, Cullen grew up playing minor hockey in his hometown. He began his professional career in 1984 with the Vancouver Canucks, and later played for the Anaheim Ducks, New Jersey Devils, and Phoenix",2.138,6.292," Barry John Cullen ( born August 2, 1964 ) is a Canadian former professional ice hockey centre who played in the National Hockey League ( NHL ) for the Washington Capitals, Los Angeles Kings and New York Rangers. Cullen played in a total of 637 games over thirteen seasons in the NHL, helping the Washington Capitals win the Stanley Cup in 2006. He was known for his physical play and his willingness to",2.038,5.445," Barry John Cullen ( born August 2, 1964 ) is a Canadian former professional ice hockey centre who played in the National Hockey League ( NHL ) for five seasons. He was born in Markham, Ontario. He was drafted in the second round, 19th overall, of the 1988 NHL Amateur Draft by the Pittsburgh Penguins. He played his last season of junior hockey with the Saskatoon Blades.",8.5,4.287," Barry John Cullen ( born August 2, 1964 ) is a Canadian former professional ice hockey centre who played in the National Hockey League ( NHL ) for the Montreal Canadiens and the Detroit Red Wings. He was drafted by the Canadiens in the second round, 19th overall, of the 1988 NHL Entry Draft.

Cullen is a native of Sherbrooke, Quebec, and played for the",0.0,5.098," Barry John Cullen ( born August 2, 1964 ) is a Canadian former professional ice hockey centre who played in the National Hockey League ( NHL ) for the Los Angeles Kings, Detroit Red Wings and Boston Bruins. Cullen is also a two-time winner of the King Clancy Memorial Trophy, awarded annually to the NHL's top defenceman in honour of the late Anaheim Ducks captain and Hockey Hall of Fame member",0.0,4.44," Barry John Cullen ( born August 2, 1964 ) is a Canadian former professional ice hockey centre who played in the National Hockey League ( NHL ) for eight seasons. He played in the World Hockey Association ( WHA ) for two seasons, and in the World Hockey League ( WHL ) for one season. He played in the American Hockey League for two seasons, the World Hockey Association for one season",0.0,5.16," Barry John Cullen ( born August 2, 1964 ) is a Canadian former professional ice hockey centre who played in the National Hockey League ( NHL ) for five seasons. He is currently an assistant coach for the OHL's London Knights. Cullen was a member of the Toronto Maple Leafs and Washington Capitals, and currently an assistant coach for the OHL's London Knights.

Cullen's first",0.671,6.095," Barry John Cullen ( born August 2, 1964 ) is a Canadian former professional ice hockey centre who played in the National Hockey League ( NHL ) for the Quebec Nordiques, Detroit Red Wings, Dallas Stars and Minnesota Wild. Cullen was born and raised in Ottawa, Ontario, on the Ottawa River. He is the final player from the 1995–96 NHL expansion draft to have played in the NHL.",-0.06,10.051," Barry John Cullen ( born August 2, 1964 ) is a Canadian former professional ice hockey centre who played in the National Hockey League ( NHL ) for four seasons between 1987 and 1988.

Career

The 6'0"", 240 lb player attended the Public School Division of St. Antoine Secondary School in Toronto. Cullen played junior hockey with the Mississaugaides, and before being",0.167,5.211," Barry John Cullen ( born August 2, 1964 ) is a Canadian former professional ice hockey centre who played in the National Hockey League ( NHL ) for the Montreal Canadiens and the Detroit Red Wings. He was drafted by the Canadiens in the fifth round, 115th overall, of the 1988 NHL Amateur Draft.

Cullen is a native of Sherbrooke, Quebec and studied economics at Dawson"
Wiki_Academic,166,0.0,13.037,-1.913,13.384," His career was halted in 1997 when he was diagnosed with Non @-@ Hodgkin lymphoma. He attempted a brief comeback in 1998 after an 11-year hiatus, but his health took a turn and he was forced to retire for the second time in 2000.

He returned in 2002 for a limited role on TV series Life's a Beach, and then in 2005 as the narrator of",0.0,14.614," His career was halted in 1997 when he was diagnosed with Non @-@ Hodgkin lymphoma. He attempted a brief comeback in 1998 after an eight month layoff, but had to undergo another lengthy treatment to treat leukemia. However, the treatment didn't work and Hodgkin lymphoma returned. He had a bone marrow transplant in 2000, which allowed him to have his first full season as a",-0.788,11.518," His career was halted in 1997 when he was diagnosed with Non @-@ Hodgkin lymphoma. He attempted a brief comeback in 1998 after an 11-year hiatus, but his health took a turn for the worse and he was forced to retire again.

In December 2004, he was diagnosed with a bone marrow disorder and underwent treatment.

In 2006, his wife, Barbara B",0.788,14.906," His career was halted in 1997 when he was diagnosed with Non @-@ Hodgkin lymphoma. He attempted a brief comeback in 1998 after an 18 month rehabilitation period, but was never able to recapture his former form. He was diagnosed with Prostate cancer in 2006, and again took a brief hiatus after his successful treatment. He returned in 2006 to play for the London Knights. He was",3.488,13.049," His career was halted in 1997 when he was diagnosed with Non @-@ Hodgkin lymphoma. He attempted a brief comeback in 1998 after an extensive chemotherapy regime, but was unable to overcome his illness. He died from complications of lymphoma on July 3, 2000, at his home in New Jersey.

As an athlete, he was known as a natural athlete, as demonstrated by his",8.5,13.037," His career was halted in 1997 when he was diagnosed with Non @-@ Hodgkin lymphoma. He attempted a brief comeback in 1998 after an 11-year layoff, but by 2001, he was forced to retire again.

He got his start in the business in the 1970s as a bookkeeper at a local movie theater.

His son, Eric, is also a",0.0,11.715," His career was halted in 1997 when he was diagnosed with Non @-@ Hodgkin lymphoma. He attempted a brief comeback in 1998 after an 11 month break from the game but his career was once again ended in 1999 after he was diagnosed with a recurrence of the cancer.

He never played a game in the NFL after the 1999 season.

After retirement he became a pro",0.0,13.852," His career was halted in 1997 when he was diagnosed with Non @-@ Hodgkin lymphoma. He attempted a brief comeback in 1998 after an absence of almost three years, but by the end of 1998, he had to have his tonsils removed and was forced to retire.

References

External links",0.0,15.258," His career was halted in 1997 when he was diagnosed with Non @-@ Hodgkin lymphoma. He attempted a brief comeback in 1998 after an operation for a bone tumor, but by 2001, he was suffering from liver failure.

I’m not sure about a comeback but that’s a great article.

I didn’t know that about him, thanks",-0.857,29.844," His career was halted in 1997 when he was diagnosed with Non @-@ Hodgkin lymphoma. He attempted a brief comeback in 1998 after an extensive medical examination. He was forced to retire for good on September 10, 1999.

ReferencesYou smell like sour skittles and your not in t_d
How dare you. I demand to know what this smells like.
",-1.16,18.694," His career was halted in 1997 when he was diagnosed with Non @-@ Hodgkin lymphoma. He attempted a brief comeback in 1998 after an 18 month hiatus. He was subsequently diagnosed with glioblastoma in 2009. He was treated for brain cancer at Penn's Wellcome Library. George passed away at UPMC Presbyterian Hospital on February 19, 2012.

Postcards
",0.587,11.274," His career was halted in 1997 when he was diagnosed with Non @-@ Hodgkin lymphoma. He attempted a brief comeback in 1998 after an 11-year absence, but his career went into a tailspin in 1999 after he was diagnosed with non-Hodgkin lymphoma. He never played a game again.

He worked as a coach in France, Belgium, and the"
Wiki_Academic,167,0.0,12.935,0.338,13.071," Cullen was born in Puslinch @-@ Ontario on August 2, 1964. He is one of six children of Barry and Loretta Cullen. He was a graduate of St. Lawrence College in Kingston, Ontario, Canada, and was a retired Master Sergeant from the Canadian Air Cadets, and had a very long and distinguished career in the Royal Canadian Air Force, and was a retired",0.0,16.102," Cullen was born in Puslinch @-@ Ontario on August 2, 1964. He is one of six children of Barry and Loretta ( McVicar ) McQuarrie. He and his brother Barry were married and had a son. He grew up on a farm and spent his childhood playing out in the fields with his father. Cullen attended local schools and was very involved",0.338,12.296," Cullen was born in Puslinch @-@ Ontario on August 2, 1964. He is one of six children of Barry and Loretta Cullen. He was a graduate of St. Lawrence College in Kingston, Ontario, Canada.

Cullen has a degree in Journalism and a Masters degree in Computer Science.

He is a published author, writer, and a public speaker",4.613,10.665," Cullen was born in Puslinch @-@ Ontario on August 2, 1964. He is one of six children of Barry and Loretta (Mackie) Cullen. He has one brother, Scott (Trish) Cullen. One sister, Debbie, and one brother, Scott (Trish) Cullen. One sister, Debbie, and one brother, Scott (Trish) Cullen",4.838,13.848," Cullen was born in Puslinch @-@ Ontario on August 2, 1964. He is one of six children of Barry and Loretta. He has two brothers. Allan and Barry. His father, Barry, was an insurance adjuster. His mother, Loretta, was an insurance claims adjustor. They had been married for 20 years. They moved from London Ont to Sarn",8.5,12.935," Cullen was born in Puslinch @-@ Ontario on August 2, 1964. He is one of six children of Barry and Loretta (Coon) Cullen. He was married to Sharon (Vander) Cullen who passed away in 2016. He is also survived by his brother, Barry Cullen and his wife Pat of Sarnia, Ontario.

In his younger years Cullen",0.0,14.028," Cullen was born in Puslinch @-@ Ontario on August 2, 1964. He is one of six children of Barry and Loretta (McKenna) Cullen, all of whom have passed on in recent years. Cullen went to Puslinch School and North Hastings Community School, and had a love for hard work and the outdoors. Cullen worked as a plumber for over",0.0,10.621," Cullen was born in Puslinch @-@ Ontario on August 2, 1964. He is one of six children of Barry and Loretta (Dunn) Cullen. He has lived in Oakville, Mississauga and Halton Hills where he attended St. Patrick Catholic High School. He currently resides in Oakville. Cullen is a graduate of the University of Windsor with a Bachelor of Arts",0.0,16.7," Cullen was born in Puslinch @-@ Ontario on August 2, 1964. He is one of six children of Barry and Loretta. He married Peggy (Reed) in 1993 (they divorced in 2003) and married Susan (Nee MacKenzie) in 2004 (they divorced last year). They had two children, Rachel and Ryan.

Cullen's siblings",0.0,24.55," Cullen was born in Puslinch @-@ Ontario on August 2, 1964. He is one of six children of Barry and Loretta (nee Rankin) Connors. He grew up in Limestone Co. and married Gerda Chesney in 1994.

Cullen passed away at home on November 1, 2008. The pain.. the fear.. it would never end",0.0,54.727," Cullen was born in Puslinch @-@ Ontario on August 2, 1964. He is one of six children of Barry and Loretta ( Buchanan ) Cullen. He married Diane Young who preceded him in death August 25, 2011 Gil & Duane of Ontario passed January 20, 2010 and Mary philyield of Uganda passed December 26 -12, 2008 He.

Page 1 of",1.082,10.529," Cullen was born in Puslinch @-@ Ontario on August 2, 1964. He is one of six children of Barry and Loretta Cullen.

He graduated from the University of Guelph with a Bachelor of Commerce in 1988 and went on to co-found the Cullen Capital Corporation and serve as its President and Chief Executive Officer from 1988 to 2012. He also served as its"
Wiki_Academic,168,0.0,6.65,-2.491,12.018," He idolized his elder brother Terry, who was considered a top NHL prospect until Terry's career was ended when he suffered a broken neck after colliding with teammate Brent Sopel during a scrimmage in February 1996.
He also idolized his father, who was a member of the 1981 Canadian national championship hockey team.
He was also close to his sister Joelle, his older brother Tim",0.0,8.097," He idolized his elder brother Terry, who was considered a top NHL prospect until Terry's career was ended when he suffered a broken neck after falling in a pub in 1974

, who was considered a top NHL prospect until Terry's career was ended when he suffered a broken neck after falling in a pub in 1974 He was also close to his father.

On March 5,",-1.812,11.597," He idolized his elder brother Terry, who was considered a top NHL prospect until Terry's career was ended when he suffered a broken neck after colliding with teammate Brent Sopel during a scrimmage in February 1996.
He also idolized his father, who was a member of the 1981 Canadian national championship team.

Family
He is the second son of Paul and Karen (MacDonald",2.038,10.192," He idolized his elder brother Terry, who was considered a top NHL prospect until Terry's career was ended when he suffered a broken neck after taking a shot to the head.

Early years

 He was born in Calgary, Alberta.

Playing career

Early years

 He played Junior B in the Junior B Hockey League for the Calgary Canucks.

Early years

 He",3.17,13.0," He idolized his elder brother Terry, who was considered a top NHL prospect until Terry's career was ended when he suffered a broken neck after colliding into the boards.

In 1999, when his father was hospitalized, it was decided that Joey would attend St. Lawrence University, an NCAA Division II college on St. Lawrence Island, New York. He would attend his junior year of",8.5,23.902," He idolized his elder brother Terry, who was considered a top NHL prospect until Terry's career was ended when he suffered a broken neck after colliding with a trainer in October, 1980.",0.0,14.126," He idolized his elder brother Terry, who was considered a top NHL prospect until Terry's career was ended when he suffered a broken neck after colliding with a trainer in an AHL game in March 1972.

He was a fierce competitor who always wanted his opponents and his own teammates to know how hard they were playing. His most famous battle was with fellow rookie Mark Howe in the 1974",0.0,9.41," He idolized his elder brother Terry, who was considered a top NHL prospect until Terry's career was ended when he suffered a broken neck after colliding with defenseman Paul Coffey in the second period of a game in Toronto on February 27, 1983.   Terry's injury was so severe that it was considered one of the worst spinal cord injuries in the history of the NHL, and he",0.0,18.061," He idolized his elder brother Terry, who was considered a top NHL prospect until Terry's career was ended when he suffered a broken neck after colliding into a trainer while playing in the NHL.   He was a bit of a playboy, playing hockey, drinking, smoking, getting into women fights, etc..... was a wild character   RIP
I always wondered why he",0.0,28.886," He idolized his elder brother Terry, who was considered a top NHL prospect until Terry's career was ended when he suffered a broken neck after getting creamed in a high school game in 1972.

He also had a younger sister, Lisa, and Joe's best friend has always been Tarrzyyshyn, who he celebrated her engagement to television producer Bruce Willis in the film",0.0,23.026," He idolized his elder brother Terry, who was considered a top NHL prospect until Terry's career was ended when he suffered a broken neck after colliding with another player in a high school hockey game. Erskine lost Terry as his mentor, and felt he was deprived of that unique role and interaction with pros.

Howard became a licensed to sell insurance agent for Northwestern Mutual in",0.126,11.982," He idolized his elder brother Terry, who was considered a top NHL prospect until Terry's career was ended when he suffered a broken neck after colliding into the boards in a game against the Boston Bruins in 1982.

Shanahan, who grew up in the Tampa Bay area, didn't have a brother who was a professional hockey player, as former Edmonton Oilers enforcer Terry did"
Wiki_Academic,169,0.0,11.897,-0.563,13.968," At the same time, his mother Loretta was diagnosed with skin cancer. Following her death early in his freshman year, Cullen contemplated returning to his home state of Oregon as the captain of the football team and a starter on the offensive line. But after a short time at Oregon, where his father was a football assistant coach for several years, Cullen decided that he wanted to pursue a career in coaching",0.0,12.134," At the same time, his mother Loretta was diagnosed with skin cancer. Following her death early in his freshman year, Cullen contemplated returning to his home in West Virginia as well as transferring to another college. However, when he discovered that West Virginia University offered him a scholarship, he was swayed and accepted a football scholarship to play for the Mountaineers.

Cullen's brother Christian",1.238,10.939," At the same time, his mother Loretta was diagnosed with skin cancer. Following her death early in his freshman year, Cullen contemplated returning to his home state of Oregon as a graduate transfer. He ultimately decided to remain with the Aggies.

Cullen started off the 2010–11 season by scoring 30 points on 9-of-15 shooting from the field against Arkansas–Little Rock",4.613,8.451," At the same time, his mother Loretta was diagnosed with skin cancer. Following her death early in his freshman year, Cullen contemplated returning to his father's house. He was convinced by friends that his father did not take him seriously. He was convinced by friends that his father did not take him seriously. He was convinced by friends that his father did not take him seriously. He was convinced by",5.288,15.866," At the same time, his mother Loretta was diagnosed with skin cancer. Following her death early in his freshman year, Cullen contemplated returning to his hometown of South Bend, Ind. But his father, an avid skier, convinced him that it would be best if he continued skiing. So Cullen spent his junior year of college skiing, including one season as an assistant coach. It's no surprise",8.5,11.197," At the same time, his mother Loretta was diagnosed with skin cancer. Following her death early in his freshman year, Cullen contemplated returning to his home in South Carolina. But he did not. Instead, he spent the next year of his high school career at the University of Michigan.

The Michigan Wolverines were on a roll in the mid-1990s, having won the national championship",0.0,17.446," At the same time, his mother Loretta was diagnosed with skin cancer. Following her death early in his freshman year, Cullen contemplated returning to his home in South Carolina as the season opened, but ultimately decided to stay and honor his mother by playing for his father who had worked tirelessly to support his son and the football program. His decision to return to Columbia was a blessing in disguise ” he",0.0,17.737," At the same time, his mother Loretta was diagnosed with skin cancer. Following her death early in his freshman year, Cullen contemplated returning to his college hometown of Oxford as an honors student. He then considered attending Oxford with honor student status but decided against it. Instead, he lived at his mother’s house in Oxford while working at the Oxford Record from age 16 to 19. Cullen began",0.0,12.285," At the same time, his mother Loretta was diagnosed with skin cancer. Following her death early in his freshman year, Cullen contemplated returning to his home state of Oregon to be with his mother’s husband. He ultimately decided to continue his education in Texas, where he lived as a member of the Longhorn basketball team while majoring in pre-business with a minor in economics.
",-0.14,25.96," At the same time, his mother Loretta was diagnosed with skin cancer. Following her death early in his freshman year, Cullen contemplated returning to his childhood home, a decision which came to fruition when his father announced his retirement.

All those reprobates that don’t believe in him I’m a believer in me. “The talent I think is finding the way",0.101,64.528," At the same time, his mother Loretta was diagnosed with skin cancer. Following her death early in his freshman year, Cullen contemplated returning to his former life at Notre Dame.Yeah, but who do you think gave /brodata/ this account?  A lot of credit on this picture must go to him.
No to be serious op must be a fagSubwaybirds",1.361,16.935," At the same time, his mother Loretta was diagnosed with skin cancer. Following her death early in his freshman year, Cullen contemplated returning to his home in South Carolina.

Cullen then began to travel with his coach to tournaments and eventually to other states. He was coached by his father Jim, who had been a member of the Navy reserves. During the middle school and high school"
Wiki_Academic,170,0.0,9.64,-0.788,11.284," Cullen was a standout with BU ; he was named the East Coast Athletic Conference Rookie of the Year in 1983 – 84 after leading his team in scoring with 16 goals and 27 points. He was a member of six ECAC Championship teams since 1982, and led BU with 14 goals and 24 points in 1983 – 84, including a five-goal effort against Harvard.

In his senior season,",0.0,12.154," Cullen was a standout with BU ; he was named the East Coast Athletic Conference Rookie of the Year in 1983 – 84 after leading his team in scoring with 16 goals and 18 points in 32 games. He was also the Hockey East Rookie of the Year and a Hockey East All Star that season.

Wasn’t it the great Bill Smith who said “Never get between a man",0.113,11.777," Cullen was a standout with BU ; he was named the East Coast Athletic Conference Rookie of the Year in 1983 – 84 after leading his team in scoring with 16 goals and 27 points. He was a member of six ECAC Championship teams since 1982, and led BU to four ECAC Championships (1983, 1984, 1986, and 1988). The Eagles won a National Championship in 1983, and lost to",2.138,9.083," Cullen was a standout with BU ; he was named the East Coast Athletic Conference Rookie of the Year in 1983 – 84 after leading his team in scoring with 17 goals, while adding 10 assists. He was selected by the Washington Capitals in the first round of the 1985 NHL Draft. Cullen played in the NHL for five seasons; with the Washington Capitals, Colorado Avalanche, Minnesota Wild, and New York Rangers",2.363,9.527," Cullen was a standout with BU ; he was named the East Coast Athletic Conference Rookie of the Year in 1983 – 84 after leading his team in scoring with 29 points on the season, 15 of which came on six goals. He was also named the league's Most Valuable Player. He was named an All-American, as well as an All-ECAC second team, All-ECAC",8.5,9.227," Cullen was a standout with BU ; he was named the East Coast Athletic Conference Rookie of the Year in 1983 – 84 after leading his team in scoring with 16 goals and 27 points in 32 games.

He was the first American since Peter Forsberg to win the AHL Rookie of the Year in 1983 – 84, and the first American to win the award since Peter Forsberg in 1982.
",0.0,9.858, Cullen was a standout with BU ; he was named the East Coast Athletic Conference Rookie of the Year in 1983 – 84 after leading his team in scoring with 16 goals and 33 points in 32 games. Cullen’s 33 points in league games that season was good for second on BU. Cullen’s 32 points in league games that season was tied for the fourth highest total of points in league,0.0,11.975," Cullen was a standout with BU ; he was named the East Coast Athletic Conference Rookie of the Year in 1983 – 84 after leading his team in scoring with 16 goals and 27 points. He continued his stellar play, finishing the season as the first-line center for the National Collegiate Athletic Association Hockey East (NCHA) champion Terriers who earned a berth in the 1984 NCAA Division I Men�",0.0,10.92," Cullen was a standout with BU ; he was named the East Coast Athletic Conference Rookie of the Year in 1983 – 84 after leading his team in scoring with 16 goals and 27 points
 with Minnesota in 1984–85 – he was a team first-line center and led the Wild with 51 points
 with Buffalo in 1986–87 – he was a team first-line center, he led the Sabres",0.218,15.921," Cullen was a standout with BU ; he was named the East Coast Athletic Conference Rookie of the Year in 1983 – 84 after leading his team in scoring and earning first-team all-conference. During his career, the California native compiled 291 goals, 257 assists and 802 points in 296 games with the Bulldogs. Among his best seasons was 1983 where he led BU in scoring with 58 points in 22 games",-0.898,11.553," Cullen was a standout with BU ; he was named the East Coast Athletic Conference Rookie of the Year in 1983 – 84 after leading his team in scoring with 12 points in 11 games. He picked up All-Rookie honors from the NESCAC and was named an ECAC First-Team All-Star. Cullen also held all-time school records in goals (116), points (231)",0.309,10.463," Cullen was a standout with BU ; he was named the East Coast Athletic Conference Rookie of the Year in 1983 – 84 after leading his team in scoring with 16 goals and 29 points in 26 games.

He continued to shine at BU as a senior in 1984 when he led the team in scoring with 30 goals and 68 points in 50 games. He finished at BU with 58 goals in 97 games"
Wiki_Academic,171,0.0,6.64,0.338,7.87," Passed over in the Entry Draft, Cullen was finally selected by the Buffalo Sabres in the 1986 NHL Supplemental Draft. When the Sabres failed to offer him a contract for the 1987–88 season, Cullen signed to play for the American Hockey League's Buffalo Sabres. In his rookie season, Cullen scored 13 goals and 10 assists, a pace that would have led the league had he played an entire season.",0.0,6.936," Passed over in the Entry Draft, Cullen was finally selected by the Buffalo Sabres in the 1986 NHL Supplemental Draft. When the Sabres failed to offer him a contract in 1987 he signed with the New York Rangers the next year, whereupon he went on to have a successful NHL career.

Career statistics

Regular season and playoffs

International

References

External links",1.688,5.778," Passed over in the Entry Draft, Cullen was finally selected by the Buffalo Sabres in the 1986 NHL Supplemental Draft. When the Sabres failed to offer him a contract for the 1987–88 season, Cullen signed with the Washington Capitals.

, Cullen was finally selected by the Buffalo Sabres in the 1986 NHL Supplemental Draft. When the Sabres failed to offer him a contract for the 1987–88 season,",3.263,7.332," Passed over in the Entry Draft, Cullen was finally selected by the Buffalo Sabres in the 1986 NHL Supplemental Draft. When the Sabres failed to offer him a contract he left for the Washington Capitals where he played until 1993. He was selected to play in the NHL All Star Game in 1990.

, Cullen was finally selected by the Buffalo Sabres in the 1986 NHL Supplemental Draft. When the Sabres failed",3.038,12.791," Passed over in the Entry Draft, Cullen was finally selected by the Buffalo Sabres in the 1986 NHL Supplemental Draft. When the Sabres failed to offer him an NHL contract, Cullen was released from his contract. He played one season of minor league hockey, before returning to his family's hockey club, the St. Andrew Saints. There, he played over 100 games over his final two seasons, before going",8.5,6.64," Passed over in the Entry Draft, Cullen was finally selected by the Buffalo Sabres in the 1986 NHL Supplemental Draft. When the Sabres failed to offer him a contract for the 1987–88 season, Cullen played the season in the American Hockey League with the Cleveland Barons.

, Cullen was finally selected by the Buffalo Sabres in the 1986 NHL Supplemental Draft. When the Sabres failed to offer him a",0.0,9.261," Passed over in the Entry Draft, Cullen was finally selected by the Buffalo Sabres in the 1986 NHL Supplemental Draft. When the Sabres failed to offer him an entry level contract, he signed with the Los Angeles Kings where he played from 1987 to 1998. Cullen became a cornerstone player for the Kings, scoring over 500 points in over a decade with the team. Cullen also played for the Edmonton Oilers in the",0.0,7.794," Passed over in the Entry Draft, Cullen was finally selected by the Buffalo Sabres in the 1986 NHL Supplemental Draft. When the Sabres failed to offer him a contract for the 1987–88 season, Cullen played in the ECHL with the Kansas City Scouts. After the season, Cullen signed with the Quebec Nordiques of the World Hockey Association. He retired from the NHL in 1989. He currently resides",0.0,9.871," Passed over in the Entry Draft, Cullen was finally selected by the Buffalo Sabres in the 1986 NHL Supplemental Draft. When the Sabres failed to offer him a contract for the following season, Cullen was signed by the Vancouver Canucks for $250,000, a salary he was paid for the rest of that season and all of the following season (Vancouver also paid Buffalo a $250,000 bonus)",1.596,9.962," Passed over in the Entry Draft, Cullen was finally selected by the Buffalo Sabres in the 1986 NHL Supplemental Draft. When the Sabres failed to offer him his entry level contract because of his pro participation he went on to play junior for the OHL's Markham Mavericks.

, Cullen was finally selected by the Buffalo Sabres in the 1986 NHL Supplemental Draft. When the Sabres failed to offer him his",-0.676,10.897," Passed over in the Entry Draft, Cullen was finally selected by the Buffalo Sabres in the 1986 NHL Supplemental Draft. When the Sabres failed to offer him a contract, Cullen parted ways with Buffalo a year later, signed with his hometown Pittsburgh Penguins for $1 million on July 17, 1987. Two years later, Cullen was sold to the Montreal Canadiens, signing a one-year contract for $1 million",0.369,9.761," Passed over in the Entry Draft, Cullen was finally selected by the Buffalo Sabres in the 1986 NHL Supplemental Draft. When the Sabres failed to offer him a contract for the 1987–88 season, Cullen spent the year playing for the Toronto Marlboros of the ECHL, where he recorded career-high points (20-32–62), and also played in two games for Buffalo."
Wiki_Academic,172,0.0,10.483,0.113,12.407," Cullen made his NHL debut in 1988 – 89, appearing in 79 games with the Penguins and scoring 49 points. He was given a greater role with the Penguins in 1990 and 1991, and played in 91 contests, tallying 53 points. He played in two more NHL games, and scored two points, before playing a final game in 1993, where he scored his last NHL goal against the Devils.",0.0,10.732," Cullen made his NHL debut in 1988 – 89, appearing in 79 games with the Penguins and scoring 49 points. He was given a greater role with the Pens during the 1989- 90 season and recorded his first career 20- goal season. Cullen signed a three-year contract extension with Pittsburgh the same summer.

Cullen played his first game in the NHL on Sunday against his former team",-1.688,13.643," Cullen made his NHL debut in 1988 – 89, appearing in 79 games with the Penguins and scoring 49 points. He was given a greater role with the Penguins in 1990 and 1991, and played in 91 games with 20 points, including 17 goals and 33 assists.

Cullen has also played for Toronto, Boston, Dallas, Florida, Carolina, Chicago, Carolina again and Philadelphia and will",0.113,9.92," Cullen made his NHL debut in 1988 – 89, appearing in 79 games with the Penguins and scoring 49 points. He was given a greater role with the Penguins in 1990- 91, scoring 22 goals and 27 assists in 68 games as Pittsburgh captured the Stanley Cup for the first time in 46 years. Cullen recorded a career high of 31 goals in 1990- 91, earning Second Team NHL All-Star",4.163,14.722," Cullen made his NHL debut in 1988 – 89, appearing in 79 games with the Penguins and scoring 49 points. He was given a greater role with the Penguins following the injury of Hall of Fame defenseman Doug Weight. He was traded to the New Jersey Devils on July 3, 1999, along with Brian Lee, for Jeff Carter, Mike Sorensen, Brian Lee, Scott Stevens, Chris Simon",8.5,10.483," Cullen made his NHL debut in 1988 – 89, appearing in 79 games with the Penguins and scoring 49 points. He was given a greater role with the Penguins after the retirement of Hall-of-Famer Mario Lemieux in 1995 and played in another 71 games before being traded to the Detroit Red Wings in a three-team deal that brought back Rob Blake and Steve Sullivan along with a first",0.0,11.423," Cullen made his NHL debut in 1988 – 89, appearing in 79 games with the Penguins and scoring 49 points. He was given a greater role with the Penguins following injuries to Alan Quine and Chris Conner. Cullen's biggest role came at the end of the 1988-89 season when Quine was called up to the NHL. Cullen became Quine's backup en route to scoring his first NHL",0.0,9.925," Cullen made his NHL debut in 1988 – 89, appearing in 79 games with the Penguins and scoring 49 points. He was given a greater role with the team that following season and scored five goals and 13 points. Cullen's most productive season was in 1989- 90, when he posted career-best totals in goals (14), assists (22), points (43), and minutes played (1,",0.0,9.912," Cullen made his NHL debut in 1988 – 89, appearing in 79 games with the Penguins and scoring 49 points. He was given a greater role with the Coyotes following the retirement of Hall-of-Famer Wayne Gretzky in 1999. Cullen was a member of the 1999 Stanley Cup champion Coyotes, winning the Calder Cup with a team that finished with a 48-26-8 record and went",1.815,17.51," Cullen made his NHL debut in 1988 – 89, appearing in 79 games with the Penguins and scoring 49 points. He was given a greater role with the Penguins during his second NHL season in 1990 – 91, recording 51 points in 79 games. Cullen played three seasons in Pittsburgh, totaling 107 hits and scoring 10 goals with 69 penalty mins and was named a plus-14 in that span.

",-0.84,17.143," Cullen made his NHL debut in 1988 – 89, appearing in 79 games with the Penguins and scoring 49 points. He was given a greater role with the Penguins in 1991-92 and registered 23 goals and 63 assists in 80 contests. Through 10 NHL seasons, Cullen4 ranks fourth in club history in career games played (581), fourth overall in penalty minutes (896) and fourth in assists (261",0.839,10.333," Cullen made his NHL debut in 1988 – 89, appearing in 79 games with the Penguins and scoring 49 points. He was given a greater role with the Penguins after the team signed Joe Sakic to a monster contract to help them win the Cup the following season. Cullen, Sakic and defenseman Kris Letang were part of the Penguins’ Cup-winning team in 1996.

Cull"
Wiki_Academic,173,0.0,8.251,1.913,11.726," The Penguins'needs led them to complete a blockbuster trade on March 1, 1991. Cullen was sent to the Hartford Whalers, along with a 2nd-round pick and a third-round pick; for Mark Recchi and a 3rd-round pick and a 2nd-round pick.
This trade is what got the Penguins into the 1990s.
And for some reason",0.0,13.134," The Penguins'needs led them to complete a blockbuster trade on March 1, 1991. Cullen was sent to the Hartford Whalers, along with future Hall of Famer Mike Bossy and future captain Scott Stevens to the New York Islanders, for a trio of prospects: David Vokoun, Craig Leipsic and Rob Scuderi. The Penguins were coming off an unsuccessful season in which",0.226,10.052," The Penguins'needs led them to complete a blockbuster trade on March 1, 1991. Cullen was sent to the Hartford Whalers, along with a 2nd round pick (1990) and a 3rd round pick (1991). The Penguins acquired Mark Recchi from the Colorado Avalanche.

Cullen and Recchi served as the Penguins' top offensive line for years to come,",1.463,8.434," The Penguins'needs led them to complete a blockbuster trade on March 1, 1991. Cullen was sent to the Hartford Whalers, along with Phil Housley and a third-round pick, for Wayne Gretzky, Mario Lemieux and Mark Recchi.

Cullen's tenure with the Penguins ended in a three-game sweep at the hands of the Washington Capitals",3.713,10.984," The Penguins'needs led them to complete a blockbuster trade on March 1, 1991. Cullen was sent to the Hartford Whalers, along with two 2nd-round draft picks, in exchange for Chris Chelios, Patrice BriseBois, and Gary Durocher. The Penguins received Chelios' excellent defensive abilities, BriseBois' offensive ability, and Durocher",8.5,6.499," The Penguins'needs led them to complete a blockbuster trade on March 1, 1991. Cullen was sent to the Hartford Whalers, along with a 2nd-round pick in the 1991 NHL entry draft and a 2nd-round pick in the 1992 NHL entry draft.

, along with a 2nd-round pick in the 1991 NHL entry draft and a 2nd-round pick",0.0,14.476," The Penguins'needs led them to complete a blockbuster trade on March 1, 1991. Cullen was sent to the Hartford Whalers, along with a first-rounder, for defenceman Scott Stevens. As the top pick in the 1988 entry draft, Stevens had been a steady offensive contributor with the Penguins during his first four NHL seasons. Yet the Penguins felt his offensive output wasn't enough to offset",0.0,17.164," The Penguins'needs led them to complete a blockbuster trade on March 1, 1991. Cullen was sent to the Hartford Whalers, along with center Jim Gregory, center Ken MacDonald, defenseman Gary Roberts, defenseman Terry Sawchuk and defenseman Dan DeSalvo. The Penguins sent forwards Bernie Nicholls, Bobby Butler, and Rob Blake, and defenseman Ron Francis and center Andy Moog to the Wh",0.0,10.87," The Penguins'needs led them to complete a blockbuster trade on March 1, 1991. Cullen was sent to the Hartford Whalers, along with center Brian Gionta, defenseman Dan Hamhuis and a package of draft picks.

Cullen's arrival put the Pens in position to compete for a Stanley Cup for the next few years. He helped lead them to the finals in",0.0,20.858," The Penguins'needs led them to complete a blockbuster trade on March 1, 1991. Cullen was sent to the Hartford Whalers, along with Rutherford, defenseman Danny Gare, winger Rick MacLeish (signed by Columbus on March 1 ), and a conditional draft pick. In return Pittsburgh received Eric Lindros, George Highmore and a series of draft picks, including the first overall pick",0.0,19.109," The Penguins'needs led them to complete a blockbuster trade on March 1, 1991. Cullen was sent to the Hartford Whalers, along with goalie Craig Richard and goaltender Devin Williams for defensemen Jacques Dauphin and Jimmy Carson and center Liam Ryan. It was a win/win situation for both the Pens and the Whalers, who were in playoff contention at the time and had",1.057,10.006," The Penguins'needs led them to complete a blockbuster trade on March 1, 1991. Cullen was sent to the Hartford Whalers, along with a 2nd-round draft choice and a 3rd-round draft choice, for Chris Chelios' rights. Cullen scored 8 goals and added 12 assists in 26 games during the 1991-92 season. He missed the remainder of the season with a"
Wiki_Academic,174,0.0,19.34,-1.585,15.642," In Hartford, Cullen worked to overcome the team's fans'disappointment at losing Francis. The Hartford fans initially booed him to show their dissatisfaction with the team's decision to trade Francis, but as the year went on they began to cheer for him. Cullen's first goal of the year was scored against the Columbus Blue Jackets.

In the off-season the Hartford Whal",0.0,18.056," In Hartford, Cullen worked to overcome the team's fans'disappointment at losing Francis. The Hartford fans initially booed him to show their dissatisfaction with the decision. He then received a standing ovation from the home fans when he took the ice during a mid-season break.

He was then sent to the minors for the final three months of the season when he played for the Hartford",-1.585,15.242," In Hartford, Cullen worked to overcome the team's fans'disappointment at losing Francis. The Hartford fans initially booed him to show their dissatisfaction with the team's decision to trade Francis, but as the year went on they began to cheer for him. Cullen's first goal of the season was scored against the Columbus Blue Jackets.

In the off-season the Hartford Whal",2.209,17.885," In Hartford, Cullen worked to overcome the team's fans'disappointment at losing Francis. The Hartford fans initially booed him to show their dissatisfaction with Francis'departure, but as time went on they began to welcome Cullen as a player of the team.

Early career
Cullen's first game with the Hartford Whalers was on October 20, 1961, a 6–5",4.025,19.115," In Hartford, Cullen worked to overcome the team's fans'disappointment at losing Francis. The Hartford fans initially booed him to show their dissatisfaction, but as the season progressed, they became more receptive. He scored 30 goals over the next two seasons, as Hartford became known as one of the best teams in the NHL. A popular player, Cullen was named as an All Star in 1937.",8.5,19.34," In Hartford, Cullen worked to overcome the team's fans'disappointment at losing Francis. The Hartford fans initially booed him to show their dissatisfaction with the team's performance, but he quickly became a fan favorite. He was also known to be a jokester. He would always tell stories and laugh at the end.

Cullen was the second leading scorer in the AHL in",0.0,22.695," In Hartford, Cullen worked to overcome the team's fans'disappointment at losing Francis. The Hartford fans initially booed him to show their dissatisfaction with the decision. Cullen soon realized this was a way of expressing their concerns, and he soon learned to appreciate the support. As the season progressed, Cullen learned how to appreciate his teammates' and the fans'appreciation as well.

The Hartford",0.0,21.882," In Hartford, Cullen worked to overcome the team's fans'disappointment at losing Francis. The Hartford fans initially booed him to show their dissatisfaction with the team. The fans showed their support when the team was trailing badly late in the season. This was in the playoffs as the team fought to win its first Stanley Cup. Cullen scored two points in the playoffs as the team won its first Stanley",0.0,18.247," In Hartford, Cullen worked to overcome the team's fans'disappointment at losing Francis. The Hartford fans initially booed him to show their dissatisfaction with the decision. However, he was received warmly by the fans and received numerous standing ovations during games. Cullen was named the team's "" captain "" by the Hartford Whalers' team management. He led the team in scoring in",0.0,46.214," In Hartford, Cullen worked to overcome the team's fans'disappointment at losing Francis. The Hartford fans initially booed him to show their dissatisfaction with the organization's postseason and Francis' trade, but one attendee told the Hartford Courant, ""Instead of curling his arms over his head, Elliott missed his dog and actually let out a big holler as he held the tail of Buster",0.0,37.994," In Hartford, Cullen worked to overcome the team's fans'disappointment at losing Francis. The Hartford fans initially booed him to show their dissatisfaction, but he was integrated into the lineup and soon led the team in scoring. In 1964, Timmins was selected, one point shy of the team goal-scoring record. Following Ted Lindsay's absence from the team for most of the Bryan-",1.535,22.81," In Hartford, Cullen worked to overcome the team's fans'disappointment at losing Francis. The Hartford fans initially booed him to show their dissatisfaction with the loss of Francis and frustration with the club's continued success, but the team's management kept quiet and the fans began to believe that the team's management was not aware of the fans' dissatisfaction.

Cullen joined the Hartford's"
Wiki_Academic,175,0.0,9.521,-0.453,8.118," Midway through the 1992 – 93 NHL season, the Whalers sent Cullen to the Toronto Maple Leafs for Toronto's second round selection at the 1993 NHL Entry Draft, a second round pick in 1994 and defenceman Trevor Kidd.

Cullen, who was a member of the 1993 Stanley Cup Champion Toronto Maple Leafs, was initially selected in the 2nd round, 46th overall",0.0,9.589," Midway through the 1992 – 93 NHL season, the Whalers sent Cullen to the Toronto Maple Leafs for Toronto's second round selection at the 1993 NHL Entry Draft, to which he was assigned. In his fourth season, the Whalers would finish in last place with a dismal 17-41-18 record, before being relocated to Hartford, Connecticut and renamed the Hartford Whalers",0.226,5.819," Midway through the 1992 – 93 NHL season, the Whalers sent Cullen to the Toronto Maple Leafs for Toronto's second round selection at the 1993 NHL Entry Draft, a second round selection in the 1994 NHL Entry Draft, and a fourth round selection in the 1994 NHL Expansion Draft.

Cullen made his Maple Leafs debut on November 18, 1992 against the Detroit Red Wings.",3.85,10.169," Midway through the 1992 – 93 NHL season, the Whalers sent Cullen to the Toronto Maple Leafs for Toronto's second round selection at the 1994 NHL Entry Draft. Cullen played in a career high 63 games and scored 14 goals, while adding 27 assists. He also had 9 powerplay goals, while adding 3 shorthanded goals, while playing in all situations on the ice. Cullen played",2.491,10.523," Midway through the 1992 – 93 NHL season, the Whalers sent Cullen to the Toronto Maple Leafs for Toronto's second round selection at the 1993 NHL Entry Draft. The Maple Leafs took defenseman Shawn Horcoff.

1990 – 91 NHL season :In his second season, Cullen led the team in assists (22), points (30), powerplay points (10), and penalty",8.5,8.397," Midway through the 1992 – 93 NHL season, the Whalers sent Cullen to the Toronto Maple Leafs for Toronto's second round selection at the 1993 NHL Entry Draft. The Maple Leafs were in the midst of a rebuilding process and the first overall pick was not going to be used until the 1993 – 94 season.

The 1993 NHL Entry Draft was a very weak draft and the Maple",0.0,6.962," Midway through the 1992 – 93 NHL season, the Whalers sent Cullen to the Toronto Maple Leafs for Toronto's second round selection at the 1993 NHL Entry Draft, in which he was selected with the 14th overall pick. Cullen did not play for the Maple Leafs that season, but returned to the Whalers in 1993 – 94. In the 1993 – 94 season, Cullen played",0.0,9.376," Midway through the 1992 – 93 NHL season, the Whalers sent Cullen to the Toronto Maple Leafs for Toronto's second round selection at the 1993 NHL Entry Draft. He played in just one game with Toronto and scored a hat trick.

He then signed with the New Jersey Devils in the off season and played in 25 games before being released at the end of the season and never",0.0,9.7," Midway through the 1992 – 93 NHL season, the Whalers sent Cullen to the Toronto Maple Leafs for Toronto's second round selection at the 1993 NHL Entry Draft, the 24th overall pick.
The Leafs used the selection to select goaltender Tim Thomas, the 24th overall pick.
Cullen, who went to the Washington Capitals for their 2nd round pick at the 1994",0.0,11.495," Midway through the 1992 – 93 NHL season, the Whalers sent Cullen to the Toronto Maple Leafs for Toronto's second round selection at No. 54 overall. Just 22 years old, Cullen finished second on the club in scoring with 24 goals and 67 points. Toronto lost its first round series in 5 games to Hartford.

Cullen was named to the NHL Third All-",0.0,7.406," Midway through the 1992 – 93 NHL season, the Whalers sent Cullen to the Toronto Maple Leafs for Toronto's second round selection at the 1994 NHL Draft to be used at the 1994 NHL Expansion Draft.

, the Whalers sent Cullen to the Toronto Maple Leafs for Toronto's second round selection at the 1994 NHL Expansion Draft. Right after the 1994-95 season ended",-0.887,9.896," Midway through the 1992 – 93 NHL season, the Whalers sent Cullen to the Toronto Maple Leafs for Toronto's second round selection at the 1993 NHL Entry Draft, the second overall pick.

The Maple Leafs selected Nathan Horton with that second pick, giving them the first overall pick in the draft. In their first draft with the newly formed Canadian division of the National Hockey League,"
Wiki_Academic,176,0.0,10.162,-0.788,14.215," Cullen enjoyed immediate success with linemates Shawn Burr and Alexander Selivanov as the trio combined to score 130 points and helped lead the Lightning to the Atlantic Division title in 1982-83.

Cullen, a former defenseman who was also a captain for the Ottawa Senators and New York Rangers in his seven-year NHL career, played his first two seasons with the Laval Rocket.
",0.0,11.657," Cullen enjoyed immediate success with linemates Shawn Burr and Alexander Selivanov as the trio combined to score 130 points and helped lead the Lightning to the Stanley Cup Finals in 1999 and 2004. He played in the NHL for 14 seasons, all but two with Tampa Bay.

In his rookie season in 1992-93, he played in all 82 games for the Lightning, scoring 25 points.
",-0.788,13.206," Cullen enjoyed immediate success with linemates Shawn Burr and Alexander Selivanov as the trio combined to score 130 points and helped lead the Lightning to the Atlantic Division title in 1982-83.

Cullen, a former defenseman, was also a solid netminder who made his NHL debut in 1984-85 and won a career-high 39 games as a member of the Montreal Canadiens in",3.263,13.556," Cullen enjoyed immediate success with linemates Shawn Burr and Alexander Selivanov as the trio combined to score 130 points and helped lead the Lightning to the Stanley Cup Finals in 2006. Cullen recorded a career high of 31 goals in 2006–07, helping him to earn his third straight 20+ goal season. Cullen recorded 3 goals, 2 assists and a +7 plus/minus rating in a 6–",2.138,10.986," Cullen enjoyed immediate success with linemates Shawn Burr and Alexander Selivanov as the trio combined to score 130 points and helped lead the Lightning to the Atlantic Division title. After the season, Selivanov was traded to the New Jersey Devils, and Cullen was passed over in favor of future Hall of Fame defenseman Chris Chelios. During his second year, Cullen was paired with future Hall of Fame defenseman",8.5,10.062," Cullen enjoyed immediate success with linemates Shawn Burr and Alexander Selivanov as the trio combined to score 130 points and helped lead the Lightning to the Stanley Cup in 2004.

After a trade to the New Jersey Devils, Cullen scored 25 goals in his first two seasons with the Devils and was a key part of New Jersey's 2005 Stanley Cup Championship.

He was traded to the Pittsburgh",0.0,14.893," Cullen enjoyed immediate success with linemates Shawn Burr and Alexander Selivanov as the trio combined to score 130 points and helped lead the Lightning to the Atlantic Division title and the Presidents' Trophy last season. This season, Cullen has played with veteran players in Chris Kunitz and Ryan Malone.

""We've had good chemistry together,” he said last week in Florida. “We",0.0,13.602," Cullen enjoyed immediate success with linemates Shawn Burr and Alexander Selivanov as the trio combined to score 130 points and helped lead the Lightning to the Stanley Cup in 2004.

He also played in the World Cup of Hockey with his brother, Brad. Cullen played in all three games and scored a goal and assisted on Brad's first Olympic goal.

The Lightning made Cullen a restricted free",0.0,12.723," Cullen enjoyed immediate success with linemates Shawn Burr and Alexander Selivanov as the trio combined to score 130 points and helped lead the Lightning to the Eastern Conference Finals, where they would eventually fall to the Rangers in seven games.

The Rangers were able to re-sign Cullen less than a month after his departure, and he would remain their first line center through the 1996–97 season and",0.0,33.704," Cullen enjoyed immediate success with linemates Shawn Burr and Alexander Selivanov as the trio combined to score 130 points and helped lead the Lightning to the 1994 and 1995 Stanley Cups. While the point total stands in comparison to scoring totals this past year, it was widely deemed as unsustainable. The trio of these players set an NHL record in terms of high-scoring players. The next most record-breaking",0.0,20.127," Cullen enjoyed immediate success with linemates Shawn Burr and Alexander Selivanov as the trio combined to score 130 points and helped lead the Lightning to the Stanley Cup Final and feature on the 1993–94 Lady Byng Trophy winner as the league’s best player. Following the season, he won the Conn Smythe Trophy as the MVP of the playoffs as teams began adding his style and Bruin",-1.111,12.034," Cullen enjoyed immediate success with linemates Shawn Burr and Alexander Selivanov as the trio combined to score 130 points and helped lead the Lightning to the Stanley Cup in 2004.
“All three of us were big guys on the team,” Cullen said. “Those were three great years. That was the first time I really got a taste of what it was like to play at"
Wiki_Academic,177,0.0,12.628,-1.359,13.342," After two months of quietly dealing with his symptoms, Cullen's wife finally called team trainers and asked them to check into his illness. The team sent him to Vanderbilt Medical Center for further evaluation.

Dr. William Aylor, a leading brain surgeon at the hospital, confirmed that Cullen has a ""severe, rare and aggressive form"" of brain cancer called glioblastoma.",0.0,11.855," After two months of quietly dealing with his symptoms, Cullen's wife finally called team trainers and asked them to check into his illness. The team sent him to the hospital where doctors found that Cullen had sustained a fracture in his leg. Cullen will be unable to run for the remaining part of the 2015 regular season.

After two months of quietly dealing with his symptoms, Cullen's wife",-0.453,15.388," After two months of quietly dealing with his symptoms, Cullen's wife finally called team trainers and asked them to check into his illness. The team sent him to Vanderbilt Medical Center for further evaluation.

Dr. William Aylor, a leading brain surgeon at Vanderbilt Medical Center, told the Dallas Morning News that Cullen has a ""significant head injury"" that will require ongoing care to prevent further",2.038,11.383," After two months of quietly dealing with his symptoms, Cullen's wife finally called team trainers and asked them to check into his illness. The team did some research, and found out that Cullen had a rare form of cancer, a rare form of cancer called Hodgkin's lymphoma. Cullen underwent chemotherapy, and is now cancer free, and is back home with his wife. Cullen is a very",3.85,12.88," After two months of quietly dealing with his symptoms, Cullen's wife finally called team trainers and asked them to check into his illness. The team sent him to Vanderbilt Medical Center, where doctors found a blood clot in his brain. They said they would run more tests, but they didn't expect him to survive.

Cullen's wife died on March 26. He was 26.",8.5,12.628," After two months of quietly dealing with his symptoms, Cullen's wife finally called team trainers and asked them to check into his illness. The team sent him to a hospital where doctors found that Cullen had a blood clot in his leg. Cullen will be out at least six weeks with the injury and is expected to be out even longer than that.",0.0,14.602," After two months of quietly dealing with his symptoms, Cullen's wife finally called team trainers and asked them to check into his illness. The team's physician assured her that it would take at least ten days to recover, but Cullen refused to stop playing. It was determined that he had a severe case of bronchitis and the decision was made to shut him down for the season to recover fully",0.0,21.125," After two months of quietly dealing with his symptoms, Cullen's wife finally called team trainers and asked them to check into his illness. The team sent out a message to fans telling them to call in with questions. He then met with team physicians following an hour-long consultation with the team's sports psychologists. Cullen addressed reporters on Friday afternoon, and was then sent home to recover before being re",0.0,17.949," After two months of quietly dealing with his symptoms, Cullen's wife finally called team trainers and asked them to check into his illness. The team sent an ambulance and began treatment immediately.

Cullen became sick the day after his son was born and never got better, even after the doctors ran some tests, so the doctors took him to the hospital in the morning. He remained there",0.0,25.649," After two months of quietly dealing with his symptoms, Cullen's wife finally called team trainers and asked them to check into his illness. The team quickly realized their mistake and Scott made himself available for the spring training injury list where he is seen as part of the 60-man roster, but no potential spot.There is no apparent reason why Cullen would need to be placed on the 60-man",0.0,36.837," After two months of quietly dealing with his symptoms, Cullen's wife finally called team trainers and asked them to check into his illness. The team moved to replace Cullen — then the knees went out again, in midgame, and other season-ending injuries shot down every other option just as the Bolts were remaking themselves.

Cullen limped out to the car with his",0.614,12.362," After two months of quietly dealing with his symptoms, Cullen's wife finally called team trainers and asked them to check into his illness. The team sent him to a hospital where doctors found that Cullen had a blood clot in his leg.

""It was scary,"" Cullen said. ""It was a big concern.""

After Cullen's injury and surgery, the Cowboys kept the news from"
Wiki_Academic,178,0.0,10.383,-1.238,13.603," On one day during his treatments, as his wife was wheeling him down a hospital corridor, Cullen went into cardiac arrest, requiring doctors to use an external defibrillator. He has not played since the incident.

According to reports, Cullen, who is recovering in a rehabilitation unit, was due to have a consultation with club officials to discuss playing future.

The club released",0.0,13.579," On one day during his treatments, as his wife was wheeling him down a hospital corridor, Cullen went into cardiac arrest, requiring doctors to use an external defibrillator. He also had to have the tube feeding his nasal passages removed.

A month after receiving the implant, Cullen developed a staph infection, leading to the second defibrillator being implanted. But he was",-1.238,13.603," On one day during his treatments, as his wife was wheeling him down a hospital corridor, Cullen went into cardiac arrest, requiring doctors to use an external defibrillator. He has not played since the incident.

According to reports, Cullen, who is recovering in a rehabilitation unit, was due to have a consultation with club officials to discuss playing future.

The club released",3.488,10.686," On one day during his treatments, as his wife was wheeling him down a hospital corridor, Cullen went into cardiac arrest, requiring doctors to use an emergency defibrillator to revive him. Cullen had suffered a heart attack.

Cullen's wife, Nancy, said the family wanted to let everyone know that Cullen had passed away on Thursday evening after suffering a heart attack.
",4.318,20.142," On one day during his treatments, as his wife was wheeling him down a hospital corridor, Cullen went into cardiac arrest, requiring doctors to use an AED. He survived. He wrote about it. The book was titled, The Cancer Chronicles.
I love this. He's definitely my favorite author.",8.5,11.973," On one day during his treatments, as his wife was wheeling him down a hospital corridor, Cullen went into cardiac arrest, requiring doctors to use an external defibrillator. He has not been back to work since.

He said he does not mind being treated like a hero, but that he is now too weak to play rugby.

“I had to make a",0.0,12.529," On one day during his treatments, as his wife was wheeling him down a hospital corridor, Cullen went into cardiac arrest, requiring doctors to use an external defibrillator. It was a frightening time for the couple. Cullen’s wife said: “We didn't know how serious it was. We didn't want him to die. We were very scared and worried.�",0.0,12.126," On one day during his treatments, as his wife was wheeling him down a hospital corridor, Cullen went into cardiac arrest, requiring doctors to use an AED to save his life.

He spent the next seven months in the hospital, eventually coming out of a medically induced coma, and was in an ambulance ride to the rehab facility.

He was given a prosthetic leg,",0.0,10.467," On one day during his treatments, as his wife was wheeling him down a hospital corridor, Cullen went into cardiac arrest, requiring doctors to use an external defibrillator and sedation to revive him. Cullen was then rushed into a cardiac catheterization lab, where doctors discovered that his heart was racing at over 750 beats per minute, a sign of heart failure. Cullen was admitted to",0.0,17.451," On one day during his treatments, as his wife was wheeling him down a hospital corridor, Cullen went into cardiac arrest, requiring doctors to use an energy vortex to restore his heartbeat.
was his wife wheeling him around in a wheelchair?
pretty sure she was, just gave me the impression that that was where the Cardiac arrest was happening.
She was wheeling him to the",0.0,25.33," On one day during his treatments, as his wife was wheeling him down a hospital corridor, Cullen went into cardiac arrest, requiring doctors to use a defibrillator to save him.

His wife, Mirna Cullen, said she had to remember what had happened, making sure their son a 17 year– old taken off to school, asked who had saved him from the collapse.",2.055,12.516," On one day during his treatments, as his wife was wheeling him down a hospital corridor, Cullen went into cardiac arrest, requiring doctors to use an external defibrillator. He has not fully recovered since then, and while he still has a healthy appetite, he was not able to eat a full meal for several weeks after the first session.

“I had to find a"
Wiki_Academic,179,0.0,14.677,-0.788,16.129," The Lightning signed Cullen to a one @-@ year, $ 500 @,@ 000 contract for the 1998 – 99 season. He played his last game in a Lightning uniform on April 25, 1999, in a 5 – 4 win over the Ottawa Senators. Cullen currently holds the Tampa Bay Lightning, Montreal Canadiens, and Detroit Red Wings ’ all records for games played. Cullen has also recorded",0.0,20.055," The Lightning signed Cullen to a one @-@ year, $ 500 @,@ 000 contract for the 1998 – 99 season. He played his last game on October 3, 1998 against the Philadelphia Flyers, he was recalled from Syracuse, the next day. He finished the season with 15 points, and was named the team captain. The Lightning would not reach the Stanley Cup Finals, but he recorded",-0.563,13.634," The Lightning signed Cullen to a one @-@ year, $ 500 @,@ 000 contract for the 1998 – 99 season. He played his last game in a Lightning uniform on April 25, 1999, in a 5 – 4 win over the Ottawa Senators. Cullen currently holds the Tampa Bay Lightning, Montreal Canadiens and Philadelphia Flyers franchise records for games played.

Cullen has played his",2.588,13.617," The Lightning signed Cullen to a one @-@ year, $ 500 @,@ 000 contract for the 1998 – 99 season. He played his last game for the Lightning on March 31, 1999. Cullen played in a total of 49 games and scored 2 goals, adding 3 assists. He also had 9 penalty minutes and a -4 rating. Cullen played in a total of 49 games and scored",2.967,14.013," The Lightning signed Cullen to a one @-@ year, $ 500 @,@ 000 contract for the 1998 – 99 season. He played his last NHL game on April 14, 1999, against the Tampa Bay Lightning. He was an alternate captain.

Cullen was traded to the Edmonton Oilers on March 30, 2000, for future considerations.",8.5,13.583," The Lightning signed Cullen to a one @-@ year, $ 500 @,@ 000 contract for the 1998 – 99 season. He played his last game on October 5, 1999 and was traded to the Chicago Blackhawks in a multi-player deal.

Cullen was traded to the Chicago Blackhawks on February 18, 2000 in exchange for a 2nd round pick.",0.0,16.649," The Lightning signed Cullen to a one @-@ year, $ 500 @,@ 000 contract for the 1998 – 99 season. He played his last game in Tampa Bay on April 13, 1999. Cullen spent 2001 – 03, 04 – 05.

Cullen played three games for the Toronto Maple Leafs in the 1999 – 00 lockout shortened season. After the season, Cullen joined the",0.0,14.903," The Lightning signed Cullen to a one @-@ year, $ 500 @,@ 000 contract for the 1998 – 99 season. He played his last NHL game October 5, 1999 against the Devils, he spent the rest of his career in the American Hockey League.

The Lightning’s first round draft pick in the 1989 NHL draft, Cullen played parts of five seasons each in the",0.0,15.22," The Lightning signed Cullen to a one @-@ year, $ 500 @,@ 000 contract for the 1998 – 99 season. He played his last game in the NHL in 2002 and joined the AHL’s Syracuse Crunch. He currently holds the record for most points by a defenseman for the Syracuse Crunch.

Cullen is a big, tough defenseman that plays in the offensive zone",0.0,33.135," The Lightning signed Cullen to a one @-@ year, $ 500 @,@ 000 contract for the 1998 – 99 season. He played his the fourth NHL ( Tampa Bay Series ( 2 games),and a points ( 1,0-1,2) in the regular season,and also played the third round of the playoffs ( 3 games, and points (0,1-1)",0.0,25.862," The Lightning signed Cullen to a one @-@ year, $ 500 @,@ 000 contract for the 1998 – 99 season. He played his first season in Tampa Bay, scoring 4 goals and 4 assists in 43 regular season games.
After hitting a new career high in goals, he managed to fill the team with goals and games. He also had several more opportunities for them in the playoffs",1.191,13.501," The Lightning signed Cullen to a one @-@ year, $ 500 @,@ 000 contract for the 1998 – 99 season. He played his last game on October 5, 1999 and retired on October 7, 2001. He was inducted into the Hockey Hall of Fame in 2004 and the Canadian Sports Hall of Fame in 2009. After retiring, Cullen was named the NHL’s Assistant Coach"
Wiki_Academic,180,0.0,8.058,0.226,12.038," Cullen appeared in four of the Lightning's first eight games, but it was evident that he had lost much of his speed and strength. The Lightning did not have the ability to put Cullen on the ice during power-play situations and did not have the confidence to play him in his usual offensive role. Cullen has a 2.5 A/G rate and is a -7, suggesting that",0.0,9.19," Cullen appeared in four of the Lightning's first eight games, but it was evident that he had lost much of his speed and strength. The Lightning took a look at the youngster and decided the best course of action was to send him back to juniors. He finished up with seven goals and three assists in 25 games for the Niagara IceDogs..

""I had a couple",-0.226,8.892," Cullen appeared in four of the Lightning's first eight games, but it was evident that he had lost much of his speed and strength. The Lightning did not have the ability to put Cullen on the ice during power-play situations and did not have the confidence in him to be a physical threat.

Against the Rangers on November 2, Cullen scored his first two goals of the season.",3.85,7.347," Cullen appeared in four of the Lightning's first eight games, but it was evident that he had lost much of his speed and strength. The Lightning had allowed six power-play goals in the first eight games, and Cullen had allowed six in the last 49 games. Cullen had allowed six power-play goals in the last 49 games. Cullen had allowed six power-play goals in the last",2.491,7.909," Cullen appeared in four of the Lightning's first eight games, but it was evident that he had lost much of his speed and strength. The Lightning did not rush him into an NHL comeback, instead allowing him to continue his development as an AHL rookie. The Lightning signed him to a two-year, two-way contract on September 2, 2012. The Lightning assigned him to their AHL affiliate",8.5,9.03," Cullen appeared in four of the Lightning's first eight games, but it was evident that he had lost much of his speed and strength. The Lightning did not have the luxury of giving Cullen the time and space to recover from his injury because of his limited playing time.

""I think I have to be a little smarter in the way I'm playing, and I have to rely more",0.0,12.772," Cullen appeared in four of the Lightning's first eight games, but it was evident that he had lost much of his speed and strength. The Lightning coach used him sparingly and gave him the rare opportunity to play on defense. His offensive upside is obvious -- he can play either center or right wing. But he can only take advantage of a top-line spot if he can play a solid",0.0,11.941," Cullen appeared in four of the Lightning's first eight games, but it was evident that he had lost much of his speed and strength. The NHL Network's Pierre McGuire gave Cullen the ""A"" on December 6, 2008. He has now scored a pair of goals and has a plus-two rating in seven games with Tampa Bay. Cullen played an important role in the Lightning '",0.0,10.036," Cullen appeared in four of the Lightning's first eight games, but it was evident that he had lost much of his speed and strength. The Lightning signed him to a one-year, two-way contract on June 6. Cullen played 21:37 against the Canadiens on March 22, and he was given the day off after the game. Though he played only 16:05 against the Canadiens",0.0,13.486," Cullen appeared in four of the Lightning's first eight games, but it was evident that he had lost much of his speed and strength. The Lightning decided to recall from AHL Syracuse defenseman Dan Petriangelo, a future first-round pick, who before this season, had been relegated largely to third-line duty. Cullen and Petriangelo had last played together at the University of Wisconsin.",0.0,13.842," Cullen appeared in four of the Lightning's first eight games, but it was evident that he had lost much of his speed and strength. The Lightning continued to protect him, sending his ice time to just nine minutes and 23 seconds per night by February. He came back to action later in the month, making his season debut on February 21, as the Lightning hosted the Pittsburgh Penguins. The file",1.527,10.406," Cullen appeared in four of the Lightning's first eight games, but it was evident that he had lost much of his speed and strength. The Lightning coach used him sparingly once the season began, and Cullen was eventually traded to Philadelphia for a conditional seventh-round draft pick in 2017.
Powell scored his second goal of the season Oct. 8 and his first in five games Oct."
Wiki_Academic,181,0.0,8.311,0.338,11.752," However, a bout of bronchitis led Cullen to fear that his cancer had returned. Tests came back negative, but after spending time with his family and a few other musicians, Cullen took the decision to finally hang up his guitar.

Cullen's final performance was a solo acoustic version of "" The Boxer "" at the CMA Awards in Nashville, Tennessee on November 6.",0.0,12.139," However, a bout of bronchitis led Cullen to fear that his cancer had returned. Tests came back negative, but after spending time with his family and a few friends he decided to let go of his dreams.

Cullen is survived by his wife of 40 years Sharon and his two daughters Rachelle and Kelly.",0.338,11.752," However, a bout of bronchitis led Cullen to fear that his cancer had returned. Tests came back negative, but after spending time with his family and a few other musicians, Cullen took the decision to finally hang up his guitar.

Cullen's final performance was a solo acoustic version of "" The Boxer "" at the CMA Awards in Nashville, Tennessee on November 6.",3.263,9.517," However, a bout of bronchitis led Cullen to fear that his cancer had returned. Tests came back negative, but after spending time with his wife, Cullen decided to retire. He was succeeded by Patrick Kane.

Early life

Cullen was born in a town in the United States to parents who were immigrants from Ireland. He was raised in a town in the United States",2.142,12.742," However, a bout of bronchitis led Cullen to fear that his cancer had returned. Tests came back negative, but after spending time with his family and friends, Cullen died on March 14, 1989, at 68, from what was thought to be pneumonia. He was buried in St. Stephen's Cathedral Cemetery.",8.5,8.311," However, a bout of bronchitis led Cullen to fear that his cancer had returned. Tests came back negative, but after spending time with his family and friends, Cullen decided to take his own life on October 25, 2010. He was 45 years old.

Cullen was best known for his role as the ""Skipper"" in the comedy-drama series ""The",0.0,13.595," However, a bout of bronchitis led Cullen to fear that his cancer had returned. Tests came back negative, but after spending time with his family and friends, Cullen finally decided to take his wife and three daughters out on a fishing trip with a view to saying good bye. Cullen died on July 4th at the age of 47. C O M M E N T I A L -",0.0,11.687," However, a bout of bronchitis led Cullen to fear that his cancer had returned. Tests came back negative, but after spending time with his family and a few weeks in Hawaii, he made the decision to go back on the road. The tour continued through the end of the year, culminating with Cullen’s last performance in the city of Los Angeles at the Hollywood Bowl.

",0.0,10.699," However, a bout of bronchitis led Cullen to fear that his cancer had returned. Tests came back negative, but after spending time with his family and friends, Cullen decided he would no longer compete.

Cullen was born in the Bronx to Eileen and George Cullen. He moved to Long Island when he was 18. He graduated in 1969 from Hofstra University, and received",0.0,19.312," However, a bout of bronchitis led Cullen to fear that his cancer had returned. Tests came back negative, but after spending time with his friend and fellow Canadian inductee Phil Hedges, a visit to a doctor with a throat infection led to the diagnosis. Cullen would endure five years of chemotherapy, five rounds of radiation therapy (which he was given an exemption from for his association with the",0.0,42.708," However, a bout of bronchitis led Cullen to fear that his cancer had returned. Tests came back negative, but after spending time with his family and earlyyears teaching at Padua (West Virginia) Catholic High school, he became drunk. On 11 August 1962 he was arrested on charges ofKilled walking home on 23 November 1962 (Bureau of Federal Prisons),November 1962

",1.293,8.346," However, a bout of bronchitis led Cullen to fear that his cancer had returned. Tests came back negative, but after spending time with his family and friends, Cullen went for the next round of scans.

The results came back positive.

Cullen was diagnosed with esophageal cancer, which had spread to his liver. He would need to begin chemotherapy.
"
Wiki_Academic,182,0.0,15.614,0.113,15.376," Former Lightning head coach Terry Crisp has stated publicly that Cullen was a player that stood out as something special saying “ John Cullen... beat cancer in one year. He was a warrior. He was a leader. He was a leader on and off the ice.”

In his time with the Tampa Bay Lightning, Cullen scored 42 goals and recorded a career high 74 assists. He",0.0,13.481, Former Lightning head coach Terry Crisp has stated publicly that Cullen was a player that stood out as something special saying “ John Cullen... beat cancer in one of the most remarkable displays of strength and character I’ve ever seen.” (from https://www.cbssportsonline.com/nhl/article/former-lights-coach-says-john,0.113,15.376," Former Lightning head coach Terry Crisp has stated publicly that Cullen was a player that stood out as something special saying “ John Cullen... beat cancer in one year. He was a warrior. He was a leader. He was a leader on and off the ice.”

In his time with the Tampa Bay Lightning, Cullen scored 42 goals and recorded a career high 74 assists. He",3.938,14.328," Former Lightning head coach Terry Crisp has stated publicly that Cullen was a player that stood out as something special saying “ John Cullen... beat cancer, beat the odds and is still playing at a high level. I was very excited to see John and his wife. I was very excited to see John and his wife. I was very excited to see John and his wife. I was very excited",-0.143,44.254," Former Lightning head coach Terry Crisp has stated publicly that Cullen was a player that stood out as something special saying “ John Cullen... beat cancer, one of the greatest fighter's of our time. He was just a fabulous person.”",8.5,18.113," Former Lightning head coach Terry Crisp has stated publicly that Cullen was a player that stood out as something special saying “ John Cullen... beat cancer in one of the greatest stories in professional hockey.”

But in the year that Cullen was with the team, he missed the playoffs for the first time in his career. He suffered an injury during the season that caused him to miss most",0.0,19.919," Former Lightning head coach Terry Crisp has stated publicly that Cullen was a player that stood out as something special saying “ John Cullen... beat cancer in one year. That's gotta mean something.”   I'm sure that if he was still alive, he'd say the same thing.   I'm absolutely shocked he lived that long. It must have been a terrible disease.",0.0,16.854," Former Lightning head coach Terry Crisp has stated publicly that Cullen was a player that stood out as something special saying “ John Cullen... beat cancer and came back for a season and a half. He had a great year and was one of the best offensive forwards in the league. He was one of those guys that showed up every night and made an impact on a game.”
A",0.0,17.987," Former Lightning head coach Terry Crisp has stated publicly that Cullen was a player that stood out as something special saying “ John Cullen... beat cancer and he was a great kid. He was a great player for us. He was a great leader” so I’m sure the rest of the hockey world agrees
I think there is a lot of truth to that.   The",0.0,50.229," Former Lightning head coach Terry Crisp has stated publicly that Cullen was a player that stood out as something special saying “ John Cullen... beat cancer and I had a hard time believing that john hadn't been drafted a little sooner.” - linkDriver waiting at red light arrested for reckless driving
A driver who waited at a red light in Jackson to pull out – only to back up",0.0,28.256," Former Lightning head coach Terry Crisp has stated publicly that Cullen was a player that stood out as something special saying “ John Cullen... beat cancer twice. The first time was small...

Tomorrow is Hockey, Hockey, Hockey…. and that means NHL live streams. If you are not sure where to watch the games let us help. We have compiled a list of places to watch the Tampa",0.004,15.486," Former Lightning head coach Terry Crisp has stated publicly that Cullen was a player that stood out as something special saying “ John Cullen... beat cancer in one of the greatest and most inspirational ways possible. The Lightning organization is forever grateful to have had the opportunity to work with him.”

The New York Islanders drafted John Cullen in the 1st round of the 1994 NHL Entry Draft and"
Wiki_Academic,183,0.0,13.421,-0.113,12.6," Cullen and his wife Valerie have three daughters, Kennedy and twins Karlyn and Kortland. Unwilling to spend so much time away from home due to his work, in February 2013 Cullen decided that he was going to get his family out of their house and move them into his sister's house. Cullen and his wife then decided that they would move in together.

Cullen",0.0,17.778," Cullen and his wife Valerie have three daughters, Kennedy and twins Karlyn and Kortland. Unwilling to spend so much time away from his family, Cullen decided to start his own business helping his children to meet their marketing potential and provide for their families. The Cullen Family is currently located in a small factory in New Mexico, USA.

In May 2013, the Cullen Family launched",-0.229,11.647," Cullen and his wife Valerie have three daughters, Kennedy and twins Karlyn and Kortland. Unwilling to spend so much time away from home due to his work, in February 2013 Cullen decided to follow his dreams of playing for the Chicago Blackhawks.

Cullen's sister Karlyn is also a member of the Chicago Blackhawks.

References

External links",2.588,16.046," Cullen and his wife Valerie have three daughters, Kennedy and twins Karlyn and Kortland. Unwilling to spend so much time away from his wife. Cullen decided to build a house that was large enough for all four of his children and their future spouses. Cullen purchased four parcels of land, three in the mountains and one along the lake. One of the mountains he purchased was known by",3.488,14.693," Cullen and his wife Valerie have three daughters, Kennedy and twins Karlyn and Kortland. Unwilling to spend so much time away from his family, Cullen sold The Caravan Club in 2007. The Caravan Club was purchased by Mark Caffrey, who has since sold it. The decision to sell was motivated by family reasons, as it was not possible for Cullen and Valerie to",8.5,10.758," Cullen and his wife Valerie have three daughters, Kennedy and twins Karlyn and Kortland. Unwilling to spend so much time away from home due to his work, Cullen and Valerie have decided to move to the country and build a bigger house.

Cast
 John Malkovich as Cullen
 Valerie Solanas as Val

Production
Malkovich and Solanas collaborated on the",0.0,24.303," Cullen and his wife Valerie have three daughters, Kennedy and twins Karlyn and Kortland. Unwilling to spend so much time away from family, Cullen is preparing to leave his job with the city of Vancouver and move to the country of Manitoba",0.0,14.81," Cullen and his wife Valerie have three daughters, Kennedy and twins Karlyn and Kortland. Unwilling to spend so much time away from home due to her career, Cullen says he is not aware of how long Kennedy has known of her father's secret.

The family has always been close, he says. When he was in the Navy, he lived in the barracks across the",0.0,14.81," Cullen and his wife Valerie have three daughters, Kennedy and twins Karlyn and Kortland. Unwilling to spend so much time away from his family in the past, Cullen decided to spend the winter of 2007 building the track which is situated just a couple miles from his home.

Cullen's wife Valerie had a long history in the racing industry. She is a 1976 graduate",0.0,16.403," Cullen and his wife Valerie have three daughters, Kennedy and twins Karlyn and Kortland. Unwilling to spend so much time away from his wife and children, Cullen decided to become an actor. A year at L.A. Actors School followed and he landed a role on the Johnny Carson TV show. One day, we sat beside Cullen backstage at The Tonight Show. He told",0.0,74.459," Cullen and his wife Valerie have three daughters, Kennedy and twins Karlyn and Kortland. Unwilling to spend so much time away from his family, Cullen STILL goes to the set putting up with Neve's scenes. This is also the ONLY Breaking Bad scene he appears in ) Derrick and Katherine, Kylez, Helen from Stranger Things; Summer Cox and Jillian Rose Reed ",0.403,12.983," Cullen and his wife Valerie have three daughters, Kennedy and twins Karlyn and Kortland. Unwilling to spend so much time away from home due to their demanding jobs, Kennedy and Kortland were not able to spend as much time with their dad on the field.

While visiting Cullen at his home in Arizona, he knew that he would not be able to play in the"
Wiki_Academic,184,0.0,9.689,-0.679,12.753," Cullen's battle with cancer inspired Timm Harmon of the Moffitt Cancer Centre to partner with the Lightning to raise awareness and money for cancer research.

MICHIGAN'S TIMM HARMON IS THE FIRST NHL COMMUNITY SPONSOR OF CANCER RESEARCH FOR THE MCCURTIS CHARITY'S TIMM HARMON FUND

Harm",0.0,12.873," Cullen's battle with cancer inspired Timm Harmon of the Moffitt Cancer Centre to partner with the Lightning to raise awareness and money for cancer research.

Harmon and Cullen started the Timm's Fight for Life initiative in the fall of 2015. The Timm's Fight for Life initiative is a fundraiser held by Timm, Cullen, coach Jon Cooper and others to encourage cancer patients",0.679,10.521," Cullen's battle with cancer inspired Timm Harmon of the Moffitt Cancer Centre to partner with the Lightning to raise awareness and money for cancer research.

MICHIGAN'S TIMM HARMON IS THE FIRST NHL PLAYER TO TAKE PART IN A MCCALL'S 'MISSION: LIGHTNING' CAMPAIGN TO RAISE AWARENESS AND FUN",2.717,12.664," Cullen's battle with cancer inspired Timm Harmon of the Moffitt Cancer Centre to partner with the Lightning to raise awareness and money for cancer research.

Harmon and Cullen will wear special camouflage pajamas on Thursday -- the same pajamas Cullen wore at the 2010 Winter Classic.

Harmon said the pajamas raised $6,000 for cancer research.",1.132,12.602," Cullen's battle with cancer inspired Timm Harmon of the Moffitt Cancer Centre to partner with the Lightning to raise awareness and money for cancer research.

""Cullen has been an inspiration to so many over the years, including us at Moffitt Cancer Centre. We're incredibly thankful that he's back behind the bench again, and we're so grateful for his willingness to help us",8.5,11.05," Cullen's battle with cancer inspired Timm Harmon of the Moffitt Cancer Centre to partner with the Lightning to raise awareness and money for cancer research.

Moffitt Cancer Centre is the only facility in the Tampa Bay area that specializes in the treatment of breast, prostate and lung cancer. Moffitt's team of medical oncologists, nurses and support staff provide advanced therapies that have improved",0.0,17.0," Cullen's battle with cancer inspired Timm Harmon of the Moffitt Cancer Centre to partner with the Lightning to raise awareness and money for cancer research and for the community. Harmon, who lost his sister to cancer in 2012, has worn the same Lightning jersey every night since to honour Cullen's memory.

""We are very honoured, not only to receive this honour but the opportunity to honour",0.0,13.776," Cullen's battle with cancer inspired Timm Harmon of the Moffitt Cancer Centre to partner with the Lightning to raise awareness and money for cancer research. Timm was diagnosed with leukemia in April of 2002, and is a supporter of the Cops for Cancer program. Timm's cancer is in remission and he is a fan of the Lightning. Timm was honored for his courageous efforts to raise",0.0,11.867," Cullen's battle with cancer inspired Timm Harmon of the Moffitt Cancer Centre to partner with the Lightning to raise awareness and money for cancer research.

Timm Harmon, a member of the NHL organization's Community Advisory Board and the NHL Alumni Association, has raised nearly $500,000 through a partnership with the Lightning that, in turn, has raised nearly $500,000 for",0.0,20.072," Cullen's battle with cancer inspired Timm Harmon of the Moffitt Cancer Centre to partner with the Lightning to raise awareness and money for cancer research.

Harmon has not only given Timm's team a boost in their battle with cancer, he's also re-enforced the importance of supporting Project BLT.

""Team Project BLT appreciates what Cullen did out",0.0,37.895," Cullen's battle with cancer inspired Timm Harmon of the Moffitt Cancer Centre to partner with the Lightning to raise awareness and money for cancer research. Besides raising money, Heather and Timm also created the Tim Hardman Cancer Memorial scooter. Tim Hardman played American professional baseball for nearly twelve years and more recently worked for the Florida Marlins.
 John Scott volunteers 24 hours a day year round",-0.494,13.586," Cullen's battle with cancer inspired Timm Harmon of the Moffitt Cancer Centre to partner with the Lightning to raise awareness and money for cancer research.
Timm Harmon, vice-president of Moffitt Cancer Centre, said he knows of patients, families and workers who've been affected by cancer, and wants to do something to raise more money for research to fight cancer.
""In the"
Wiki_Academic,185,0.0,8.325,-0.788,7.354," Prior to marrying his wife Valerie, John dated Carolyn Bessette the future wife of John F. Kennedy, Jr. The two met while attending Washington University in St. Louis where John was a freshman and Carolyn a junior.

,John dated, the future wife of, the two met while attending Washington University in St. Louis where John was a freshman and Carolyn a junior. Valerie and",0.0,9.941," Prior to marrying his wife Valerie, John dated Carolyn Bessette the future wife of John F. Kennedy, Jr. The two met while attending Camp David. John met his wife Valerie in 1953 when he was on leave from the Air Force during the Korean War.

John F. Kennedy, the United States president, and his wife, the former Carolyn Bessette, are buried quietly",-0.338,8.181," Prior to marrying his wife Valerie, John dated Carolyn Bessette the future wife of John F. Kennedy, Jr. The two met while attending Washington University in St. Louis where John was a freshman and Carolyn was a junior.

John and Valerie were married on July 5, 2007, in St. Lucia.

John F. Kennedy Jr. was a native of Boston. He",1.585,8.834," Prior to marrying his wife Valerie, John dated Carolyn Bessette the future wife of John F. Kennedy, Jr. The two met while attending Yale University.John and Valerie have two sons, John C. F. Kennedy, III, born in 1982, and John C. F. Kennedy, Jr., born in 1982, Both were born in New York City.

John is",4.388,10.196," Prior to marrying his wife Valerie, John dated Carolyn Bessette the future wife of John F. Kennedy, Jr. The two met while attending high school in New Hampshire.

John has one child, Alexis Bessette, whom he has raised since her mother's death. He has also adopted two children from Russia, and four children from his ex-wife's second marriage. He",8.5,8.325," Prior to marrying his wife Valerie, John dated Carolyn Bessette the future wife of John F. Kennedy, Jr. The two met while attending the University of Texas, but only dated briefly before ending the relationship.

John is survived by his wife Valerie, his mother and stepfather, his father and stepmother, and his brother Jeff.

John’s death is the",0.0,16.193," Prior to marrying his wife Valerie, John dated Carolyn Bessette the future wife of John F. Kennedy, Jr. The two met while attending a party at the Beverly Hills Hotel.

, the father of the late senator John McCain, invited Valerie Jarrett and his first lady to the White House for dinner in May 1992. In the summer, Valerie and Hillary Rodham Clinton accompanied their husbands to",0.0,10.407," Prior to marrying his wife Valerie, John dated Carolyn Bessette the future wife of John F. Kennedy, Jr. The two met while attending a tennis match in New York where John was photographed playing a game of squash against Carolyn Bessette.

John is a graduate of Harvard University, the United States Naval Academy and is a retired naval commander. He is also a director of the",0.0,10.932," Prior to marrying his wife Valerie, John dated Carolyn Bessette the future wife of John F. Kennedy, Jr. The two met while attending a family party in New York City. At the time, John was still married to his high school sweetheart, Valerie Bessette. In an effort to gain political favor, John and Carolyn went to the President’s funeral. Carolyn became",0.728,14.064," Prior to marrying his wife Valerie, John dated Carolyn Bessette the future wife of John F. Kennedy, Jr. The two met while attending Columbia College (Geneva, IL) together as well as roommates at the University of Pennsylvania. John was a member of Phi Kappa Psi fraternity during all four years of his undergraduate tenure. He majored in art history. There are just a",-1.006,42.613," Prior to marrying his wife Valerie, John dated Carolyn Bessette the future wife of John F. Kennedy, Jr. The two met while attending Nardin College, bringing their circle of acquaintances to a small circle. Sam Camden noted that "" John was amiable, had recently come from a very courting period (with Carolyn Bissette and Henri Belliard ) and was happening to like",-0.674,11.25," Prior to marrying his wife Valerie, John dated Carolyn Bessette the future wife of John F. Kennedy, Jr. The two met while attending high school together, where they became close friends. The two eventually fell in love, and John decided to marry her in April of 1969. He also married Carolyn's cousin, Jacqueline Bouvier Kennedy Onassis, in May of 1967.

"
Wiki_Academic,186,0.0,22.924,-0.679,7.155," For the ironclad present at the Battle of Lissa of the same name, see SMS Erzherzog Ferdinand Max ( 1865 ).
 Lissa (Lissa) (Lissa) (Lissa) (Lissa) (Lissa) (Lissa) (Lissa) (Lissa) (Lissa) (Lissa) (Lissa) (Lissa",0.0,15.272," For the ironclad present at the Battle of Lissa of the same name, see SMS Erzherzog Ferdinand Max ( 1865 ).
 Lissa, a village in the district of Südbürg in Saxony-Anhalt, Germany.
 Lissa, a village on the lake of Rennweiler, near Bingen in Germany.

See also",-1.132,8.223," For the ironclad present at the Battle of Lissa of the same name, see SMS Erzherzog Ferdinand Max ( 1865 ).
 Lissa (Lissa) (Lissa) (Lissaeum) (Lissa) (Lissa) (Lissa) (Lissa) (Lissa) (Lissa) (Lissa) (Lissa) (",3.17,14.038," For the ironclad present at the Battle of Lissa of the same name, see SMS Erzherzog Ferdinand Max ( 1865 ).

Ferdinand Max was born on 18 June 1845 in Erzherzog-Lissa, a town in the Prussian Province of Posen. He was the eldest of three children: his brother, August, was killed in action",3.85,19.871," For the ironclad present at the Battle of Lissa of the same name, see SMS Erzherzog Ferdinand Max ( 1865 ).
 For an account of how König Wilhelm II was involved in a military affair with his wife, see Wilhelm Königin, Ein Blutzeugnis zur Erinnerung an die Geschichte der Söh",8.5,14.08," For the ironclad present at the Battle of Lissa of the same name, see SMS Erzherzog Ferdinand Max ( 1865 ).

, see. For details of the battle see:

, see : For the ironclad HMS Hood of the same name, see HMS Hood (1837).

, see. For the ironclad HMS HMS Hood of the",0.0,29.432," For the ironclad present at the Battle of Lissa of the same name, see SMS Erzherzog Ferdinand Max ( 1865 ).

Orlean's book details a series of events in 1809 that led directly to the Battle of Lissa. It is an important read on Napoleon's battle management and for the purpose of this study it will be our only source. This is",0.0,13.551," For the ironclad present at the Battle of Lissa of the same name, see SMS Erzherzog Ferdinand Max ( 1865 ).
 For the ironclad , see SMS Erzherzog Ferdinand Max ( 1865 ).
 HMS Prince of Wales (1865) was one of the first Royal Navy ironclads to be completed.  In her service as a training",0.0,21.121," For the ironclad present at the Battle of Lissa of the same name, see SMS Erzherzog Ferdinand Max ( 1865 ).

The term cruiser-destroyer was first coined by the German military as part of strategic planning during World War I to differentiate them from cruisers.

The term was introduced as part of the German military plan for naval operations against the British",-0.5,43.743," For the ironclad present at the Battle of Lissa of the same name, see SMS Erzherzog Ferdinand Max ( 1865 ).

Lissa (, Kars) (Ossetian: Leida). Sublocation: east of East Lapland, north of the Baltic Sea (“Swen ” in Old Swedish). More extensive old name: L",-1.875,53.257," For the ironclad present at the Battle of Lissa of the same name, see SMS Erzherzog Ferdinand Max ( 1865 ).

Steel Horse (), sometimes rendered as Light Horse or English Blarney, was an Irish formation of arid horse archery and tank-handling combat troops raised between 1861 and January 1863, replacing the Army's old Artillery Corps.[c",0.052,19.292," For the ironclad present at the Battle of Lissa of the same name, see SMS Erzherzog Ferdinand Max ( 1865 ).

 Royal Navy
  – An armoured cruiser of the line laid down as part of the Second Build Programme on 18 July 1941 and laid down on 13 April 1942. She was launched on 30 August 1942 and completed on 8 November 1942. She was"
Wiki_Academic,187,0.0,15.45,-0.679,21.84," SMS Erzherzog Ferdinand Max ( German : "" His Majesty's ship Archduke Ferdinand Max "" ) was a pre @- war German naval transport ship (built by German shipbuilder Düsseldorf for Imperial German Navy, launched as, but later renamed). It served as the flagship for Emperor Franz Joseph I of Austria-Hungary.
The ship sailed from",0.0,24.272," SMS Erzherzog Ferdinand Max ( German : "" His Majesty's ship Archduke Ferdinand Max "" ) was a pre @-war German naval transport ship, the flagship of the Grand Trunk Naval Fleet of Imperial Germany in World War I, and one of the three vessels sunk in the Titanic Disaster.",-0.453,18.963," SMS Erzherzog Ferdinand Max ( German : "" His Majesty's ship Archduke Ferdinand Max "" ) was a pre @- war German naval transport ship (built by German shipbuilder Düsseldorf for Imperial German War Ministry ). She is the only surviving World War I-era passenger ship, and is a member of the National Maritime Museum in Greenwich, London.",1.585,11.775," SMS Erzherzog Ferdinand Max ( German : "" His Majesty's ship Archduke Ferdinand Max "" ) was a pre @-war German ocean liner. One of the last of the ""Luxemburg"" class ocean liners built by the Deutz shipyards. One of the last of the ""Luxemburg"" class ocean liners built by the Deutz",3.397,18.71," SMS Erzherzog Ferdinand Max ( German : "" His Majesty's ship Archduke Ferdinand Max "" ) was a pre @-war German naval ship of the Kriegsmarine. it was built in 1918 as an armed convoy escort, as well as an auxiliary cruiser. It was named after one of the most celebrated leaders of the 20th century. The ship was not as",8.5,15.518," SMS Erzherzog Ferdinand Max ( German : "" His Majesty's ship Archduke Ferdinand Max "" ) was a pre @-war German naval ship of the Kriegsmarine. Named after Ferdinand Max, a German philosopher. This vessel was commissioned on August 12th, 1914, and was one of the first ships launched in the Kaiserliche Marine in the First World War",0.0,16.827," SMS Erzherzog Ferdinand Max ( German : "" His Majesty's ship Archduke Ferdinand Max "" ) was a pre @-war German naval ship used for the patrol of the Baltic Sea. It was built in 1872 by Wiesner & Bergmann in Kiel and was named after the Archduke Ferdinand Max of Austria. It was acquired by the Kiel Navy",0.0,19.245," SMS Erzherzog Ferdinand Max ( German : "" His Majesty's ship Archduke Ferdinand Max "" ) was a pre @- war World War I submarine tender of the German Imperial Navy, launched at Lübeck on 6 September 1917. Originally named Argo (German for "" ship""), it was renamed after Ferdinand Max after he was appointed German foreign minister in 1918. The submarine",0.0,20.5," SMS Erzherzog Ferdinand Max ( German : "" His Majesty's ship Archduke Ferdinand Max "" ) was a pre @-war German naval vessel launched on the 4 June 1919. In early April 1920 she became the German submarine U-832. In early May 1920 she became the German submarine U-832(t) ("" Mother of 832 "" ) on the",0.0,63.43," SMS Erzherzog Ferdinand Max ( German : "" His Majesty's ship Archduke Ferdinand Max "" ) was a pre @-war planned ""Siren"" nuke ship(that planned to carry nuke ) to sank WWII british battleships.^ during WW2. The plans were altered, the ship was used for scout ship roles.

wikipedia *Sch",0.0,98.874," SMS Erzherzog Ferdinand Max ( German : "" His Majesty's ship Archduke Ferdinand Max "" ) was a pre @-designed German navy solar-chemical corvette of the sixteen ships KapitänzflottilleZ22 s with workshops of Friedrich Krupp to Friedrich Krupp shipyards, Rostock, (then Prussian Heavy Navy compa le ssion",-0.796,15.324," SMS Erzherzog Ferdinand Max ( German : "" His Majesty's ship Archduke Ferdinand Max "" ) was a pre @-war German naval ship launched on the 27 October 1919 in the city of Lübeck and commissioned in the fleet of Imperial Germany in the service of the Kaiser Wilhelm II. She was sunk in the North Sea by the British Royal Navy during World War I"
Wiki_Academic,188,0.0,14.464,0.113,29.967," For most of World War I, Erzherzog Ferdinand Max remained in her home port of Pola, in present @-@ day Czech Republic. He was the head of a prominent German family with large holdings of wheat, etc..
In 1914 he took command of a German Army unit of some 200,000 men in Central Asia (from the Caspian Sea to the Mongol",0.0,31.248," For most of World War I, Erzherzog Ferdinand Max remained in her home port of Pola, in present @-@ day Slovenia.
But the Austro-Hungarian government wanted to make her
a target of a propaganda war and sent agents to spy on her family
. She began to wonder if her family were really German spies. After all, her late father",0.113,29.967," For most of World War I, Erzherzog Ferdinand Max remained in her home port of Pola, in present @-@ day Czech Republic. He was the head of a prominent German family with large holdings of wheat, etc..
In 1914 he took command of a German Army unit of some 200,000 men in Central Asia (from the Caspian Sea to the Mongol",2.849,20.931," For most of World War I, Erzherzog Ferdinand Max remained in her home port of Pola, in present @-@ day Poland, as a member of the Imperial German Navy. He was known by friends and family as ""Ludwig Maximilian"", as ""Ludwig the II"", as ""Ludwig the II, the II, the II",5.288,22.318," For most of World War I, Erzherzog Ferdinand Max remained in her home port of Pola, in present @-@ day Slovenia. He was born on October 7th, 1860. He was of Czechoslovakian origin. He was an Austrian aristocrat. He was a lieutenant colonel. He was Grand Duke of Tuscany. He was also Grand Duke of Austria",8.5,21.05," For most of World War I, Erzherzog Ferdinand Max remained in her home port of Pola, in present @-@ day Slovenia.

, in present @-@ day Slovenia. During the war, he saw his country’s borders and coastline destroyed, and his own possessions looted and destroyed.

He was a young man in 1916 when the Austro",0.0,30.325," For most of World War I, Erzherzog Ferdinand Max remained in her home port of Pola, in present @-@ day of Hungary. She was commanded by the famous Hungarian officer, Lajos Kósa, and had a small troop of troops. She sailed into the harbour of Malta on 7 February 1915, and on 8 February 1915, she was joined by another",0.0,33.553," For most of World War I, Erzherzog Ferdinand Max remained in her home port of Pola, in present @-@ day of Croatia. He was the President of her Council. He had recently been married to a young German woman, and was the father of two German born children. She was a young widow, and was called Agnes Hahn by her father and mother",0.0,31.163," For most of World War I, Erzherzog Ferdinand Max remained in her home port of Pola, in present @-@ day Slovenia.
But then the war ended in 1918.
So Ferdinand Max, the king of Prussia /-@ Germany and leader of German Army, was able to sail to the Balkans and from there to the Balkans and Europe, to fight against",0.0,64.64," For most of World War I, Erzherzog Ferdinand Max remained in her home port of Pola, in present @-@ day Croatia. The Blue of the Zephyr [Cushman & Wakefield] Frigate now known as HHFN Iolaire was the ship that sailed in the Kaiser's Navy from 1908 to 1912. Ferdi Max was the privateer The",0.0,48.62," For most of World War I, Erzherzog Ferdinand Max remained in her home port of Pola, in present @-@ day Slovakia
He decided to make a stop at Karlovac Empire on his way to the capital, Krakow, specifically to meet with Paul contrast
 Relations between Austria and Czarist Russia were bad, and the Prussian king had wanted to",-0.481,22.448," For most of World War I, Erzherzog Ferdinand Max remained in her home port of Pola, in present @-@ day Slovenia.

On the night of 27 September 1915, German submarine U 5 arrived off Pola with the intention of sinking the British steamer S.S. Wight, which had left the port earlier in the day.

The boat"
Wiki_Academic,189,0.0,22.861,0.226,49.171," Erzherzog Ferdinand Max displaced 10 @,@ 472 long tons ( 10 @,@ 640 t ). She was 414 feet long and weighed 140,00
Tons. In the following years, more than a hundred, and then over two hundred,
barges followed to be converted into ships.
The Lübeck, in service from 1891-19",0.0,18.888," Erzherzog Ferdinand Max displaced 10 @,@ 472 long tons ( 10 @,@ 640 t ). She was 414 feet long ( 132 m ), had a beam of 105 feet ( 31 m ), and a maximum draught of 22.8 feet ( 6.6 m ). Her gross tonnage was 10,974.

Service history
Erzher",0.226,49.171," Erzherzog Ferdinand Max displaced 10 @,@ 472 long tons ( 10 @,@ 640 t ). She was 414 feet long and weighed 140,00
Tons. In the following years, more than a hundred, and then over two hundred,
barges followed to be converted into ships.
The Lübeck, in service from 1891-19",2.944,32.056," Erzherzog Ferdinand Max displaced 10 @,@ 472 long tons ( 10 @,@ 640 t ). She was 414 feet long, and had 9 decks ( 8 deck, 2 cabins). She was built by J. F. Farrar & Sons and launched on 18 Dec 1862.

On 8 April 1863, she was renamed after her captain, Ferdinand Max",3.85,33.024," Erzherzog Ferdinand Max displaced 10 @,@ 472 long tons ( 10 @,@ 640 t ). She was 414 feet long, had a beam of 34 feet, was deep draught of 30 feet, and displaced 13,400. Tons.

1875
 The S. S. H. R. J. E. C. J. E.",8.5,22.861," Erzherzog Ferdinand Max displaced 10 @,@ 472 long tons ( 10 @,@ 640 t ). She was 414 feet long and had a beam of 16 feet. She had 20 masts, two masts on each side and a single mizzen mast. Her speed was 12.5 knots. Her crew consisted of 1 first officer, 3 men-at-",0.0,16.956," Erzherzog Ferdinand Max displaced 10 @,@ 472 long tons ( 10 @,@ 640 t ). She was 414 feet ( 124 m ) long at the beam, with a beam width of 30 feet ( 9.1 m). The ship was powered by two funnels, two masts, two sets of funnels, two masts, two sets of funnels",0.0,24.607," Erzherzog Ferdinand Max displaced 10 @,@ 472 long tons ( 10 @,@ 640 t ). She was 414 feet long and had a beam of 73 feet. She had 20 masts, and her capacity of 13,400.8 tons ( 13,400.8 t ) meant that the vessel was the largest warship in the world afloat at the time.",0.0,20.021," Erzherzog Ferdinand Max displaced 10 @,@ 472 long tons ( 10 @,@ 640 t ). She was 414 feet long with a beam of 44 feet, a draft of 20 feet and gross register of 2,724. She had a max speed of 23.5 knots, a range of 9,000 nautical miles and a carrying capacity of 5,500",0.21,33.134," Erzherzog Ferdinand Max displaced 10 @,@ 472 long tons ( 10 @,@ 640 t ). She was 414 feet long ( 164.3 m ) and had a beam of 29 feet 7½ inches ( 8.75 m ). The ship had a GRT of 85,580 pounds ( 36,240 t) displaced. The hull was 96.9 % ABS",-1.28,54.896," Erzherzog Ferdinand Max displaced 10 @,@ 472 long tons ( 10 @,@ 640 t ). She was 414 feet long and had a beam of 52 feet. She had power supplied from 2 four-cylinder diesel engines, one each driving the propellers. The Ger- Thurgau weighted 9 teßig,@ 41 t and was 335 feet long;",0.596,33.167," Erzherzog Ferdinand Max displaced 10 @,@ 472 long tons ( 10 @,@ 640 t ). She was 414 feet long and had a beam of 16 feet. Two small boats made up her company. They were, respectively, the brig _Gloria_, and the cutter _Luzia_. Both were built up in the service of the Elector of"
Wiki_Academic,190,0.0,18.675,-0.113,28.199," Erzherzog Ferdinand Max carried a primary armament of four 24 @-@ centimeter ( 9 @.@ 4 in ) / 40 caliber ( 1 @.@ 4 in) machine guns and a number of smaller caliber guns and mortars. He also fitted a number of smaller caliber guns and mortars.

Mansfeld/Mansfeld-Flugzeug",0.0,31.011," Erzherzog Ferdinand Max carried a primary armament of four 24 @-@ centimeter ( 9 @.@ 4 in ) / 38 caliber machine guns. Two guns were mounted on his armored car and two others mounted on his limousine.
 A secondary gun was carried in the rear of his car.

The above information is based on my informal research.

",-0.338,24.263," Erzherzog Ferdinand Max carried a primary armament of four 24 @-@ centimeter ( 9 @.@ 4 in ) / 40 caliber ( 1 @.@ 4 in ) guns and four twin @.@ 4 in / 50 caliber ( 1 @.@ 4 in ) guns on his armored car, and a single 50 caliber/8 inch ( 1 @.@ 4",1.913,32.14," Erzherzog Ferdinand Max carried a primary armament of four 24 @-@ centimeter ( 9 @.@ 4 in ) / 20 mm cannons. One of these guns could be mounted on a mobile turret - the ""Ludwig"" turret - which was used to carry a 30 mm / 20 mm calibre cannon. One of these turrets was used by Erzherz",3.488,18.511," Erzherzog Ferdinand Max carried a primary armament of four 24 @-@ centimeter ( 9 @.@ 4 in ) / 40 caliber rifles, four twin 20.@ 4 inch / 40 caliber machine guns, two 20.@ 4 inch / 40 caliber twin machine guns, two 20.@ 4 inch / 40 caliber twin machine guns, six 20.@ 4 inch /",8.5,18.675, Erzherzog Ferdinand Max carried a primary armament of four 24 @-@ centimeter ( 9 @.@ 4 in ) / 38 caliber ( 3 @.@ 4 in ) / 18 caliber ( 2 @.@ 4 in ) / 8 caliber ( 1 @.@ 4 in ) /.30 caliber and a secondary armament of two 7.5 caliber ( 4 @,0.0,31.731," Erzherzog Ferdinand Max carried a primary armament of four 24 @-@ centimeter ( 9 @.@ 4 in ) / 40 caliber / 2 guns and two 18 mm ( 0.6 in ) / 40 caliber / 2 guns. This armoured train was built by Krupp and had a crew of 32 and an engine power of 30,000 lbs (13,000 kg",0.0,28.374, Erzherzog Ferdinand Max carried a primary armament of four 24 @-@ centimeter ( 9 @.@ 4 in ) / 40mm cannon (two on the upper wing tips and two on the lower wing tips) as well as two machine guns in the wings.     This was the first and last aircraft to be fitted with this armament; none were ever,0.0,35.86," Erzherzog Ferdinand Max carried a primary armament of four 24 @-@ centimeter ( 9 @.@ 4 in ) / 62.5 mm guns, the four-barrelled turrets of these guns being located in the center and rear of the turret; these guns were to be protected by four 45 cm (18"" / 45 cm ) autocannon that were to",0.0,67.85," Erzherzog Ferdinand Max carried a primary armament of four 24 @-@ centimeter ( 9 @.@ 4 in ) / 55 M40 machine guns.   The MG42 had less rounds and the rounds had a higher risk of jamming. The derp gunner thing with the selectable fire was kinda suspect though.
I highly doubt that entire team was armed",0.0,96.524," Erzherzog Ferdinand Max carried a primary armament of four 24 @-@ centimeter ( 9 @.@ 4 in ) / ( 5.5 @ 10 in ) guns capable of rapid reload. In its second operational deployment in 1943, a 70 mm ""PK ~ "" ( What is ) 50 caliber caliber twin machine gun was fitted, one with the twin breech mechanism using",-2.111,35.724," Erzherzog Ferdinand Max carried a primary armament of four 24 @-@ centimeter ( 9 @.@ 4 in ) / 38 caliber ( 3 @.@ 0 in ) guns. He had two others as backup as well.

The first six ships of the class were named after the German Emperor and were ordered in 1902/03 and completed in 1910. Their arm"
Wiki_Academic,191,0.0,15.408,-1.913,19.057," At the outbreak of World War I, Erzherzog Ferdinand Max was in the III division of the Austrian @-@ Hungarian battle @-@ army.
The division was assigned 4th Infantry Division.
With Erzherzog Ferdinand Max the division was under General von Bock and Erzherzog Ferdinand Max was General.
The division was fighting against Russian General",0.0,11.019," At the outbreak of World War I, Erzherzog Ferdinand Max was in the III division of the Austrian @-@ Hungarian battle @-@ army, who had a distinguished combat record. He was awarded the Iron Cross on April 26, 1916.

At the outbreak of World War I, Erzherzog Ferdinand Max was in the III division of the Austrian @-",-1.913,19.057," At the outbreak of World War I, Erzherzog Ferdinand Max was in the III division of the Austrian @-@ Hungarian battle @-@ army.
The division was assigned 4th Infantry Division.
With Erzherzog Ferdinand Max the division was under General von Bock and Erzherzog Ferdinand Max was General.
The division was fighting against Russian General",-1.238,8.767," At the outbreak of World War I, Erzherzog Ferdinand Max was in the III division of the Austrian @-@ Hungarian battle @-@ army. He was killed in action @-@ near Verdun @-@ near Verdun @-@ near Verdun @-@ near Verdun @-@ near Verdun @-@ near Verdun @-@ near Verd",2.588,16.824," At the outbreak of World War I, Erzherzog Ferdinand Max was in the III division of the Austrian @-@ Hungarian battle @-@ army. He was promoted to the 4th Division, and was a member of the 3 Division of the army. He was wounded multiple times, and died of wounds.

Erzherzog Max was born on Feb. 13",8.5,15.205," At the outbreak of World War I, Erzherzog Ferdinand Max was in the III division of the Austrian @-@ Hungarian battle @-@ army.

He was the son of Franz Ferdinand.

He was the leader of the Hungarian army and of the Hungarian-Austrian army.

He died fighting at the outbreak of World War I in the battle of the",0.0,18.055," At the outbreak of World War I, Erzherzog Ferdinand Max was in the III division of the Austrian @-@ Hungarian battle @-@. In one of the famous battles 4th Infantry Regiment of the @-@ Hungarians was in charge of a part of the @-@ trenches. As the @-@ trenches were so far from the @-@ enemy trenches and",0.0,10.539," At the outbreak of World War I, Erzherzog Ferdinand Max was in the III division of the Austrian @-@ Hungarian battle @-@ army, and was appointed commander of 4th @-@ infantry division, the # # # # # # # # # # # # # # # # # # # # # # # # # # # # # # # #",0.0,18.594," At the outbreak of World War I, Erzherzog Ferdinand Max was in the III division of the Austrian @-@ Hungarian battle @-@ army.
The battle of Trianon was a bloody and devastating conflict on the Hungarian border with Turkey.
The conflict came just two months after the signing of the Treaty of Trianon.
The war had a lasting effect on",0.0,50.581," At the outbreak of World War I, Erzherzog Ferdinand Max was in the III division of the Austrian @-@ Hungarian battle @ the peak. -Next leader of the confederated states of America@ first foreign policy achievement, the signing of the Treaty of Trianon, was an event by which the illegitimate King of Serbia was declared King of the newly rebuilt provisional United States",0.0,155.146," At the outbreak of World War I, Erzherzog Ferdinand Max was in the III division of the Austrian @-@ Hungarian battle @-@-@ #1 of the Third Army, Third Army really fantastic siege and salvage nursery of Herrnestald. He gave the regiment too many Mailmen assaulted? They gave their last Sendaschen ( War Postcards ) in the form",0.703,17.415," At the outbreak of World War I, Erzherzog Ferdinand Max was in the III division of the Austrian @-@ Hungarian battle @-@, he was wounded several times, captured, and sentenced to a death sentence. After 2 years in prison, he was deported to a concentration camp. He was liberated in June 1944, but was forced to leave his wife and children behind in"
Wiki_Academic,192,0.0,14.274,0.338,16.15," A major mutiny among crews of the armored cruisers stationed in Cattaro, including Sankt Georg and Kaiser Karl VI, began on 1 April 1940. A major mutiny began on 1 April 1940.

In the aftermath of the mutiny, a number of ships took part in the Battle of Cape Matapan (1–10 April), where they met the Italian submarines,",0.0,38.453," A major mutiny among crews of the armored cruisers stationed in Cattaro, including Sankt Georg and Kaiser Karl VI, began on 16 July 1940 shortly after midnight when the troops refused to continue to the island after the second battle of Taranto.",0.788,13.1," A major mutiny among crews of the armored cruisers stationed in Cattaro, including Sankt Georg and Kaiser Karl VI, began on 1 April 1940. A major mutiny began on 1 April 1940.

In the aftermath of the mutiny, a number of ships took part in the Battle of Cape Matapan (1–10 April 1940), including the Sankt Georg",1.463,17.334," A major mutiny among crews of the armored cruisers stationed in Cattaro, including Sankt Georg and Kaiser Karl VI, began on 18 June, when about 450 sailors and marines mutinied and entered the harbor of Cape Cattaro, in a protest against the handling of the vessel by the Imperial Navy.

The mutiny was immediately suppressed, and most of the sailors",4.163,18.855," A major mutiny among crews of the armored cruisers stationed in Cattaro, including Sankt Georg and Kaiser Karl VI, began on 9 April 1940. The mutineers demanded demobilization of the two cruisers, an overhaul of their machinery, a reduction of their size, as well as increased training on their combat readiness. One of their demands was the end of the """,8.5,14.274," A major mutiny among crews of the armored cruisers stationed in Cattaro, including Sankt Georg and Kaiser Karl VI, began on the morning of July 6, 1812. The mutiny was the most serious that the German Navy had faced since the Napoleonic Wars. The mutinous crews demanded that the admiralty dismiss the commanders (Admiral Karl Scharnhor",0.0,21.493," A major mutiny among crews of the armored cruisers stationed in Cattaro, including Sankt Georg and Kaiser Karl VI, began on 16 April 1940, leading to the loss of the two ships (which later would be converted for the Navy).

The German invasion of Poland had begun the previous June. As the war in Europe progressed and Germany's naval superiority eroded, the German",0.0,20.74," A major mutiny among crews of the armored cruisers stationed in Cattaro, including Sankt Georg and Kaiser Karl VI, began on the night of 1 October. On 2 October, the crews of the two ships revolted, with about 500 sailors of both ships involved. The mutinied crews of both cruisers attacked the heavily armed enemy, and they began to bombard the enemy",0.0,21.582," A major mutiny among crews of the armored cruisers stationed in Cattaro, including Sankt Georg and Kaiser Karl VI, began on the morning of 2 July, when the ships were ordered to sail to Minshull St.George at the mouth of the river Bure. The mutineers were led by SSG Karl Hagen (who later joined the SSG Karl",0.0,31.071," A major mutiny among crews of the armored cruisers stationed in Cattaro, including Sankt Georg and Kaiser Karl VI, began on the morning of October 16, when numerous crewmen mutinied in protest against the slow progress of the repairs. The crews of the four ships soon took the decision to begin to make a dash for Germany, soon after finding out that Norio Hi",0.0,31.149," A major mutiny among crews of the armored cruisers stationed in Cattaro, including Sankt Georg and Kaiser Karl VI, began on 26 October and continued through 9 November. In addition to the ship-to-ship and shore arming incident, two Russian naval gunners were also killed and five were wounded when two of their derring-do-like efforts to unmask the Germans",0.836,16.95," A major mutiny among crews of the armored cruisers stationed in Cattaro, including Sankt Georg and Kaiser Karl VI, began on 16 April 1940. Their captain, Rudolf Stumpf (1887–1972), was killed in the mutiny.

In June 1940, the Royal Navy sent a squadron of four cruisers and two destroyers, supported by submarines,"
Wiki_Academic,193,0.0,9.716,-3.938,5.944," Near the end of World War I, the Erzherzog Karl @-@ class battleships were handed over to the newly formed State of Jugoslawia.
>The State of Jugoslawia                                 ",0.0,12.553," Near the end of World War I, the Erzherzog Karl @-@ class battleships were handed over to the newly formed State of the Austro-Hungarian Navy. Starting in 1914, they conducted warships in the Black Sea, Mediterranean, Pacific, and Northern seas. In the early 20th century, the battleships were the most effective surface combatants in the world.",-3.938,5.944," Near the end of World War I, the Erzherzog Karl @-@ class battleships were handed over to the newly formed State of Jugoslawia.
>The State of Jugoslawia                                 ",3.25,14.839," Near the end of World War I, the Erzherzog Karl @-@ class battleships were handed over to the newly formed State of Croatia and entered service. Croatia was known for its heavy cruisers and dreadnoughts, and so it was that its heavy cruisers were given the same names as its heavy cruisers...",3.938,13.582," Near the end of World War I, the Erzherzog Karl @-@ class battleships were handed over to the newly formed State of Jugoslawia. The shipyard ""Dowvoda"" of Warsaw built them. The Erzherzog Karl was named ""Anielec"". It was armed with two main battery turrets, one of them was a",8.5,8.875," Near the end of World War I, the Erzherzog Karl @-@ class battleships were handed over to the newly formed State of the Austro-Hungarian Empire. The ships were part of the 7th Fleet, and part of the Austro-Hungarian navy. The ships are one of the most important battleships ever built in the Austro-Hungarian empire",0.0,10.958," Near the end of World War I, the Erzherzog Karl @-@ class battleships were handed over to the newly formed State of the Ottoman Empire, the Ottoman Navy, under the command of Osman Pasha. The first battlecruiser, the Karl @-@, entered service in 1918, and the Karl @-@ and Osman Pasha began to work as",0.0,12.247," Near the end of World War I, the Erzherzog Karl @-@ class battleships were handed over to the newly formed State of Croatia. They were taken over by the Croatian Navy and became part of the Croatian Navy's first active fleet, the Zagreb class (1) (1). The class was the first of a new generation of heavy cruisers, the first",0.0,16.168," Near the end of World War I, the Erzherzog Karl @-@ class battleships were handed over to the newly formed State of Croatia.
My Grandfather was a lieutenant in the Habsburg Navy. He fought on the Gora Uprising and later on the German side of the war.
A lot of men died at sea that day.
I can still",0.0,19.043," Near the end of World War I, the Erzherzog Karl @-@ class battleships were handed over to the newly formed State of Wien to act as the main warships of the Austro-Hungarian Navy. These warships were all constructed very similar to the British - Germany ship designs and these ships were often classed...

""FOR THE SAKE OF THE M",0.0,28.451," Near the end of World War I, the Erzherzog Karl @-@ class battleships were handed over to the newly formed State of Israel. Originally commissioned as destroyers, the (Egyptian-built) ships were retrofitted and fitted with more powerful cushioned boilers to redress the brewing imbalance.

GENERAL ACCESSIBILITY: The tour will pass several small",0.619,12.212," Near the end of World War I, the Erzherzog Karl @-@ class battleships were handed over to the newly formed State of the Netherlands, which renames them the Verenigde Staten Amerikaanse Vlaamsche Republiek (English: The State of the United States of America Repub. - the first instance of the US being referred to as"
Wiki_Academic,194,0.0,7.888,0.788,8.071," Ancient Egyptian deities are the gods and goddesses worshipped in ancient Egypt. The beliefs and rituals surrounding these gods formed the core of ancient Egyptian religion, and many aspects of their worship are still present today. Many aspects of Egyptian religion are still practiced today and remain part of Egyptian folklore.
The earliest form of Egyptian religion was a pantheistic worship of all the gods and goddesses. Many aspects",0.0,9.174," Ancient Egyptian deities are the gods and goddesses worshipped in ancient Egypt. The beliefs and rituals surrounding these gods formed the core of ancient Egyptian religion, and in addition to offering sacrifices to them, Egyptians believed that their lives would be enhanced if they were able to communicate with their gods on an ongoing basis. This belief was based on ritual communication between the god and the people. The god would send a",1.688,8.932," Ancient Egyptian deities are the gods and goddesses worshipped in ancient Egypt. The beliefs and rituals surrounding these gods formed the core of ancient Egyptian religion, and many aspects of their worship are still present in modern Egypt.

A popular myth dating from the Eighteenth Dynasty of Egypt is that of Set, a king of Upper Egypt (present-day Egypt). King Set was known for having a daughter",2.363,8.512," Ancient Egyptian deities are the gods and goddesses worshipped in ancient Egypt. The beliefs and rituals surrounding these gods formed the core of ancient Egyptian religion, as each deity was intimately associated with particular activities, ceremonies, and objects. One of the earliest Gods of Egypt was known by the name of Osiris. He was known by many names and titles, among them the God of the Dead, the God of",1.483,7.171," Ancient Egyptian deities are the gods and goddesses worshipped in ancient Egypt. The beliefs and rituals surrounding these gods formed the core of ancient Egyptian religion, which reached its peak during the New Kingdom, from about 1600 B.C.E. to 850 B.C.E.",8.5,9.155," Ancient Egyptian deities are the gods and goddesses worshipped in ancient Egypt. The beliefs and rituals surrounding these gods formed the core of ancient Egyptian religion, and many of the rituals still remain practiced today in the form of religious ceremonies. Egyptian gods and goddesses have often been portrayed as being associated with animal or plant life, and they were often depicted in various roles.

The earliest known god,",0.0,10.051," Ancient Egyptian deities are the gods and goddesses worshipped in ancient Egypt. The beliefs and rituals surrounding these gods formed the core of ancient Egyptian religion, and influenced all Egyptian religions. Egyptian religions, or Egyptian religions, are the religions of ancient Egyptian civilization. The term religious refers to the beliefs, rituals, ceremonies and practices of ancient Egyptian religion, and Egyptians often use the term religious for the entirety of",0.0,8.089," Ancient Egyptian deities are the gods and goddesses worshipped in ancient Egypt. The beliefs and rituals surrounding these gods formed the core of ancient Egyptian religion, which reached its peak during the Roman era, and was superseded by the Greco-Roman religion of Christianity.

The Egyptian pantheon is divided into the seven major deities ( Anubis, Bel, Maat, Nut, Ptah,",0.0,10.895," Ancient Egyptian deities are the gods and goddesses worshipped in ancient Egypt. The beliefs and rituals surrounding these gods formed the core of ancient Egyptian religion, not unlike the Hindu or Jain religions today.

Ancient Egyptian religion is divided into three branches of religion called the "" three domains of religion "" or "" the domains of religion ( 3 ) "", which are the "" three domains of religion ( 3",0.0,22.962," Ancient Egyptian deities are the gods and goddesses worshipped in ancient Egypt. The beliefs and rituals surrounding these gods formed the core of ancient Egyptian religion, but was separated from its worshippers during the second millennium B.C.E.

In the History of Egyptian Mythology,, anthropologist Merle Kraemer credits the "" Egyptian theory of emergence of new deities emerging from association with human gods",0.0,16.85," Ancient Egyptian deities are the gods and goddesses worshipped in ancient Egypt. The beliefs and rituals surrounding these gods formed the core of ancient Egyptian religion, and were considered to be their incarnation or spirit within the world, although they could... continue reading »

The fate of a city is a great concern to any conqueror, or holder of a world. It makes all the difference between success and",0.795,9.71," Ancient Egyptian deities are the gods and goddesses worshipped in ancient Egypt. The beliefs and rituals surrounding these gods formed the core of ancient Egyptian religion, and many of these practices can be found in the art of ancient Egypt. The ancient Egyptians saw Egyptian gods as ""mighty and powerful"", and the Egyptian pantheon was a collection of deities believed to ""protect and defend the people of Egypt"". Egyptian"
Wiki_Academic,195,0.0,19.275,-1.013,24.331," The gods'complex characteristics were expressed in myths and in intricate relationships between deities : family ties, loose groups and hierarchies, and combinations of separate gods.
The gods were a group of beings, with a variety of characteristics, who were thought to have formed the origin of humanity.
The gods were seen to have created the universe in which they lived, in accordance with a cosmic law which",0.0,26.874," The gods'complex characteristics were expressed in myths and in intricate relationships between deities : family ties, loose groups and hierarchies, and combinations of separate gods. In the case of Osiris, however, the relationship was far more complex. In ancient Egypt, no other gods were so deeply entwined as were Osiris and his wife Isis. In the vast underworld of the Giza pyramids and in",-1.013,24.331," The gods'complex characteristics were expressed in myths and in intricate relationships between deities : family ties, loose groups and hierarchies, and combinations of separate gods.
The gods were a group of beings, with a variety of characteristics, who were thought to have formed the origin of humanity.
The gods were seen to have created the universe in which they lived, in accordance with a cosmic law which",3.038,15.143," The gods'complex characteristics were expressed in myths and in intricate relationships between deities : family ties, loose groups and hierarchies, and combinations of separate individuals.

The gods were represented as individual deities or in a variety of polytheistic forms in a variety of polytheistic forms in a variety of polytheistic forms in a variety of polytheistic forms in a variety of polythe",3.713,20.092," The gods'complex characteristics were expressed in myths and in intricate relationships between deities : family ties, loose groups and hierarchies, and combinations of separate organizations. "" The Avesta, a collection of religious, philosophical, and psychological theories, was formed from an Avesta, a collection of religious, philosophical, and psychological theories, was formed from an Avesta, a collection of religious",8.5,19.275," The gods'complex characteristics were expressed in myths and in intricate relationships between deities : family ties, loose groups and hierarchies, and combinations of separate gods.

The gods were often depicted with human characteristics, usually to contrast with their supposed natural forms : sometimes gods were portrayed in human form.

The gods were often depicted with human characteristics, usually to contrast with their supposed natural forms :",0.0,27.669," The gods'complex characteristics were expressed in myths and in intricate relationships between deities : family ties, loose groups and hierarchies, and combinations of separate organizations. These groups and relationships were often expressed in terms of individuals, but the gods had a complex collective character that included the whole of the human race and the whole of the animal world. The gods were a part of the whole creation story and had",0.0,28.588," The gods'complex characteristics were expressed in myths and in intricate relationships between deities : family ties, loose groups and hierarchies, and combinations of separate deities. These gods tended to be impersonal, with an absence of personal characteristics, and their actions were often impersonal, typically in the name of a higher power. These gods also tended toward a lack of personal connection and a detachment from human lives",0.0,24.257," The gods'complex characteristics were expressed in myths and in intricate relationships between deities : family ties, loose groups and hierarchies, and combinations of separate deities.
The Avesta itself is considered the ""canonical"" text of Iranian religion.
 The Avesta has been classified by its form (Vedanta), not its content.
The Avesta has been classified by its",0.0,45.896," The gods'complex characteristics were expressed in myths and in intricate relationships between deities : family ties, loose groups and hierarchies, and combinations of separate deities. The religions that reflected these gods as they were addressed as father, son, leader or favourite were known as animistic. The religions of the Greeks and Romans called their divine personifications father, son, leader or favourite after their believed fundamental characteristics",0.0,112.01," The gods'complex characteristics were expressed in myths and in intricate relationships between deities : family ties, loose groups and hierarchies, and combinations of separate gods. Stories represent exalted ideals, and the materialica of gods, things, objects as well as images. 5

Despite this humanity with respect to the Gods continued, or rites were continued and indeed many revived the ancient rituals of certain Gods prescribed",0.11,27.846," The gods'complex characteristics were expressed in myths and in intricate relationships between deities : family ties, loose groups and hierarchies, and combinations of separate gods.

The early myths of Mesopotamia were the creation myths, which describe the creation of an early world and its first inhabitants. In the Genesis creation mythology the gods first appeared as beings, then transformed into creatures, and finally into people"
Wiki_Academic,196,0.0,11.921,-0.563,12.39," In different eras, various gods were said to hold the highest position in divine society, including the solar deity Ra, the mysterious god Amun, and the supreme god and ruler of Egypt Una.
The ancient Egyptians believed that Una, Ra, and Amun were three ""brothers"" who held the supreme position in ancient Egyptian society.
In ancient Egyptian mythology, Una was",0.0,19.475," In different eras, various gods were said to hold the highest position in divine society, including the solar deity Ra, the mysterious god Amun, and the god Isis. During the New Kingdom, the temple of Osiris became very popular. Osiris was worshipped as a sun god, but it seems that in modern times he is more popular as an evil spirit, maybe an enemy of Isis.

",-0.563,14.195," In different eras, various gods were said to hold the highest position in divine society, including the solar deity Ra, the mysterious god Amun, and the supreme god and ruler of Egypt Una.
The ancient Egyptians believed that Una, Ra, and Amun were three ""brothers"", which they considered the ultimate rulers of ancient Egypt.
In ancient Egyptian mythology, Una was",2.588,11.703," In different eras, various gods were said to hold the highest position in divine society, including the solar deity Ra, the mysterious god Amun, the goddess Isis and many others. One of these gods was known by the name of Osiris. He was known by many names, among them the god Nefertiti, the goddess Isis and many other names, among them the god Nefert",2.588,12.746," In different eras, various gods were said to hold the highest position in divine society, including the solar deity Ra, the mysterious god Amun, and the god of thunder, Zeus. Zeus, Ra, and Amun were all depicted as huge, muscular, handsome, muscular men. Zeus was often shown as having the body of an adult, while Ra, Amun, and other gods were",8.5,11.921," In different eras, various gods were said to hold the highest position in divine society, including the solar deity Ra, the mysterious god Amun, and the god-like Isis. The ancient Egyptian god Horus is considered to be the son of Isis and Osiris, and was the first pharaoh of the Third Intermediate Period. The god-king Horus is said to be the second most important god in",0.0,17.325," In different eras, various gods were said to hold the highest position in divine society, including the solar deity Ra, the mysterious god Amun, and the ever-popular Isis. The ancient Egyptian god Horus is also said to have claimed the top spot, and even though the facts surrounding his actual role are unclear, the story of this ancient god has fascinated people for thousands of years.

",0.0,17.213," In different eras, various gods were said to hold the highest position in divine society, including the solar deity Ra, the mysterious god Amun, and the god of war, warlord, and destruction, and ruler of humanity, Akhenaten. The role of Akhenaten as ruler is not well known, the story of this god of war and destruction, the most powerful deity ever to",0.0,12.432," In different eras, various gods were said to hold the highest position in divine society, including the solar deity Ra, the mysterious god Amun, and the god-like Egyptian pharaohs, the pharaoh being said to hold the position of supreme god. In some of these various mythologies, the god of the sun, Ra, was said to be the greatest and most powerful of all",-2.196,36.166," In different eras, various gods were said to hold the highest position in divine society, including the solar deity Ra, the mysterious god Amun, the moon God Ama, the sun God Halim, the red god Keratry and probably black one as well
 They may or may not be responsible for the foundation and perpetuation of the many societies that existed on earth over vast periods of",1.289,27.347," In different eras, various gods were said to hold the highest position in divine society, including the solar deity Ra, the mysterious god Amun, and maybe also Maat, goddess of fairness. The appearance of Maat was accompanied by zealotry among a cult of male devotees, and jealousy among the female devotees. Seven female devotees were killed in her army for refusing to worship",0.404,13.317," In different eras, various gods were said to hold the highest position in divine society, including the solar deity Ra, the mysterious god Amun, and the sun god Khonsu.

When a God was Unholy

When a god was considered unholy or unworthy of the divinity that had traditionally been ascribed to him, he was referred to as a djinn. In"
Wiki_Academic,197,0.0,12.327,-0.563,11.523," Gods were assumed to be present throughout the world, capable of influencing natural events and the course of human lives. People interacted with them in temples and shrines and gave sacrifices to them and to their representatives. They were considered to be a greater being than the gods of other cultures.

The term god has its origins in the Indo-European languages. The Indo-Europeans, who inhabited",0.0,12.837," Gods were assumed to be present throughout the world, capable of influencing natural events and the course of human lives. People interacted with them in temples and palaces and the gods were believed to be present on every aspect of daily life.

Gods were the only force that could control the weather and in the case of the Greek and Roman gods, the flow of the Nile and the flow of",-0.563,11.523," Gods were assumed to be present throughout the world, capable of influencing natural events and the course of human lives. People interacted with them in temples and shrines and gave sacrifices to them and to their representatives. They were considered to be a greater being than the gods of other cultures.

The term god has its origins in the Indo-European languages. The Indo-Europeans, who inhabited",2.138,11.47," Gods were assumed to be present throughout the world, capable of influencing natural events and the course of human lives. People interacted with them in temples and other holy places, as part of their daily lives. One of the earliest instances of recorded physical contact between humans and gods can be found in a stela from the 3rd century BCE found in a temple in the area of Delphi, Greece.",3.713,19.015," Gods were assumed to be present throughout the world, capable of influencing natural events and the course of human lives. People interacted with them in temples and shrines and gave them their prayers and offerings, which would be returned, along with blessings, through rituals. The rituals would also be designed to bring about certain physical or psychological changes. The religious, philosophical, and theological traditions of various peoples would generally",8.5,12.327," Gods were assumed to be present throughout the world, capable of influencing natural events and the course of human lives. People interacted with them in temples and palaces and the gods were thought to be omnipotent. They were considered to be the most important source of wisdom and knowledge. They were usually represented by a human-like figure, and in some cases they were a single figure. In other cases",0.0,14.889," Gods were assumed to be present throughout the world, capable of influencing natural events and the course of human lives. People interacted with them in temples and palaces and the gods were worshipped in temples, which were maintained by priests.

After falling under the control of the Khmer Empire ( 12th to 17th centuries BC ), these temples and palaces were replaced by temples to phallic-",0.0,15.568," Gods were assumed to be present throughout the world, capable of influencing natural events and the course of human lives. People interacted with them in temples and sacred spaces.

The early human culture had a deep respect for these gods, which was expressed through the form of ritualistic behaviour. This was most evident in the temple culture of India and in the temple architecture of China.

The early",0.0,16.517," Gods were assumed to be present throughout the world, capable of influencing natural events and the course of human lives. People interacted with them in temples and palaces and the belief in them continued for centuries until they were finally replaced with the science of natural philosophy, the science of natural philosophy claimed there is nothing mysterious about nature and there is nothing mysterious in the natural world. So in the natural philosophy there",0.701,25.694," Gods were assumed to be present throughout the world, capable of influencing natural events and the course of human lives. People interacted with them in temples and shrines and, together with the visions they gave of the future, it was a view of the personal relationship between gods and humanity that, influenced human beliefs. By the second millennium ad, gods were one-dimensional beings of variously undefined powers or",0.671,32.513," Gods were assumed to be present throughout the world, capable of influencing natural events and the course of human lives. People interacted with them in temples andFortresses. Over the years, many figures in all cultures came to be seen as supernatural entities, with power over humans, who sought their bring glory.

Legendary beasts such as boars and lions appear as both supernatural or mystical creatures. F",0.402,14.754," Gods were assumed to be present throughout the world, capable of influencing natural events and the course of human lives. People interacted with them in temples and palaces, and some even built great civilizations around the belief that the gods were real.

In fact, the gods were not so much powerful as they were omnipresent – always present in the world where they lived, and with free will to"
Wiki_Academic,198,0.0,14.293,0.113,16.538," The beings in ancient Egyptian tradition who might be labeled as deities are difficult to count. Egyptian texts list the names of many deities whose nature is unknown and are generally described as ""a supreme lord"" or ""a supreme god "". Some texts state that each deity is a separate lord and some texts state that each deity is a single god.

The exact number of Egyptian deities is difficult to determine",0.0,17.113," The beings in ancient Egyptian tradition who might be labeled as deities are difficult to count. Egyptian texts list the names of many deities whose nature is unknown to us today, such as the god of creation Ptah, the goddess of rebirth Ptahsen, the god of death and destruction, Seti, and Ptahmes, the god of the sky. The names of these beings are sometimes derived",0.113,16.538," The beings in ancient Egyptian tradition who might be labeled as deities are difficult to count. Egyptian texts list the names of many deities whose nature is unknown and are generally described as ""a supreme lord"" or ""a supreme god "". Some texts state that each deity is a separate lord and some texts state that each deity is a single god.

The exact number of Egyptian deities is difficult to determine",2.363,15.121," The beings in ancient Egyptian tradition who might be labeled as deities are difficult to count. Egyptian texts list the names of many deities whose nature is unknown, and many of these same texts describe them as spirits of the underworld. One of the earliest sources of recorded Egyptian religion is the Book of the Dead, a cycle of texts and songs from the tomb of the pharaoh Tutankhamen which was",1.913,17.375," The beings in ancient Egyptian tradition who might be labeled as deities are difficult to count. Egyptian texts list the names of many deities whose nature is unknown, and it has been noted that many lists of deities contain several entries which could not possibly be representative of one or several of the deities. However, it has been possible to identify some of the most important of the Egyptian pantheon, since they appear",8.5,12.432," The beings in ancient Egyptian tradition who might be labeled as deities are difficult to count. Egyptian texts list the names of many deities whose nature is unknown to us. In such cases, we can only rely on the descriptions of the gods given to us by later generations.

The earliest description of an Egyptian deity comes from an inscription on a sarcophagus in the Valley of the Kings. It",0.0,18.865," The beings in ancient Egyptian tradition who might be labeled as deities are difficult to count. Egyptian texts list the names of many deities whose nature is unknown. The first to appear is Horus, the younger of the two brothers of the god of the sun. Horus is also associated with the sun because of his birth as the sun. The first time that we might reasonably be able to talk of the existence",0.0,16.392," The beings in ancient Egyptian tradition who might be labeled as deities are difficult to count. Egyptian texts list the names of many deities whose nature is unknown to modern scientists.

The Ancient Egyptians are said to have worshipped many of these unknown deities. They were said to be ""spirits of nature"" who were represented by various animals, birds, and other animals. The Egyptians may have been familiar",0.0,15.088," The beings in ancient Egyptian tradition who might be labeled as deities are difficult to count. Egyptian texts list the names of many deities whose nature is unknown and/or who may appear in many forms. Many of these deities appear in the form of various animals.

A number of such deities appear in the form of crocodiles, including the crocodilian god Anubis. However, Anubis'",0.0,30.796," The beings in ancient Egyptian tradition who might be labeled as deities are difficult to count. Egyptian texts list the names of many deities whose nature is unknown, and some of these names are preserved in tablets found at the Karnak temple. One such name is Hetephyrema, whose representations can be found both in reliefs and in images.I unironically hate peaches
",0.0,46.966," The beings in ancient Egyptian tradition who might be labeled as deities are difficult to count. Egyptian texts list the names of many deities whose nature is unknown and their roles ambiguous : very often they depict male figures while the female influence is marginal, or their identities are not even mentioned. The word Asur (""priviledge"") appears in the second chapter of the book of Sihor ("" The Brotherhood",0.601,18.274," The beings in ancient Egyptian tradition who might be labeled as deities are difficult to count. Egyptian texts list the names of many deities whose nature is unknown to us. In addition, we cannot be sure that these names represent the same entities described by the Ancient Egyptians. The Egyptian concept of the godhead is also unclear—although their conception of the godhead is clearly defined.

The Egyptians believed"
Wiki_Academic,199,0.0,12.149,-0.459,30.153," The Egyptian language's terms for these beings were nṯr, "" god "", and its feminine form nṯrt, "" goddess. "" The first of these deities was Neshefht, the Egyptian version of Venus.

The second was   ("" ""), an "", who was sometimes called by her title of "" Lady of Gorgons "" or",0.0,13.136," The Egyptian language's terms for these beings were nṯr, "" god "", and its feminine form nṯrt, "" goddess "". The word "" nṯr "" is also the name of the Egyptian pharaoh Hatshepsut, the goddesses Hatshepsut, Akhetaten, Sekhmet and Khentjet, and the river nṯ",-0.459,30.153," The Egyptian language's terms for these beings were nṯr, "" god "", and its feminine form nṯrt, "" goddess. "" The first of these deities was Neshefht, the Egyptian version of Venus.

The second was   ("" ""), an "", who was sometimes called by her title of "" Lady of Gorgons "" or",3.077,18.56," The Egyptian language's terms for these beings were nṯr, "" god "", and its feminine form nṯrt, "" goddess "". The Hebrew alphabet has the same syllable for these same words, although more complicated sound values (sh, w, wf, wfh, wfh, wfh, wfh, wfh, wf",4.444,9.546," The Egyptian language's terms for these beings were nṯr, "" god "", and its feminine form nṯrt, "" goddess "". The term nṯr was also used as an alternative term for Isis, one of the major divinities of Egyptian religion. The term nṯrt was used as an alternative term for Osiris, one of the major divin",8.5,8.789," The Egyptian language's terms for these beings were nṯr, "" god "", and its feminine form nṯrt, "" goddess "". The word nṯr is also used as the feminine form of the word nṯrāya, which in turn is also used as the feminine form of the word nṯrāya, which in turn is used",0.0,14.32," The Egyptian language's terms for these beings were nṯr, "" god "", and its feminine form nṯrt, "" goddess "".

The Ancient Egyptians were not the first to call the gods "" gods "".

The word "" god "" was in fact a nickname for the "" god of the sun "" ( nṯr ), a god who was sometimes called",0.0,21.734," The Egyptian language's terms for these beings were nṯr, "" god "", and its feminine form nṯrt, "" goddess "", which were used for both sky gods (Nuht) and gods of the Nile River (Ish). The Egyptian nṯrt (Ish) was more commonly known as the "" queen "" of underworld, and was often",0.0,10.996," The Egyptian language's terms for these beings were nṯr, "" god "", and its feminine form nṯrt, "" goddess "". The word nṯrt is also used for the Egyptian goddess Bastet.

The term nṯrtis also used for Egyptian goddess Bastet.

nṯrtis

nṯrtt
",0.0,39.531," The Egyptian language's terms for these beings were nṯr, "" god "", and its feminine form nṯrt, "" woman "". It was adopted from the Biblical Hebrew ngrad ', for these same deities are described there as extremely powerful, and under their protection the Israelites would have a peaceful and well-proportioned life.

There are several trees",0.0,65.827," The Egyptian language's terms for these beings were nṯr, "" god "", and its feminine form nṯrt, "" goddess "". They were called Ra andhis_en Mother. While the male gods undertook various high priestlyflames, the goddesses presided over celestial childbirth [ 53 ]. Her role as mother suggests she is also associated with the heavensand heavenswere",0.53,20.577," The Egyptian language's terms for these beings were nṯr, "" god "", and its feminine form nṯrt, "" goddess "". In the original manuscript, though, he translates nṯrt as ""dark, spirit"", rather than goddess.

The name Nādrā, or Nādra, appears in the Sumerian record cuneiform."
Wiki_Academic,200,0.0,12.867,-1.627,15.654," The Egyptians distinguished nṯrw, "" gods "", from rmṯ, "" people "", but the meanings of the Egyptian and the Semitic terms are identical, and the Egyptian word is a compound of two words: nḯrw, "" gods "", and rmṯ, "" people "".

The Semitic term nʰrw, "" gods "",",0.0,19.98," The Egyptians distinguished nṯrw, "" gods "", from rmṯ, "" people "", but the meanings of the Egyptian and the Hebrew words are so close that the translators of the Hebrew Bible confused the two words. This confusion has been very irritating to the translators and also to the faithful who use the same word in different contexts, such as "" gods "" and "" people",-1.627,15.654," The Egyptians distinguished nṯrw, "" gods "", from rmṯ, "" people "", but the meanings of the Egyptian and the Semitic terms are identical, and the Egyptian word is a compound of two words: nḯrw, "" gods "", and rmṯ, "" people "".

The Semitic term nʰrw, "" gods "",",3.441,18.852," The Egyptians distinguished nṯrw, "" gods "", from rmṯ, "" people "", but the meanings of the Egyptian and the Aramaic words for ""God"" are not very clear. One possibility is that they were related to the Aramaic ""God"", but Egyptian ""God"" was much more powerful and so was used more. One possibility is that they were related to",3.761,19.084," The Egyptians distinguished nṯrw, "" gods "", from rmṯ, "" people "", but the meanings of the Egyptian and the Hebrew words for ""god"" are essentially synonymous. The term ""god"" was used as a synonym for ""wisdom "" and ""knowledge "" (Bible, Daniel 2:5, Hebrews 3:1, 2 Samuel 2:4",8.5,19.179," The Egyptians distinguished nṯrw, "" gods "", from rmṯ, "" people "", but the meanings of the Egyptian and the Semitic words differ. The Egyptian nṯrw is a deity, and is the name of a type of god, who is said to have been worshipped in ancient Egypt. The Semitic god is a composite deity, sometimes called ""the god",0.0,19.987," The Egyptians distinguished nṯrw, "" gods "", from rmṯ, "" people "", but the meanings of the Egyptian and the Semitic roots are identical. The Egyptian word for ""people"" has a different meaning than the word for ""god."" See also god. The word for ""people"" means ""those who belong to the group of living beings, whether animate or in",0.0,19.153," The Egyptians distinguished nṯrw, "" gods "", from rmṯ, "" people "", but the meanings of the Egyptian and the Hebrew words are the same.

, "", from, "", but the meanings of the Egyptian and the Hebrew words are the same. [8]

The Hebrew word חֹרִבִּיה",0.0,28.249," The Egyptians distinguished nṯrw, "" gods "", from rmṯ, "" people "", but the meanings of the Egyptian and the Hebrew words for God are very close and there is a hint that God could have had a human or a divine form, e.g. the word hrd (in the Hebrew word God) in the Hebrew language refers to the ""God-man",0.0,123.547," The Egyptians distinguished nṯrw, "" gods "", from rmṯ, "" people "", but the meanings of the Egyptian and the Hebrew are
quite similar. Egyptian ¡əln; that says
¡əluː, m

Ura dekan - Gods' Names.3... dekan ahon ma. Note that the goddess Ra and",0.0,25.657," The Egyptians distinguished nṯrw, "" gods "", from rmṯ, "" people "", but the meanings of the Egyptian and the Semitic words, the prime object of comparison between Aelian and the Egyptians, respectively, are covered up, on the one hand.

, "", from, "" "", but the meanings of the Egyptian and the Semitic words,",-0.996,17.976," The Egyptians distinguished nṯrw, "" gods "", from rmṯ, "" people "", but the meanings of the Egyptian and the Semitic terms are the same. Egyptians called the gods Apep, Horus, and Osiris, but sometimes the gods were called Apep, ""the Great "", or Horus, ""the Great "", or Osiris, ""the Great "", who was"
